cita_id,usuario_id,fecha,created_at,hora,metodo_pago,estado,servicio_id,servicio_nombre,servicio_categoria,servicio_precio,servicio_duracion,cliente_fecha_registro
4963,1261,2025-11-03 18:00:00,2025-09-30 18:00:00,17:00,TRANSFERENCIA,CANCELADA,5,Softgel natural,Uñas Softgel,300.0,1h 30min,2026-07-29 22:26:46.211062
4253,1241,2025-11-03 18:00:00,2025-10-13 18:00:00,15:00,TARJETA,CONFIRMADA,4,Polygel forma coffin ,Uñas polygel,400.0,2h 30min,2026-07-29 22:26:40.505203
3724,1288,2025-11-03 18:00:00,2025-10-27 18:00:00,13:00,TARJETA,CONFIRMADA,11,Pedicura spa clásica ,Pedicura spa,280.0,1h 30min,2026-07-29 22:26:53.465308
4562,1519,2025-11-03 18:00:00,2025-10-16 18:00:00,11:00,TARJETA,CANCELADA,10,Lash lifting clásico,Lash lifting,350.0,1h,2026-07-29 22:27:56.791372
3583,1416,2025-11-03 18:00:00,2025-10-28 18:00:00,09:00,TRANSFERENCIA,CONFIRMADA,3,Baño acrílico clásico,Baño de acrílico,200.0,1h,2026-07-29 22:27:28.464575
4196,1460,2025-11-03 18:00:00,2025-09-29 18:00:00,11:00,TRANSFERENCIA,CANCELADA,11,Pedicura spa clásica ,Pedicura spa,280.0,1h 30min,2026-07-29 22:27:40.267678
4377,1325,2025-11-03 18:00:00,2025-10-24 18:00:00,11:00,TRANSFERENCIA,CANCELADA,8,Uñas esculturales forma cuadrada,Uñas esculturales,350.0,2hrs,2026-07-29 22:27:03.395498
4973,,2025-11-03 18:00:00,2025-10-31 18:00:00,15:00,EFECTIVO,CANCELADA,2,Laminado de cejas básico,Laminado de cejas,270.0,1h,
3533,1494,2025-11-03 18:00:00,2025-09-29 18:00:00,17:00,TRANSFERENCIA,CONFIRMADA,8,Uñas esculturales forma cuadrada,Uñas esculturales,350.0,2hrs,2026-07-29 22:27:49.810746
4750,,2025-11-03 18:00:00,2025-10-30 18:00:00,09:00,TARJETA,CANCELADA,11,Pedicura spa clásica ,Pedicura spa,280.0,1h 30min,
3199,1417,2025-11-03 18:00:00,2025-10-14 18:00:00,13:00,TARJETA,CONFIRMADA,12,Pedicura macro clásica,Pedicura Macro,320.0,1h 30min,2026-07-29 22:27:28.732730
3695,1460,2025-11-03 18:00:00,2025-10-22 18:00:00,15:00,TARJETA,CONFIRMADA,9,Laminado + depilación,Laminado de cejas,380.0,1h 30min,2026-07-29 22:27:40.267678
5112,1424,2025-11-03 18:00:00,2025-10-06 18:00:00,17:00,TARJETA,CONFIRMADA,11,Pedicura spa clásica ,Pedicura spa,280.0,1h 30min,2026-07-29 22:27:30.658333
4200,1260,2025-11-04 18:00:00,2025-10-15 18:00:00,15:00,TRANSFERENCIA,CONFIRMADA,2,Laminado de cejas básico,Laminado de cejas,270.0,1h,2026-07-29 22:26:45.943932
3282,1468,2025-11-04 18:00:00,2025-10-15 18:00:00,11:00,TRANSFERENCIA,CONFIRMADA,10,Lash lifting clásico,Lash lifting,350.0,1h,2026-07-29 22:27:42.399971
4559,1307,2025-11-04 18:00:00,2025-10-16 18:00:00,15:00,TARJETA,CONFIRMADA,5,Softgel natural,Uñas Softgel,300.0,1h 30min,2026-07-29 22:26:58.540944
5106,1248,2025-11-05 18:00:00,2025-10-26 18:00:00,11:00,TARJETA,CONFIRMADA,12,Pedicura macro clásica,Pedicura Macro,320.0,1h 30min,2026-07-29 22:26:42.672551
4204,1264,2025-11-05 18:00:00,2025-10-20 18:00:00,15:00,TRANSFERENCIA,CONFIRMADA,4,Polygel forma coffin ,Uñas polygel,400.0,2h 30min,2026-07-29 22:26:47.011754
3972,1262,2025-11-05 18:00:00,2025-10-19 18:00:00,17:00,TARJETA,CONFIRMADA,10,Lash lifting clásico,Lash lifting,350.0,1h,2026-07-29 22:26:46.477301
4023,1506,2025-11-05 18:00:00,2025-10-18 18:00:00,11:00,TARJETA,CONFIRMADA,3,Baño acrílico clásico,Baño de acrílico,200.0,1h,2026-07-29 22:27:53.018622
4481,1379,2025-11-05 18:00:00,2025-10-25 18:00:00,09:00,TRANSFERENCIA,CANCELADA,5,Softgel natural,Uñas Softgel,300.0,1h 30min,2026-07-29 22:27:17.893997
4341,1470,2025-11-05 18:00:00,2025-10-29 18:00:00,11:00,TRANSFERENCIA,CONFIRMADA,10,Lash lifting clásico,Lash lifting,350.0,1h,2026-07-29 22:27:42.930393
4518,1344,2025-11-05 18:00:00,2025-10-26 18:00:00,13:00,TARJETA,CONFIRMADA,9,Laminado + depilación,Laminado de cejas,380.0,1h 30min,2026-07-29 22:27:08.477626
4878,1363,2025-11-05 18:00:00,2025-10-20 18:00:00,13:00,TRANSFERENCIA,CONFIRMADA,5,Softgel natural,Uñas Softgel,300.0,1h 30min,2026-07-29 22:27:13.553758
3539,1201,2025-11-05 18:00:00,2025-10-18 18:00:00,15:00,TARJETA,CONFIRMADA,3,Baño acrílico clásico,Baño de acrílico,200.0,1h,2026-07-29 22:26:29.808823
3555,1381,2025-11-05 18:00:00,2025-11-03 18:00:00,13:00,TRANSFERENCIA,CONFIRMADA,2,Laminado de cejas básico,Laminado de cejas,270.0,1h,2026-07-29 22:27:18.430437
4007,1230,2025-11-05 18:00:00,2025-11-04 18:00:00,15:00,TARJETA,CONFIRMADA,11,Pedicura spa clásica ,Pedicura spa,280.0,1h 30min,2026-07-29 22:26:37.565033
4287,1225,2025-11-05 18:00:00,2025-10-17 18:00:00,15:00,TRANSFERENCIA,CONFIRMADA,3,Baño acrílico clásico,Baño de acrílico,200.0,1h,2026-07-29 22:26:36.226527
3766,1452,2025-11-05 18:00:00,2025-10-11 18:00:00,15:00,TARJETA,CONFIRMADA,8,Uñas esculturales forma cuadrada,Uñas esculturales,350.0,2hrs,2026-07-29 22:27:38.130399
3783,1208,2025-11-05 18:00:00,2025-10-16 18:00:00,13:00,TARJETA,CONFIRMADA,3,Baño acrílico clásico,Baño de acrílico,200.0,1h,2026-07-29 22:26:31.681632
3431,1201,2025-11-05 18:00:00,2025-11-01 18:00:00,09:00,TRANSFERENCIA,CONFIRMADA,4,Polygel forma coffin ,Uñas polygel,400.0,2h 30min,2026-07-29 22:26:29.808823
3473,1279,2025-11-06 18:00:00,2025-11-04 18:00:00,09:00,TRANSFERENCIA,CANCELADA,9,Laminado + depilación,Laminado de cejas,380.0,1h 30min,2026-07-29 22:26:51.052359
4297,1514,2025-11-06 18:00:00,2025-11-04 18:00:00,13:00,TARJETA,CONFIRMADA,6,Uñas esculturales forma almendra ,Uñas esculturales,380.0,2 hrs,2026-07-29 22:27:55.154924
4773,1473,2025-11-06 18:00:00,2025-10-10 18:00:00,09:00,TARJETA,CONFIRMADA,6,Uñas esculturales forma almendra ,Uñas esculturales,380.0,2 hrs,2026-07-29 22:27:44.155196
4482,1283,2025-11-06 18:00:00,2025-10-06 18:00:00,11:00,TARJETA,CANCELADA,12,Pedicura macro clásica,Pedicura Macro,320.0,1h 30min,2026-07-29 22:26:52.128022
4621,1252,2025-11-06 18:00:00,2025-10-21 18:00:00,17:00,TARJETA,CONFIRMADA,12,Pedicura macro clásica,Pedicura Macro,320.0,1h 30min,2026-07-29 22:26:43.740640
3672,1313,2025-11-06 18:00:00,2025-10-30 18:00:00,11:00,TARJETA,CONFIRMADA,11,Pedicura spa clásica ,Pedicura spa,280.0,1h 30min,2026-07-29 22:27:00.191541
4443,1388,2025-11-07 18:00:00,2025-10-06 18:00:00,17:00,TRANSFERENCIA,CONFIRMADA,11,Pedicura spa clásica ,Pedicura spa,280.0,1h 30min,2026-07-29 22:27:20.302582
4079,1221,2025-11-07 18:00:00,2025-10-16 18:00:00,09:00,TARJETA,CONFIRMADA,13,Pedicura en seco básica,Pedicura en seco terminado spa,300.0,1h 15min,2026-07-29 22:26:35.157613
4318,1344,2025-11-07 18:00:00,2025-10-21 18:00:00,11:00,TRANSFERENCIA,CONFIRMADA,6,Uñas esculturales forma almendra ,Uñas esculturales,380.0,2 hrs,2026-07-29 22:27:08.477626
3964,1515,2025-11-07 18:00:00,2025-11-02 18:00:00,15:00,TARJETA,CONFIRMADA,12,Pedicura macro clásica,Pedicura Macro,320.0,1h 30min,2026-07-29 22:27:55.720694
4991,1452,2025-11-07 18:00:00,2025-10-27 18:00:00,15:00,TRANSFERENCIA,CONFIRMADA,6,Uñas esculturales forma almendra ,Uñas esculturales,380.0,2 hrs,2026-07-29 22:27:38.130399
3725,1347,2025-11-08 18:00:00,2025-10-21 18:00:00,17:00,TRANSFERENCIA,CONFIRMADA,3,Baño acrílico clásico,Baño de acrílico,200.0,1h,2026-07-29 22:27:09.280751
4450,1437,2025-11-08 18:00:00,2025-10-18 18:00:00,17:00,TRANSFERENCIA,CONFIRMADA,8,Uñas esculturales forma cuadrada,Uñas esculturales,350.0,2hrs,2026-07-29 22:27:34.129170
4388,1397,2025-11-08 18:00:00,2025-10-16 18:00:00,11:00,TARJETA,CANCELADA,8,Uñas esculturales forma cuadrada,Uñas esculturales,350.0,2hrs,2026-07-29 22:27:22.716820
3616,1205,2025-11-08 18:00:00,2025-10-29 18:00:00,13:00,TARJETA,CONFIRMADA,8,Uñas esculturales forma cuadrada,Uñas esculturales,350.0,2hrs,2026-07-29 22:26:30.878504
4152,,2025-11-08 18:00:00,2025-10-24 18:00:00,17:00,TARJETA,CONFIRMADA,12,Pedicura macro clásica,Pedicura Macro,320.0,1h 30min,
4339,1508,2025-11-08 18:00:00,2025-10-11 18:00:00,15:00,TRANSFERENCIA,CONFIRMADA,2,Laminado de cejas básico,Laminado de cejas,270.0,1h,2026-07-29 22:27:53.551629
5028,1287,2025-11-08 18:00:00,2025-10-04 18:00:00,09:00,TRANSFERENCIA,CONFIRMADA,12,Pedicura macro clásica,Pedicura Macro,320.0,1h 30min,2026-07-29 22:26:53.197711
4558,1449,2025-11-10 18:00:00,2025-10-10 18:00:00,09:00,TARJETA,CONFIRMADA,12,Pedicura macro clásica,Pedicura Macro,320.0,1h 30min,2026-07-29 22:27:37.334677
3173,1345,2025-11-10 18:00:00,2025-11-07 18:00:00,11:00,TARJETA,CONFIRMADA,3,Baño acrílico clásico,Baño de acrílico,200.0,1h,2026-07-29 22:27:08.742753
4502,1438,2025-11-10 18:00:00,2025-10-31 18:00:00,09:00,TRANSFERENCIA,CANCELADA,11,Pedicura spa clásica ,Pedicura spa,280.0,1h 30min,2026-07-29 22:27:34.395680
4314,,2025-11-10 18:00:00,2025-11-03 18:00:00,11:00,TARJETA,CONFIRMADA,10,Lash lifting clásico,Lash lifting,350.0,1h,
3742,1304,2025-11-10 18:00:00,2025-10-08 18:00:00,15:00,TARJETA,CONFIRMADA,12,Pedicura macro clásica,Pedicura Macro,320.0,1h 30min,2026-07-29 22:26:57.741506
4824,,2025-11-10 18:00:00,2025-11-06 18:00:00,09:00,EFECTIVO,CANCELADA,11,Pedicura spa clásica ,Pedicura spa,280.0,1h 30min,
4742,1209,2025-11-10 18:00:00,2025-11-08 18:00:00,17:00,TARJETA,CONFIRMADA,12,Pedicura macro clásica,Pedicura Macro,320.0,1h 30min,2026-07-29 22:26:31.949502
3573,1307,2025-11-10 18:00:00,2025-10-28 18:00:00,17:00,TARJETA,CANCELADA,12,Pedicura macro clásica,Pedicura Macro,320.0,1h 30min,2026-07-29 22:26:58.540944
4609,1399,2025-11-10 18:00:00,2025-10-26 18:00:00,09:00,TRANSFERENCIA,CANCELADA,8,Uñas esculturales forma cuadrada,Uñas esculturales,350.0,2hrs,2026-07-29 22:27:23.250454
4634,,2025-11-10 18:00:00,2025-10-08 18:00:00,15:00,TARJETA,CONFIRMADA,3,Baño acrílico clásico,Baño de acrílico,200.0,1h,
4643,1272,2025-11-10 18:00:00,2025-10-21 18:00:00,13:00,TRANSFERENCIA,CONFIRMADA,10,Lash lifting clásico,Lash lifting,350.0,1h,2026-07-29 22:26:49.179315
3332,1285,2025-11-10 18:00:00,2025-11-06 18:00:00,13:00,TRANSFERENCIA,CONFIRMADA,6,Uñas esculturales forma almendra ,Uñas esculturales,380.0,2 hrs,2026-07-29 22:26:52.662237
3174,1396,2025-11-10 18:00:00,2025-10-23 18:00:00,15:00,TARJETA,CANCELADA,6,Uñas esculturales forma almendra ,Uñas esculturales,380.0,2 hrs,2026-07-29 22:27:22.449818
3367,1384,2025-11-11 18:00:00,2025-11-11 18:00:00,13:00,TRANSFERENCIA,CONFIRMADA,5,Softgel natural,Uñas Softgel,300.0,1h 30min,2026-07-29 22:27:19.231557
3238,1500,2025-11-11 18:00:00,2025-11-08 18:00:00,09:00,TARJETA,CONFIRMADA,9,Laminado + depilación,Laminado de cejas,380.0,1h 30min,2026-07-29 22:27:51.407001
4625,1209,2025-11-11 18:00:00,2025-11-04 18:00:00,13:00,TARJETA,CONFIRMADA,10,Lash lifting clásico,Lash lifting,350.0,1h,2026-07-29 22:26:31.949502
4374,1502,2025-11-11 18:00:00,2025-10-14 18:00:00,09:00,TARJETA,CONFIRMADA,13,Pedicura en seco básica,Pedicura en seco terminado spa,300.0,1h 15min,2026-07-29 22:27:51.952397
4243,1330,2025-11-11 18:00:00,2025-10-25 18:00:00,09:00,TARJETA,CONFIRMADA,2,Laminado de cejas básico,Laminado de cejas,270.0,1h,2026-07-29 22:27:04.728757
3765,1424,2025-11-11 18:00:00,2025-10-31 18:00:00,13:00,TARJETA,CONFIRMADA,9,Laminado + depilación,Laminado de cejas,380.0,1h 30min,2026-07-29 22:27:30.658333
4397,1502,2025-11-11 18:00:00,2025-11-05 18:00:00,13:00,TARJETA,CONFIRMADA,13,Pedicura en seco básica,Pedicura en seco terminado spa,300.0,1h 15min,2026-07-29 22:27:51.952397
4797,1430,2025-11-11 18:00:00,2025-10-29 18:00:00,15:00,TRANSFERENCIA,CONFIRMADA,4,Polygel forma coffin ,Uñas polygel,400.0,2h 30min,2026-07-29 22:27:32.260905
3390,1404,2025-11-11 18:00:00,2025-10-12 18:00:00,15:00,TRANSFERENCIA,CONFIRMADA,8,Uñas esculturales forma cuadrada,Uñas esculturales,350.0,2hrs,2026-07-29 22:27:24.579439
4551,1373,2025-11-11 18:00:00,2025-11-05 18:00:00,09:00,TRANSFERENCIA,CANCELADA,8,Uñas esculturales forma cuadrada,Uñas esculturales,350.0,2hrs,2026-07-29 22:27:16.281370
4485,1356,2025-11-12 18:00:00,2025-10-17 18:00:00,13:00,TARJETA,CONFIRMADA,11,Pedicura spa clásica ,Pedicura spa,280.0,1h 30min,2026-07-29 22:27:11.683633
3423,,2025-11-12 18:00:00,2025-10-21 18:00:00,11:00,EFECTIVO,CONFIRMADA,3,Baño acrílico clásico,Baño de acrílico,200.0,1h,
3837,1444,2025-11-12 18:00:00,2025-10-17 18:00:00,09:00,TARJETA,CANCELADA,2,Laminado de cejas básico,Laminado de cejas,270.0,1h,2026-07-29 22:27:35.997836
3635,1326,2025-11-12 18:00:00,2025-11-01 18:00:00,11:00,TARJETA,CONFIRMADA,13,Pedicura en seco básica,Pedicura en seco terminado spa,300.0,1h 15min,2026-07-29 22:27:03.662696
4876,1335,2025-11-12 18:00:00,2025-11-12 18:00:00,11:00,TRANSFERENCIA,CONFIRMADA,6,Uñas esculturales forma almendra ,Uñas esculturales,380.0,2 hrs,2026-07-29 22:27:06.070151
4000,1310,2025-11-12 18:00:00,2025-10-14 18:00:00,17:00,TARJETA,CONFIRMADA,11,Pedicura spa clásica ,Pedicura spa,280.0,1h 30min,2026-07-29 22:26:59.392211
3322,1394,2025-11-12 18:00:00,2025-10-09 18:00:00,17:00,TRANSFERENCIA,CONFIRMADA,4,Polygel forma coffin ,Uñas polygel,400.0,2h 30min,2026-07-29 22:27:21.916669
4006,1220,2025-11-12 18:00:00,2025-10-22 18:00:00,17:00,TRANSFERENCIA,CONFIRMADA,12,Pedicura macro clásica,Pedicura Macro,320.0,1h 30min,2026-07-29 22:26:34.891352
3302,1300,2025-11-13 18:00:00,2025-10-13 18:00:00,15:00,TRANSFERENCIA,CONFIRMADA,11,Pedicura spa clásica ,Pedicura spa,280.0,1h 30min,2026-07-29 22:26:56.671380
3464,1396,2025-11-13 18:00:00,2025-10-14 18:00:00,13:00,TARJETA,CONFIRMADA,4,Polygel forma coffin ,Uñas polygel,400.0,2h 30min,2026-07-29 22:27:22.449818
4821,1465,2025-11-14 18:00:00,2025-11-11 18:00:00,17:00,TRANSFERENCIA,CANCELADA,3,Baño acrílico clásico,Baño de acrílico,200.0,1h,2026-07-29 22:27:41.600021
4494,1354,2025-11-14 18:00:00,2025-10-15 18:00:00,09:00,TRANSFERENCIA,CONFIRMADA,11,Pedicura spa clásica ,Pedicura spa,280.0,1h 30min,2026-07-29 22:27:11.150947
3351,1312,2025-11-14 18:00:00,2025-10-22 18:00:00,15:00,TARJETA,CANCELADA,4,Polygel forma coffin ,Uñas polygel,400.0,2h 30min,2026-07-29 22:26:59.924427
3288,1513,2025-11-14 18:00:00,2025-10-14 18:00:00,17:00,TARJETA,CONFIRMADA,11,Pedicura spa clásica ,Pedicura spa,280.0,1h 30min,2026-07-29 22:27:54.882069
3952,1501,2025-11-14 18:00:00,2025-11-06 18:00:00,13:00,TARJETA,CANCELADA,6,Uñas esculturales forma almendra ,Uñas esculturales,380.0,2 hrs,2026-07-29 22:27:51.677327
3778,1280,2025-11-14 18:00:00,2025-11-04 18:00:00,13:00,TARJETA,CONFIRMADA,3,Baño acrílico clásico,Baño de acrílico,200.0,1h,2026-07-29 22:26:51.319857
3774,1430,2025-11-14 18:00:00,2025-10-28 18:00:00,13:00,TARJETA,CONFIRMADA,10,Lash lifting clásico,Lash lifting,350.0,1h,2026-07-29 22:27:32.260905
4139,1496,2025-11-14 18:00:00,2025-11-07 18:00:00,15:00,TRANSFERENCIA,CONFIRMADA,8,Uñas esculturales forma cuadrada,Uñas esculturales,350.0,2hrs,2026-07-29 22:27:50.342204
3691,1517,2025-11-14 18:00:00,2025-10-27 18:00:00,11:00,TARJETA,CONFIRMADA,5,Softgel natural,Uñas Softgel,300.0,1h 30min,2026-07-29 22:27:56.255876
5063,1225,2025-11-14 18:00:00,2025-11-04 18:00:00,13:00,TARJETA,CONFIRMADA,12,Pedicura macro clásica,Pedicura Macro,320.0,1h 30min,2026-07-29 22:26:36.226527
4445,1509,2025-11-14 18:00:00,2025-11-14 18:00:00,13:00,TARJETA,CONFIRMADA,8,Uñas esculturales forma cuadrada,Uñas esculturales,350.0,2hrs,2026-07-29 22:27:53.817578
4948,1452,2025-11-14 18:00:00,2025-10-30 18:00:00,09:00,TARJETA,CONFIRMADA,12,Pedicura macro clásica,Pedicura Macro,320.0,1h 30min,2026-07-29 22:27:38.130399
4744,1428,2025-11-15 18:00:00,2025-10-29 18:00:00,15:00,TRANSFERENCIA,CANCELADA,12,Pedicura macro clásica,Pedicura Macro,320.0,1h 30min,2026-07-29 22:27:31.726865
3313,1224,2025-11-15 18:00:00,2025-10-30 18:00:00,17:00,TRANSFERENCIA,CONFIRMADA,4,Polygel forma coffin ,Uñas polygel,400.0,2h 30min,2026-07-29 22:26:35.960494
3340,1274,2025-11-15 18:00:00,2025-11-09 18:00:00,15:00,TARJETA,CONFIRMADA,3,Baño acrílico clásico,Baño de acrílico,200.0,1h,2026-07-29 22:26:49.715855
4642,1441,2025-11-15 18:00:00,2025-10-21 18:00:00,09:00,TARJETA,CONFIRMADA,12,Pedicura macro clásica,Pedicura Macro,320.0,1h 30min,2026-07-29 22:27:35.199248
3967,1491,2025-11-15 18:00:00,2025-10-31 18:00:00,13:00,TARJETA,CONFIRMADA,13,Pedicura en seco básica,Pedicura en seco terminado spa,300.0,1h 15min,2026-07-29 22:27:49.008770
3514,1312,2025-11-15 18:00:00,2025-10-23 18:00:00,15:00,TARJETA,CONFIRMADA,9,Laminado + depilación,Laminado de cejas,380.0,1h 30min,2026-07-29 22:26:59.924427
3454,1264,2025-11-15 18:00:00,2025-10-23 18:00:00,11:00,TARJETA,CONFIRMADA,2,Laminado de cejas básico,Laminado de cejas,270.0,1h,2026-07-29 22:26:47.011754
4591,1509,2025-11-15 18:00:00,2025-11-05 18:00:00,11:00,TARJETA,CONFIRMADA,11,Pedicura spa clásica ,Pedicura spa,280.0,1h 30min,2026-07-29 22:27:53.817578
4969,,2025-11-15 18:00:00,2025-10-14 18:00:00,11:00,TARJETA,CANCELADA,4,Polygel forma coffin ,Uñas polygel,400.0,2h 30min,
3175,1360,2025-11-17 18:00:00,2025-11-14 18:00:00,13:00,TARJETA,CONFIRMADA,5,Softgel natural,Uñas Softgel,300.0,1h 30min,2026-07-29 22:27:12.753768
4115,1512,2025-11-17 18:00:00,2025-11-16 18:00:00,17:00,TARJETA,CONFIRMADA,4,Polygel forma coffin ,Uñas polygel,400.0,2h 30min,2026-07-29 22:27:54.616307
5140,1269,2025-11-17 18:00:00,2025-10-16 18:00:00,13:00,TARJETA,CANCELADA,13,Pedicura en seco básica,Pedicura en seco terminado spa,300.0,1h 15min,2026-07-29 22:26:48.375997
5123,1345,2025-11-17 18:00:00,2025-11-04 18:00:00,15:00,TRANSFERENCIA,CANCELADA,5,Softgel natural,Uñas Softgel,300.0,1h 30min,2026-07-29 22:27:08.742753
4598,1284,2025-11-17 18:00:00,2025-10-21 18:00:00,15:00,TARJETA,CONFIRMADA,6,Uñas esculturales forma almendra ,Uñas esculturales,380.0,2 hrs,2026-07-29 22:26:52.394271
4333,1336,2025-11-17 18:00:00,2025-11-01 18:00:00,15:00,TRANSFERENCIA,CANCELADA,6,Uñas esculturales forma almendra ,Uñas esculturales,380.0,2 hrs,2026-07-29 22:27:06.335638
3998,1273,2025-11-17 18:00:00,2025-10-17 18:00:00,11:00,TARJETA,CONFIRMADA,10,Lash lifting clásico,Lash lifting,350.0,1h,2026-07-29 22:26:49.446252
4391,1454,2025-11-17 18:00:00,2025-10-25 18:00:00,11:00,TARJETA,CONFIRMADA,12,Pedicura macro clásica,Pedicura Macro,320.0,1h 30min,2026-07-29 22:27:38.663229
3204,,2025-11-17 18:00:00,2025-11-13 18:00:00,09:00,TARJETA,CONFIRMADA,12,Pedicura macro clásica,Pedicura Macro,320.0,1h 30min,
3385,1416,2025-11-17 18:00:00,2025-11-12 18:00:00,17:00,TARJETA,CONFIRMADA,10,Lash lifting clásico,Lash lifting,350.0,1h,2026-07-29 22:27:28.464575
3219,1317,2025-11-17 18:00:00,2025-10-22 18:00:00,11:00,TARJETA,CONFIRMADA,8,Uñas esculturales forma cuadrada,Uñas esculturales,350.0,2hrs,2026-07-29 22:27:01.258547
4672,,2025-11-17 18:00:00,2025-11-04 18:00:00,17:00,EFECTIVO,CANCELADA,10,Lash lifting clásico,Lash lifting,350.0,1h,
4483,1299,2025-11-17 18:00:00,2025-10-22 18:00:00,09:00,TARJETA,CANCELADA,13,Pedicura en seco básica,Pedicura en seco terminado spa,300.0,1h 15min,2026-07-29 22:26:56.403473
3842,1429,2025-11-17 18:00:00,2025-11-17 18:00:00,13:00,TARJETA,CONFIRMADA,11,Pedicura spa clásica ,Pedicura spa,280.0,1h 30min,2026-07-29 22:27:31.992973
4943,1314,2025-11-17 18:00:00,2025-11-07 18:00:00,13:00,TARJETA,CONFIRMADA,10,Lash lifting clásico,Lash lifting,350.0,1h,2026-07-29 22:27:00.458578
3361,1392,2025-11-17 18:00:00,2025-11-03 18:00:00,09:00,TARJETA,CANCELADA,11,Pedicura spa clásica ,Pedicura spa,280.0,1h 30min,2026-07-29 22:27:21.369299
4094,1436,2025-11-17 18:00:00,2025-10-19 18:00:00,11:00,TRANSFERENCIA,CONFIRMADA,9,Laminado + depilación,Laminado de cejas,380.0,1h 30min,2026-07-29 22:27:33.862702
4757,1334,2025-11-17 18:00:00,2025-11-01 18:00:00,13:00,TARJETA,CONFIRMADA,2,Laminado de cejas básico,Laminado de cejas,270.0,1h,2026-07-29 22:27:05.801696
4648,1496,2025-11-17 18:00:00,2025-10-22 18:00:00,09:00,TRANSFERENCIA,CONFIRMADA,3,Baño acrílico clásico,Baño de acrílico,200.0,1h,2026-07-29 22:27:50.342204
3586,1218,2025-11-18 18:00:00,2025-10-26 18:00:00,17:00,TARJETA,CANCELADA,10,Lash lifting clásico,Lash lifting,350.0,1h,2026-07-29 22:26:34.360426
4316,1502,2025-11-18 18:00:00,2025-10-21 18:00:00,09:00,TARJETA,CONFIRMADA,11,Pedicura spa clásica ,Pedicura spa,280.0,1h 30min,2026-07-29 22:27:51.952397
4894,1283,2025-11-18 18:00:00,2025-10-23 18:00:00,11:00,TARJETA,CONFIRMADA,10,Lash lifting clásico,Lash lifting,350.0,1h,2026-07-29 22:26:52.128022
3897,1508,2025-11-18 18:00:00,2025-11-11 18:00:00,13:00,TRANSFERENCIA,CONFIRMADA,4,Polygel forma coffin ,Uñas polygel,400.0,2h 30min,2026-07-29 22:27:53.551629
4032,1280,2025-11-18 18:00:00,2025-11-02 18:00:00,09:00,TARJETA,CONFIRMADA,8,Uñas esculturales forma cuadrada,Uñas esculturales,350.0,2hrs,2026-07-29 22:26:51.319857
3235,1246,2025-11-18 18:00:00,2025-10-24 18:00:00,15:00,TARJETA,CANCELADA,4,Polygel forma coffin ,Uñas polygel,400.0,2h 30min,2026-07-29 22:26:42.137262
3830,1315,2025-11-19 18:00:00,2025-10-25 18:00:00,17:00,TARJETA,CONFIRMADA,8,Uñas esculturales forma cuadrada,Uñas esculturales,350.0,2hrs,2026-07-29 22:27:00.724138
3847,1415,2025-11-19 18:00:00,2025-11-12 18:00:00,09:00,TRANSFERENCIA,CONFIRMADA,6,Uñas esculturales forma almendra ,Uñas esculturales,380.0,2 hrs,2026-07-29 22:27:28.197749
4337,,2025-11-19 18:00:00,2025-10-29 18:00:00,09:00,EFECTIVO,CONFIRMADA,5,Softgel natural,Uñas Softgel,300.0,1h 30min,
4593,1406,2025-11-19 18:00:00,2025-11-19 18:00:00,17:00,TARJETA,CANCELADA,6,Uñas esculturales forma almendra ,Uñas esculturales,380.0,2 hrs,2026-07-29 22:27:25.113599
3926,1486,2025-11-19 18:00:00,2025-11-03 18:00:00,11:00,TRANSFERENCIA,CANCELADA,3,Baño acrílico clásico,Baño de acrílico,200.0,1h,2026-07-29 22:27:47.670694
3885,1225,2025-11-20 18:00:00,2025-10-25 18:00:00,17:00,TRANSFERENCIA,CONFIRMADA,9,Laminado + depilación,Laminado de cejas,380.0,1h 30min,2026-07-29 22:26:36.226527
4157,1251,2025-11-20 18:00:00,2025-11-01 18:00:00,13:00,TARJETA,CONFIRMADA,4,Polygel forma coffin ,Uñas polygel,400.0,2h 30min,2026-07-29 22:26:43.473866
5150,1398,2025-11-20 18:00:00,2025-10-18 18:00:00,15:00,TARJETA,CONFIRMADA,13,Pedicura en seco básica,Pedicura en seco terminado spa,300.0,1h 15min,2026-07-29 22:27:22.985016
3482,1250,2025-11-20 18:00:00,2025-10-30 18:00:00,13:00,TARJETA,CONFIRMADA,5,Softgel natural,Uñas Softgel,300.0,1h 30min,2026-07-29 22:26:43.205503
5108,1472,2025-11-20 18:00:00,2025-11-15 18:00:00,17:00,TRANSFERENCIA,CONFIRMADA,11,Pedicura spa clásica ,Pedicura spa,280.0,1h 30min,2026-07-29 22:27:43.836124
4291,1216,2025-11-20 18:00:00,2025-11-19 18:00:00,17:00,TRANSFERENCIA,CANCELADA,12,Pedicura macro clásica,Pedicura Macro,320.0,1h 30min,2026-07-29 22:26:33.831042
5128,,2025-11-20 18:00:00,2025-10-26 18:00:00,09:00,EFECTIVO,CONFIRMADA,5,Softgel natural,Uñas Softgel,300.0,1h 30min,
4839,,2025-11-20 18:00:00,2025-10-22 18:00:00,17:00,EFECTIVO,CANCELADA,12,Pedicura macro clásica,Pedicura Macro,320.0,1h 30min,
3285,1460,2025-11-21 18:00:00,2025-11-11 18:00:00,13:00,TRANSFERENCIA,CANCELADA,2,Laminado de cejas básico,Laminado de cejas,270.0,1h,2026-07-29 22:27:40.267678
3655,1469,2025-11-21 18:00:00,2025-11-20 18:00:00,11:00,TRANSFERENCIA,CONFIRMADA,4,Polygel forma coffin ,Uñas polygel,400.0,2h 30min,2026-07-29 22:27:42.667831
4311,1513,2025-11-21 18:00:00,2025-10-23 18:00:00,13:00,TARJETA,CONFIRMADA,5,Softgel natural,Uñas Softgel,300.0,1h 30min,2026-07-29 22:27:54.882069
4426,1467,2025-11-21 18:00:00,2025-11-17 18:00:00,15:00,TRANSFERENCIA,CONFIRMADA,3,Baño acrílico clásico,Baño de acrílico,200.0,1h,2026-07-29 22:27:42.133697
4009,1215,2025-11-21 18:00:00,2025-11-05 18:00:00,09:00,TARJETA,CONFIRMADA,2,Laminado de cejas básico,Laminado de cejas,270.0,1h,2026-07-29 22:26:33.566158
4781,1496,2025-11-21 18:00:00,2025-10-24 18:00:00,15:00,TARJETA,CONFIRMADA,8,Uñas esculturales forma cuadrada,Uñas esculturales,350.0,2hrs,2026-07-29 22:27:50.342204
3949,1298,2025-11-21 18:00:00,2025-11-09 18:00:00,11:00,TARJETA,CONFIRMADA,12,Pedicura macro clásica,Pedicura Macro,320.0,1h 30min,2026-07-29 22:26:56.136434
3942,1434,2025-11-21 18:00:00,2025-11-13 18:00:00,17:00,TARJETA,CONFIRMADA,12,Pedicura macro clásica,Pedicura Macro,320.0,1h 30min,2026-07-29 22:27:33.329695
4549,1271,2025-11-21 18:00:00,2025-11-08 18:00:00,13:00,TRANSFERENCIA,CONFIRMADA,13,Pedicura en seco básica,Pedicura en seco terminado spa,300.0,1h 15min,2026-07-29 22:26:48.912738
3242,1299,2025-11-21 18:00:00,2025-11-17 18:00:00,13:00,TARJETA,CANCELADA,4,Polygel forma coffin ,Uñas polygel,400.0,2h 30min,2026-07-29 22:26:56.403473
4792,1214,2025-11-22 18:00:00,2025-11-14 18:00:00,11:00,TARJETA,CONFIRMADA,2,Laminado de cejas básico,Laminado de cejas,270.0,1h,2026-07-29 22:26:33.288219
4916,1238,2025-11-22 18:00:00,2025-11-11 18:00:00,15:00,TARJETA,CONFIRMADA,4,Polygel forma coffin ,Uñas polygel,400.0,2h 30min,2026-07-29 22:26:39.704665
4454,1375,2025-11-22 18:00:00,2025-11-06 18:00:00,17:00,TRANSFERENCIA,CONFIRMADA,3,Baño acrílico clásico,Baño de acrílico,200.0,1h,2026-07-29 22:27:16.813876
4170,1310,2025-11-22 18:00:00,2025-10-24 18:00:00,09:00,TARJETA,CONFIRMADA,13,Pedicura en seco básica,Pedicura en seco terminado spa,300.0,1h 15min,2026-07-29 22:26:59.392211
3668,1291,2025-11-22 18:00:00,2025-11-21 18:00:00,15:00,TRANSFERENCIA,CONFIRMADA,12,Pedicura macro clásica,Pedicura Macro,320.0,1h 30min,2026-07-29 22:26:54.263571
4184,1227,2025-11-22 18:00:00,2025-10-24 18:00:00,13:00,TARJETA,CONFIRMADA,3,Baño acrílico clásico,Baño de acrílico,200.0,1h,2026-07-29 22:26:36.761102
4150,1294,2025-11-22 18:00:00,2025-10-31 18:00:00,17:00,TRANSFERENCIA,CONFIRMADA,4,Polygel forma coffin ,Uñas polygel,400.0,2h 30min,2026-07-29 22:26:55.064639
4230,1445,2025-11-22 18:00:00,2025-11-20 18:00:00,13:00,TARJETA,CONFIRMADA,8,Uñas esculturales forma cuadrada,Uñas esculturales,350.0,2hrs,2026-07-29 22:27:36.264836
3244,1224,2025-11-22 18:00:00,2025-11-02 18:00:00,17:00,TARJETA,CONFIRMADA,5,Softgel natural,Uñas Softgel,300.0,1h 30min,2026-07-29 22:26:35.960494
3682,1373,2025-11-22 18:00:00,2025-10-28 18:00:00,09:00,TRANSFERENCIA,CANCELADA,13,Pedicura en seco básica,Pedicura en seco terminado spa,300.0,1h 15min,2026-07-29 22:27:16.281370
3321,1222,2025-11-22 18:00:00,2025-11-10 18:00:00,11:00,TRANSFERENCIA,CONFIRMADA,12,Pedicura macro clásica,Pedicura Macro,320.0,1h 30min,2026-07-29 22:26:35.424769
4829,1455,2025-11-24 18:00:00,2025-11-19 18:00:00,17:00,TRANSFERENCIA,CONFIRMADA,5,Softgel natural,Uñas Softgel,300.0,1h 30min,2026-07-29 22:27:38.929502
4987,1244,2025-11-24 18:00:00,2025-10-20 18:00:00,15:00,TARJETA,CONFIRMADA,8,Uñas esculturales forma cuadrada,Uñas esculturales,350.0,2hrs,2026-07-29 22:26:41.602259
4062,,2025-11-24 18:00:00,2025-11-17 18:00:00,17:00,EFECTIVO,CONFIRMADA,5,Softgel natural,Uñas Softgel,300.0,1h 30min,
3224,1255,2025-11-24 18:00:00,2025-11-06 18:00:00,17:00,TRANSFERENCIA,CONFIRMADA,12,Pedicura macro clásica,Pedicura Macro,320.0,1h 30min,2026-07-29 22:26:44.598657
3649,1226,2025-11-24 18:00:00,2025-11-24 18:00:00,13:00,TARJETA,CONFIRMADA,4,Polygel forma coffin ,Uñas polygel,400.0,2h 30min,2026-07-29 22:26:36.493948
4309,1400,2025-11-24 18:00:00,2025-11-04 18:00:00,13:00,TARJETA,CONFIRMADA,10,Lash lifting clásico,Lash lifting,350.0,1h,2026-07-29 22:27:23.516358
4505,1483,2025-11-24 18:00:00,2025-11-01 18:00:00,15:00,TARJETA,CANCELADA,10,Lash lifting clásico,Lash lifting,350.0,1h,2026-07-29 22:27:46.869138
3761,1518,2025-11-24 18:00:00,2025-10-27 18:00:00,15:00,TARJETA,CONFIRMADA,3,Baño acrílico clásico,Baño de acrílico,200.0,1h,2026-07-29 22:27:56.524304
3772,1460,2025-11-24 18:00:00,2025-10-27 18:00:00,09:00,TARJETA,CANCELADA,5,Softgel natural,Uñas Softgel,300.0,1h 30min,2026-07-29 22:27:40.267678
4926,1247,2025-11-24 18:00:00,2025-10-22 18:00:00,15:00,TARJETA,CONFIRMADA,3,Baño acrílico clásico,Baño de acrílico,200.0,1h,2026-07-29 22:26:42.404566
3853,1437,2025-11-24 18:00:00,2025-11-02 18:00:00,11:00,TRANSFERENCIA,CONFIRMADA,10,Lash lifting clásico,Lash lifting,350.0,1h,2026-07-29 22:27:34.129170
3306,1426,2025-11-24 18:00:00,2025-11-12 18:00:00,09:00,TRANSFERENCIA,CONFIRMADA,12,Pedicura macro clásica,Pedicura Macro,320.0,1h 30min,2026-07-29 22:27:31.191364
4484,1358,2025-11-24 18:00:00,2025-11-22 18:00:00,09:00,TARJETA,CONFIRMADA,9,Laminado + depilación,Laminado de cejas,380.0,1h 30min,2026-07-29 22:27:12.220366
4114,1343,2025-11-24 18:00:00,2025-11-10 18:00:00,15:00,TRANSFERENCIA,CONFIRMADA,11,Pedicura spa clásica ,Pedicura spa,280.0,1h 30min,2026-07-29 22:27:08.211214
3744,1335,2025-11-24 18:00:00,2025-11-01 18:00:00,15:00,TRANSFERENCIA,CONFIRMADA,9,Laminado + depilación,Laminado de cejas,380.0,1h 30min,2026-07-29 22:27:06.070151
4465,1212,2025-11-24 18:00:00,2025-11-18 18:00:00,13:00,TRANSFERENCIA,CANCELADA,10,Lash lifting clásico,Lash lifting,350.0,1h,2026-07-29 22:26:32.753583
3951,1210,2025-11-24 18:00:00,2025-10-26 18:00:00,15:00,TARJETA,CANCELADA,3,Baño acrílico clásico,Baño de acrílico,200.0,1h,2026-07-29 22:26:32.217561
3714,1511,2025-11-24 18:00:00,2025-11-03 18:00:00,13:00,TRANSFERENCIA,CONFIRMADA,12,Pedicura macro clásica,Pedicura Macro,320.0,1h 30min,2026-07-29 22:27:54.347746
3505,1493,2025-11-25 18:00:00,2025-11-18 18:00:00,17:00,TRANSFERENCIA,CONFIRMADA,6,Uñas esculturales forma almendra ,Uñas esculturales,380.0,2 hrs,2026-07-29 22:27:49.543315
4662,,2025-11-25 18:00:00,2025-10-26 18:00:00,15:00,EFECTIVO,CANCELADA,11,Pedicura spa clásica ,Pedicura spa,280.0,1h 30min,
5147,1215,2025-11-25 18:00:00,2025-11-13 18:00:00,09:00,TARJETA,CONFIRMADA,3,Baño acrílico clásico,Baño de acrílico,200.0,1h,2026-07-29 22:26:33.566158
3339,1365,2025-11-25 18:00:00,2025-11-21 18:00:00,13:00,TRANSFERENCIA,CONFIRMADA,8,Uñas esculturales forma cuadrada,Uñas esculturales,350.0,2hrs,2026-07-29 22:27:14.086840
4431,,2025-11-25 18:00:00,2025-11-11 18:00:00,11:00,EFECTIVO,CANCELADA,6,Uñas esculturales forma almendra ,Uñas esculturales,380.0,2 hrs,
3782,1204,2025-11-25 18:00:00,2025-11-22 18:00:00,11:00,TRANSFERENCIA,CONFIRMADA,9,Laminado + depilación,Laminado de cejas,380.0,1h 30min,2026-07-29 22:26:30.611432
3486,1225,2025-11-26 18:00:00,2025-11-05 18:00:00,11:00,TARJETA,CONFIRMADA,8,Uñas esculturales forma cuadrada,Uñas esculturales,350.0,2hrs,2026-07-29 22:26:36.226527
4831,1440,2025-11-26 18:00:00,2025-11-24 18:00:00,15:00,TARJETA,CONFIRMADA,9,Laminado + depilación,Laminado de cejas,380.0,1h 30min,2026-07-29 22:27:34.930767
4040,,2025-11-26 18:00:00,2025-11-25 18:00:00,15:00,EFECTIVO,CONFIRMADA,9,Laminado + depilación,Laminado de cejas,380.0,1h 30min,
3527,1347,2025-11-26 18:00:00,2025-11-07 18:00:00,15:00,TARJETA,CONFIRMADA,4,Polygel forma coffin ,Uñas polygel,400.0,2h 30min,2026-07-29 22:27:09.280751
4378,1441,2025-11-26 18:00:00,2025-11-23 18:00:00,11:00,TARJETA,CONFIRMADA,12,Pedicura macro clásica,Pedicura Macro,320.0,1h 30min,2026-07-29 22:27:35.199248
3993,1417,2025-11-26 18:00:00,2025-11-12 18:00:00,09:00,TARJETA,CONFIRMADA,10,Lash lifting clásico,Lash lifting,350.0,1h,2026-07-29 22:27:28.732730
4945,1315,2025-11-26 18:00:00,2025-11-12 18:00:00,13:00,TARJETA,CONFIRMADA,11,Pedicura spa clásica ,Pedicura spa,280.0,1h 30min,2026-07-29 22:27:00.724138
4533,,2025-11-26 18:00:00,2025-11-25 18:00:00,17:00,EFECTIVO,CONFIRMADA,2,Laminado de cejas básico,Laminado de cejas,270.0,1h,
3420,1454,2025-11-26 18:00:00,2025-11-26 18:00:00,17:00,TARJETA,CONFIRMADA,9,Laminado + depilación,Laminado de cejas,380.0,1h 30min,2026-07-29 22:27:38.663229
4166,1392,2025-11-27 18:00:00,2025-11-21 18:00:00,11:00,TARJETA,CONFIRMADA,13,Pedicura en seco básica,Pedicura en seco terminado spa,300.0,1h 15min,2026-07-29 22:27:21.369299
4077,1476,2025-11-27 18:00:00,2025-11-17 18:00:00,17:00,TRANSFERENCIA,CONFIRMADA,4,Polygel forma coffin ,Uñas polygel,400.0,2h 30min,2026-07-29 22:27:45.001007
4825,1437,2025-11-27 18:00:00,2025-11-13 18:00:00,11:00,TRANSFERENCIA,CONFIRMADA,11,Pedicura spa clásica ,Pedicura spa,280.0,1h 30min,2026-07-29 22:27:34.129170
4276,1453,2025-11-27 18:00:00,2025-11-19 18:00:00,15:00,TARJETA,CONFIRMADA,11,Pedicura spa clásica ,Pedicura spa,280.0,1h 30min,2026-07-29 22:27:38.395478
3974,1222,2025-11-27 18:00:00,2025-11-20 18:00:00,15:00,TRANSFERENCIA,CONFIRMADA,12,Pedicura macro clásica,Pedicura Macro,320.0,1h 30min,2026-07-29 22:26:35.424769
5094,1292,2025-11-27 18:00:00,2025-10-24 18:00:00,17:00,TRANSFERENCIA,CONFIRMADA,13,Pedicura en seco básica,Pedicura en seco terminado spa,300.0,1h 15min,2026-07-29 22:26:54.530407
5064,1496,2025-11-28 18:00:00,2025-11-13 18:00:00,11:00,TARJETA,CONFIRMADA,13,Pedicura en seco básica,Pedicura en seco terminado spa,300.0,1h 15min,2026-07-29 22:27:50.342204
4131,1307,2025-11-28 18:00:00,2025-11-25 18:00:00,13:00,TARJETA,CONFIRMADA,2,Laminado de cejas básico,Laminado de cejas,270.0,1h,2026-07-29 22:26:58.540944
3360,1467,2025-11-28 18:00:00,2025-10-30 18:00:00,15:00,TRANSFERENCIA,CONFIRMADA,4,Polygel forma coffin ,Uñas polygel,400.0,2h 30min,2026-07-29 22:27:42.133697
3594,1271,2025-11-28 18:00:00,2025-11-11 18:00:00,15:00,TARJETA,CONFIRMADA,5,Softgel natural,Uñas Softgel,300.0,1h 30min,2026-07-29 22:26:48.912738
4602,1275,2025-11-29 18:00:00,2025-11-03 18:00:00,09:00,TARJETA,CONFIRMADA,10,Lash lifting clásico,Lash lifting,350.0,1h,2026-07-29 22:26:49.982876
4984,1312,2025-11-29 18:00:00,2025-11-02 18:00:00,09:00,TARJETA,CANCELADA,8,Uñas esculturales forma cuadrada,Uñas esculturales,350.0,2hrs,2026-07-29 22:26:59.924427
4101,1219,2025-11-29 18:00:00,2025-11-16 18:00:00,17:00,TARJETA,CONFIRMADA,4,Polygel forma coffin ,Uñas polygel,400.0,2h 30min,2026-07-29 22:26:34.625947
3861,1305,2025-11-29 18:00:00,2025-11-02 18:00:00,15:00,TARJETA,CONFIRMADA,13,Pedicura en seco básica,Pedicura en seco terminado spa,300.0,1h 15min,2026-07-29 22:26:58.009014
4898,1349,2025-11-29 18:00:00,2025-11-20 18:00:00,15:00,TARJETA,CONFIRMADA,13,Pedicura en seco básica,Pedicura en seco terminado spa,300.0,1h 15min,2026-07-29 22:27:09.816414
4694,1226,2025-11-29 18:00:00,2025-11-05 18:00:00,15:00,TARJETA,CONFIRMADA,10,Lash lifting clásico,Lash lifting,350.0,1h,2026-07-29 22:26:36.493948
4389,,2025-11-29 18:00:00,2025-11-07 18:00:00,13:00,EFECTIVO,CANCELADA,12,Pedicura macro clásica,Pedicura Macro,320.0,1h 30min,
4109,1404,2025-11-29 18:00:00,2025-11-26 18:00:00,09:00,TRANSFERENCIA,CONFIRMADA,11,Pedicura spa clásica ,Pedicura spa,280.0,1h 30min,2026-07-29 22:27:24.579439
4938,,2025-11-29 18:00:00,2025-11-04 18:00:00,13:00,TARJETA,CONFIRMADA,2,Laminado de cejas básico,Laminado de cejas,270.0,1h,
4579,1386,2025-12-01 18:00:00,2025-11-01 18:00:00,17:00,TRANSFERENCIA,CANCELADA,13,Pedicura en seco básica,Pedicura en seco terminado spa,300.0,1h 15min,2026-07-29 22:27:19.764470
5126,1410,2025-12-01 18:00:00,2025-11-03 18:00:00,11:00,TRANSFERENCIA,CONFIRMADA,5,Softgel natural,Uñas Softgel,300.0,1h 30min,2026-07-29 22:27:26.302776
4699,1300,2025-12-01 18:00:00,2025-11-09 18:00:00,09:00,TARJETA,CANCELADA,4,Polygel forma coffin ,Uñas polygel,400.0,2h 30min,2026-07-29 22:26:56.671380
4283,1414,2025-12-01 18:00:00,2025-11-12 18:00:00,15:00,TRANSFERENCIA,CANCELADA,2,Laminado de cejas básico,Laminado de cejas,270.0,1h,2026-07-29 22:27:27.647727
4278,,2025-12-01 18:00:00,2025-10-31 18:00:00,17:00,EFECTIVO,CANCELADA,13,Pedicura en seco básica,Pedicura en seco terminado spa,300.0,1h 15min,
4447,1327,2025-12-01 18:00:00,2025-11-15 18:00:00,11:00,TARJETA,CONFIRMADA,4,Polygel forma coffin ,Uñas polygel,400.0,2h 30min,2026-07-29 22:27:03.927042
3271,1500,2025-12-01 18:00:00,2025-11-12 18:00:00,17:00,TARJETA,CONFIRMADA,9,Laminado + depilación,Laminado de cejas,380.0,1h 30min,2026-07-29 22:27:51.407001
4731,1318,2025-12-01 18:00:00,2025-10-30 18:00:00,15:00,TARJETA,CANCELADA,2,Laminado de cejas básico,Laminado de cejas,270.0,1h,2026-07-29 22:27:01.525108
4752,1427,2025-12-01 18:00:00,2025-11-10 18:00:00,11:00,TARJETA,CONFIRMADA,4,Polygel forma coffin ,Uñas polygel,400.0,2h 30min,2026-07-29 22:27:31.458812
4804,1326,2025-12-01 18:00:00,2025-11-22 18:00:00,17:00,TARJETA,CONFIRMADA,2,Laminado de cejas básico,Laminado de cejas,270.0,1h,2026-07-29 22:27:03.662696
4359,1338,2025-12-01 18:00:00,2025-11-30 18:00:00,17:00,TARJETA,CONFIRMADA,3,Baño acrílico clásico,Baño de acrílico,200.0,1h,2026-07-29 22:27:06.878104
3400,1202,2025-12-01 18:00:00,2025-11-13 18:00:00,11:00,TRANSFERENCIA,CONFIRMADA,13,Pedicura en seco básica,Pedicura en seco terminado spa,300.0,1h 15min,2026-07-29 22:26:30.077457
4882,,2025-12-01 18:00:00,2025-11-30 18:00:00,11:00,TARJETA,CANCELADA,11,Pedicura spa clásica ,Pedicura spa,280.0,1h 30min,
3792,1212,2025-12-02 18:00:00,2025-11-07 18:00:00,11:00,TRANSFERENCIA,CONFIRMADA,3,Baño acrílico clásico,Baño de acrílico,200.0,1h,2026-07-29 22:26:32.753583
3183,1463,2025-12-02 18:00:00,2025-11-05 18:00:00,13:00,TARJETA,CONFIRMADA,13,Pedicura en seco básica,Pedicura en seco terminado spa,300.0,1h 15min,2026-07-29 22:27:41.066615
4769,,2025-12-02 18:00:00,2025-11-02 18:00:00,13:00,EFECTIVO,CONFIRMADA,9,Laminado + depilación,Laminado de cejas,380.0,1h 30min,
3531,1201,2025-12-02 18:00:00,2025-11-19 18:00:00,13:00,TARJETA,CONFIRMADA,4,Polygel forma coffin ,Uñas polygel,400.0,2h 30min,2026-07-29 22:26:29.808823
4342,1359,2025-12-02 18:00:00,2025-11-29 18:00:00,17:00,TRANSFERENCIA,CONFIRMADA,12,Pedicura macro clásica,Pedicura Macro,320.0,1h 30min,2026-07-29 22:27:12.486285
4324,1343,2025-12-02 18:00:00,2025-11-04 18:00:00,11:00,TRANSFERENCIA,CONFIRMADA,2,Laminado de cejas básico,Laminado de cejas,270.0,1h,2026-07-29 22:27:08.211214
4161,1326,2025-12-02 18:00:00,2025-11-17 18:00:00,15:00,TARJETA,CONFIRMADA,4,Polygel forma coffin ,Uñas polygel,400.0,2h 30min,2026-07-29 22:27:03.662696
4851,1471,2025-12-02 18:00:00,2025-11-02 18:00:00,13:00,TARJETA,CONFIRMADA,5,Softgel natural,Uñas Softgel,300.0,1h 30min,2026-07-29 22:27:43.196392
3874,1352,2025-12-02 18:00:00,2025-11-20 18:00:00,17:00,TARJETA,CONFIRMADA,4,Polygel forma coffin ,Uñas polygel,400.0,2h 30min,2026-07-29 22:27:10.617864
4645,,2025-12-03 18:00:00,2025-11-26 18:00:00,11:00,EFECTIVO,CANCELADA,10,Lash lifting clásico,Lash lifting,350.0,1h,
3357,1284,2025-12-03 18:00:00,2025-10-30 18:00:00,13:00,TARJETA,CONFIRMADA,5,Softgel natural,Uñas Softgel,300.0,1h 30min,2026-07-29 22:26:52.394271
3979,1306,2025-12-03 18:00:00,2025-11-11 18:00:00,09:00,TARJETA,CONFIRMADA,3,Baño acrílico clásico,Baño de acrílico,200.0,1h,2026-07-29 22:26:58.274595
3984,1319,2025-12-03 18:00:00,2025-11-14 18:00:00,09:00,TRANSFERENCIA,CONFIRMADA,11,Pedicura spa clásica ,Pedicura spa,280.0,1h 30min,2026-07-29 22:27:01.792669
4001,1335,2025-12-03 18:00:00,2025-11-06 18:00:00,13:00,TARJETA,CONFIRMADA,3,Baño acrílico clásico,Baño de acrílico,200.0,1h,2026-07-29 22:27:06.070151
5006,1520,2025-12-03 18:00:00,2025-11-27 18:00:00,09:00,TARJETA,CONFIRMADA,11,Pedicura spa clásica ,Pedicura spa,280.0,1h 30min,2026-07-29 22:27:57.057299
3712,1420,2025-12-03 18:00:00,2025-11-07 18:00:00,09:00,TARJETA,CANCELADA,13,Pedicura en seco básica,Pedicura en seco terminado spa,300.0,1h 15min,2026-07-29 22:27:29.536267
4819,1340,2025-12-03 18:00:00,2025-11-28 18:00:00,17:00,TRANSFERENCIA,CANCELADA,11,Pedicura spa clásica ,Pedicura spa,280.0,1h 30min,2026-07-29 22:27:07.411281
5100,1242,2025-12-03 18:00:00,2025-11-07 18:00:00,09:00,TARJETA,CONFIRMADA,11,Pedicura spa clásica ,Pedicura spa,280.0,1h 30min,2026-07-29 22:26:40.774259
5010,1494,2025-12-04 18:00:00,2025-11-15 18:00:00,11:00,TARJETA,CONFIRMADA,2,Laminado de cejas básico,Laminado de cejas,270.0,1h,2026-07-29 22:27:49.810746
4133,1471,2025-12-04 18:00:00,2025-11-13 18:00:00,17:00,TARJETA,CONFIRMADA,2,Laminado de cejas básico,Laminado de cejas,270.0,1h,2026-07-29 22:27:43.196392
3834,1302,2025-12-04 18:00:00,2025-11-12 18:00:00,13:00,TRANSFERENCIA,CONFIRMADA,9,Laminado + depilación,Laminado de cejas,380.0,1h 30min,2026-07-29 22:26:57.207498
5005,1373,2025-12-04 18:00:00,2025-11-16 18:00:00,15:00,TARJETA,CANCELADA,10,Lash lifting clásico,Lash lifting,350.0,1h,2026-07-29 22:27:16.281370
4515,1245,2025-12-04 18:00:00,2025-11-05 18:00:00,17:00,TARJETA,CANCELADA,10,Lash lifting clásico,Lash lifting,350.0,1h,2026-07-29 22:26:41.870244
4347,1258,2025-12-04 18:00:00,2025-11-16 18:00:00,15:00,TARJETA,CONFIRMADA,2,Laminado de cejas básico,Laminado de cejas,270.0,1h,2026-07-29 22:26:45.410178
3258,,2025-12-04 18:00:00,2025-11-27 18:00:00,09:00,TARJETA,CONFIRMADA,5,Softgel natural,Uñas Softgel,300.0,1h 30min,
5122,1303,2025-12-04 18:00:00,2025-12-03 18:00:00,09:00,TARJETA,CONFIRMADA,3,Baño acrílico clásico,Baño de acrílico,200.0,1h,2026-07-29 22:26:57.476011
4914,1486,2025-12-04 18:00:00,2025-11-26 18:00:00,09:00,TARJETA,CANCELADA,10,Lash lifting clásico,Lash lifting,350.0,1h,2026-07-29 22:27:47.670694
4069,1259,2025-12-05 18:00:00,2025-11-21 18:00:00,09:00,TARJETA,CONFIRMADA,11,Pedicura spa clásica ,Pedicura spa,280.0,1h 30min,2026-07-29 22:26:45.677615
4668,1350,2025-12-05 18:00:00,2025-11-29 18:00:00,17:00,TRANSFERENCIA,CONFIRMADA,8,Uñas esculturales forma cuadrada,Uñas esculturales,350.0,2hrs,2026-07-29 22:27:10.082417
4292,,2025-12-05 18:00:00,2025-11-04 18:00:00,11:00,TARJETA,CONFIRMADA,2,Laminado de cejas básico,Laminado de cejas,270.0,1h,
5019,1355,2025-12-05 18:00:00,2025-11-23 18:00:00,13:00,TARJETA,CONFIRMADA,10,Lash lifting clásico,Lash lifting,350.0,1h,2026-07-29 22:27:11.416886
3698,1312,2025-12-05 18:00:00,2025-11-20 18:00:00,13:00,TRANSFERENCIA,CONFIRMADA,5,Softgel natural,Uñas Softgel,300.0,1h 30min,2026-07-29 22:26:59.924427
3865,1211,2025-12-06 18:00:00,2025-11-13 18:00:00,09:00,TRANSFERENCIA,CONFIRMADA,3,Baño acrílico clásico,Baño de acrílico,200.0,1h,2026-07-29 22:26:32.485746
3170,1362,2025-12-06 18:00:00,2025-11-13 18:00:00,13:00,TRANSFERENCIA,CONFIRMADA,10,Lash lifting clásico,Lash lifting,350.0,1h,2026-07-29 22:27:13.287175
3178,1373,2025-12-06 18:00:00,2025-11-21 18:00:00,15:00,TRANSFERENCIA,CONFIRMADA,11,Pedicura spa clásica ,Pedicura spa,280.0,1h 30min,2026-07-29 22:27:16.281370
3184,1494,2025-12-06 18:00:00,2025-11-22 18:00:00,13:00,TARJETA,CONFIRMADA,8,Uñas esculturales forma cuadrada,Uñas esculturales,350.0,2hrs,2026-07-29 22:27:49.810746
3538,,2025-12-06 18:00:00,2025-11-01 18:00:00,17:00,EFECTIVO,CONFIRMADA,9,Laminado + depilación,Laminado de cejas,380.0,1h 30min,
4670,1325,2025-12-06 18:00:00,2025-11-16 18:00:00,13:00,TARJETA,CANCELADA,10,Lash lifting clásico,Lash lifting,350.0,1h,2026-07-29 22:27:03.395498
4424,1409,2025-12-06 18:00:00,2025-11-29 18:00:00,13:00,TARJETA,CONFIRMADA,5,Softgel natural,Uñas Softgel,300.0,1h 30min,2026-07-29 22:27:26.037087
4859,1240,2025-12-06 18:00:00,2025-11-08 18:00:00,15:00,TARJETA,CONFIRMADA,5,Softgel natural,Uñas Softgel,300.0,1h 30min,2026-07-29 22:26:40.238646
3869,1202,2025-12-06 18:00:00,2025-11-26 18:00:00,09:00,TARJETA,CONFIRMADA,6,Uñas esculturales forma almendra ,Uñas esculturales,380.0,2 hrs,2026-07-29 22:26:30.077457
3801,1437,2025-12-08 18:00:00,2025-11-18 18:00:00,13:00,TARJETA,CONFIRMADA,5,Softgel natural,Uñas Softgel,300.0,1h 30min,2026-07-29 22:27:34.129170
4346,1457,2025-12-08 18:00:00,2025-12-02 18:00:00,09:00,TARJETA,CONFIRMADA,6,Uñas esculturales forma almendra ,Uñas esculturales,380.0,2 hrs,2026-07-29 22:27:39.464495
3810,1380,2025-12-08 18:00:00,2025-12-04 18:00:00,11:00,TARJETA,CANCELADA,13,Pedicura en seco básica,Pedicura en seco terminado spa,300.0,1h 15min,2026-07-29 22:27:18.162522
3349,1519,2025-12-08 18:00:00,2025-11-17 18:00:00,15:00,TRANSFERENCIA,CONFIRMADA,9,Laminado + depilación,Laminado de cejas,380.0,1h 30min,2026-07-29 22:27:56.791372
4763,1252,2025-12-08 18:00:00,2025-11-05 18:00:00,17:00,TARJETA,CANCELADA,2,Laminado de cejas básico,Laminado de cejas,270.0,1h,2026-07-29 22:26:43.740640
4435,1213,2025-12-08 18:00:00,2025-11-22 18:00:00,09:00,TARJETA,CONFIRMADA,10,Lash lifting clásico,Lash lifting,350.0,1h,2026-07-29 22:26:33.021262
4222,1319,2025-12-08 18:00:00,2025-11-08 18:00:00,17:00,TRANSFERENCIA,CONFIRMADA,6,Uñas esculturales forma almendra ,Uñas esculturales,380.0,2 hrs,2026-07-29 22:27:01.792669
4671,1239,2025-12-08 18:00:00,2025-12-05 18:00:00,15:00,TARJETA,CANCELADA,3,Baño acrílico clásico,Baño de acrílico,200.0,1h,2026-07-29 22:26:39.972688
4075,1250,2025-12-08 18:00:00,2025-11-12 18:00:00,09:00,TARJETA,CANCELADA,12,Pedicura macro clásica,Pedicura Macro,320.0,1h 30min,2026-07-29 22:26:43.205503
3656,,2025-12-08 18:00:00,2025-11-26 18:00:00,17:00,EFECTIVO,CONFIRMADA,10,Lash lifting clásico,Lash lifting,350.0,1h,
4619,1406,2025-12-08 18:00:00,2025-11-23 18:00:00,15:00,TARJETA,CANCELADA,4,Polygel forma coffin ,Uñas polygel,400.0,2h 30min,2026-07-29 22:27:25.113599
3558,1204,2025-12-08 18:00:00,2025-11-30 18:00:00,09:00,TARJETA,CONFIRMADA,6,Uñas esculturales forma almendra ,Uñas esculturales,380.0,2 hrs,2026-07-29 22:26:30.611432
3397,1435,2025-12-08 18:00:00,2025-11-22 18:00:00,17:00,TRANSFERENCIA,CONFIRMADA,12,Pedicura macro clásica,Pedicura Macro,320.0,1h 30min,2026-07-29 22:27:33.594763
4564,1315,2025-12-08 18:00:00,2025-11-23 18:00:00,09:00,TRANSFERENCIA,CONFIRMADA,3,Baño acrílico clásico,Baño de acrílico,200.0,1h,2026-07-29 22:27:00.724138
3540,1428,2025-12-08 18:00:00,2025-11-28 18:00:00,13:00,TARJETA,CANCELADA,12,Pedicura macro clásica,Pedicura Macro,320.0,1h 30min,2026-07-29 22:27:31.726865
4595,1421,2025-12-08 18:00:00,2025-11-16 18:00:00,13:00,TARJETA,CANCELADA,12,Pedicura macro clásica,Pedicura Macro,320.0,1h 30min,2026-07-29 22:27:29.857169
3471,1385,2025-12-08 18:00:00,2025-12-05 18:00:00,13:00,TARJETA,CONFIRMADA,8,Uñas esculturales forma cuadrada,Uñas esculturales,350.0,2hrs,2026-07-29 22:27:19.497962
4701,,2025-12-08 18:00:00,2025-11-08 18:00:00,11:00,EFECTIVO,CANCELADA,9,Laminado + depilación,Laminado de cejas,380.0,1h 30min,
3659,1385,2025-12-08 18:00:00,2025-11-25 18:00:00,15:00,TRANSFERENCIA,CANCELADA,8,Uñas esculturales forma cuadrada,Uñas esculturales,350.0,2hrs,2026-07-29 22:27:19.497962
4755,1345,2025-12-08 18:00:00,2025-11-06 18:00:00,11:00,TRANSFERENCIA,CONFIRMADA,11,Pedicura spa clásica ,Pedicura spa,280.0,1h 30min,2026-07-29 22:27:08.742753
4267,1457,2025-12-09 18:00:00,2025-11-30 18:00:00,17:00,TRANSFERENCIA,CONFIRMADA,11,Pedicura spa clásica ,Pedicura spa,280.0,1h 30min,2026-07-29 22:27:39.464495
4025,1350,2025-12-09 18:00:00,2025-11-05 18:00:00,09:00,TRANSFERENCIA,CONFIRMADA,10,Lash lifting clásico,Lash lifting,350.0,1h,2026-07-29 22:27:10.082417
3768,1421,2025-12-09 18:00:00,2025-11-05 18:00:00,09:00,TARJETA,CONFIRMADA,9,Laminado + depilación,Laminado de cejas,380.0,1h 30min,2026-07-29 22:27:29.857169
3833,,2025-12-10 18:00:00,2025-11-19 18:00:00,09:00,TARJETA,CONFIRMADA,9,Laminado + depilación,Laminado de cejas,380.0,1h 30min,
4567,1496,2025-12-10 18:00:00,2025-12-09 18:00:00,17:00,TARJETA,CONFIRMADA,3,Baño acrílico clásico,Baño de acrílico,200.0,1h,2026-07-29 22:27:50.342204
4421,1404,2025-12-10 18:00:00,2025-11-13 18:00:00,15:00,TARJETA,CONFIRMADA,2,Laminado de cejas básico,Laminado de cejas,270.0,1h,2026-07-29 22:27:24.579439
4175,1444,2025-12-10 18:00:00,2025-11-20 18:00:00,17:00,TARJETA,CANCELADA,8,Uñas esculturales forma cuadrada,Uñas esculturales,350.0,2hrs,2026-07-29 22:27:35.997836
4399,1268,2025-12-10 18:00:00,2025-11-06 18:00:00,09:00,TARJETA,CONFIRMADA,9,Laminado + depilación,Laminado de cejas,380.0,1h 30min,2026-07-29 22:26:48.107787
5035,,2025-12-10 18:00:00,2025-11-16 18:00:00,15:00,EFECTIVO,CANCELADA,3,Baño acrílico clásico,Baño de acrílico,200.0,1h,
3685,1438,2025-12-10 18:00:00,2025-12-09 18:00:00,13:00,TARJETA,CONFIRMADA,9,Laminado + depilación,Laminado de cejas,380.0,1h 30min,2026-07-29 22:27:34.395680
4613,1320,2025-12-11 18:00:00,2025-12-03 18:00:00,17:00,TRANSFERENCIA,CONFIRMADA,13,Pedicura en seco básica,Pedicura en seco terminado spa,300.0,1h 15min,2026-07-29 22:27:02.061316
5025,1358,2025-12-11 18:00:00,2025-11-26 18:00:00,11:00,TARJETA,CONFIRMADA,4,Polygel forma coffin ,Uñas polygel,400.0,2h 30min,2026-07-29 22:27:12.220366
3388,1502,2025-12-11 18:00:00,2025-12-07 18:00:00,17:00,TARJETA,CONFIRMADA,5,Softgel natural,Uñas Softgel,300.0,1h 30min,2026-07-29 22:27:51.952397
5130,1509,2025-12-11 18:00:00,2025-11-21 18:00:00,15:00,TARJETA,CONFIRMADA,11,Pedicura spa clásica ,Pedicura spa,280.0,1h 30min,2026-07-29 22:27:53.817578
4990,1517,2025-12-11 18:00:00,2025-11-07 18:00:00,17:00,TARJETA,CONFIRMADA,2,Laminado de cejas básico,Laminado de cejas,270.0,1h,2026-07-29 22:27:56.255876
3403,1500,2025-12-12 18:00:00,2025-12-12 18:00:00,15:00,TRANSFERENCIA,CONFIRMADA,12,Pedicura macro clásica,Pedicura Macro,320.0,1h 30min,2026-07-29 22:27:51.407001
3890,1329,2025-12-12 18:00:00,2025-12-11 18:00:00,13:00,TARJETA,CONFIRMADA,2,Laminado de cejas básico,Laminado de cejas,270.0,1h,2026-07-29 22:27:04.462144
4604,1490,2025-12-12 18:00:00,2025-12-07 18:00:00,11:00,TRANSFERENCIA,CONFIRMADA,3,Baño acrílico clásico,Baño de acrílico,200.0,1h,2026-07-29 22:27:48.740719
4153,1499,2025-12-12 18:00:00,2025-11-26 18:00:00,17:00,TARJETA,CANCELADA,13,Pedicura en seco básica,Pedicura en seco terminado spa,300.0,1h 15min,2026-07-29 22:27:51.140174
4789,1370,2025-12-12 18:00:00,2025-11-21 18:00:00,09:00,TARJETA,CONFIRMADA,4,Polygel forma coffin ,Uñas polygel,400.0,2h 30min,2026-07-29 22:27:15.477404
4608,1363,2025-12-12 18:00:00,2025-11-23 18:00:00,15:00,TARJETA,CONFIRMADA,9,Laminado + depilación,Laminado de cejas,380.0,1h 30min,2026-07-29 22:27:13.553758
4231,1513,2025-12-13 18:00:00,2025-11-14 18:00:00,17:00,TRANSFERENCIA,CONFIRMADA,10,Lash lifting clásico,Lash lifting,350.0,1h,2026-07-29 22:27:54.882069
4422,1426,2025-12-13 18:00:00,2025-11-15 18:00:00,13:00,TARJETA,CONFIRMADA,10,Lash lifting clásico,Lash lifting,350.0,1h,2026-07-29 22:27:31.191364
4918,1208,2025-12-13 18:00:00,2025-11-17 18:00:00,17:00,TARJETA,CANCELADA,8,Uñas esculturales forma cuadrada,Uñas esculturales,350.0,2hrs,2026-07-29 22:26:31.681632
4617,,2025-12-13 18:00:00,2025-12-05 18:00:00,17:00,TARJETA,CANCELADA,3,Baño acrílico clásico,Baño de acrílico,200.0,1h,
4649,1424,2025-12-13 18:00:00,2025-11-10 18:00:00,11:00,TRANSFERENCIA,CANCELADA,2,Laminado de cejas básico,Laminado de cejas,270.0,1h,2026-07-29 22:27:30.658333
3689,1261,2025-12-13 18:00:00,2025-11-15 18:00:00,13:00,TARJETA,CANCELADA,9,Laminado + depilación,Laminado de cejas,380.0,1h 30min,2026-07-29 22:26:46.211062
4097,1203,2025-12-13 18:00:00,2025-11-21 18:00:00,09:00,TARJETA,CANCELADA,12,Pedicura macro clásica,Pedicura Macro,320.0,1h 30min,2026-07-29 22:26:30.343863
4134,1378,2025-12-13 18:00:00,2025-11-17 18:00:00,13:00,TARJETA,CANCELADA,5,Softgel natural,Uñas Softgel,300.0,1h 30min,2026-07-29 22:27:17.618434
4977,1409,2025-12-15 18:00:00,2025-11-17 18:00:00,13:00,TRANSFERENCIA,CANCELADA,8,Uñas esculturales forma cuadrada,Uñas esculturales,350.0,2hrs,2026-07-29 22:27:26.037087
4845,1294,2025-12-15 18:00:00,2025-11-21 18:00:00,13:00,TARJETA,CANCELADA,3,Baño acrílico clásico,Baño de acrílico,200.0,1h,2026-07-29 22:26:55.064639
3378,1328,2025-12-15 18:00:00,2025-11-22 18:00:00,09:00,TARJETA,CONFIRMADA,11,Pedicura spa clásica ,Pedicura spa,280.0,1h 30min,2026-07-29 22:27:04.194278
3686,1420,2025-12-15 18:00:00,2025-11-25 18:00:00,09:00,TRANSFERENCIA,CONFIRMADA,2,Laminado de cejas básico,Laminado de cejas,270.0,1h,2026-07-29 22:27:29.536267
4042,1488,2025-12-15 18:00:00,2025-11-23 18:00:00,11:00,TARJETA,CONFIRMADA,2,Laminado de cejas básico,Laminado de cejas,270.0,1h,2026-07-29 22:27:48.203762
3840,1427,2025-12-15 18:00:00,2025-11-16 18:00:00,11:00,TARJETA,CONFIRMADA,12,Pedicura macro clásica,Pedicura Macro,320.0,1h 30min,2026-07-29 22:27:31.458812
4020,,2025-12-15 18:00:00,2025-11-28 18:00:00,11:00,EFECTIVO,CONFIRMADA,5,Softgel natural,Uñas Softgel,300.0,1h 30min,
3886,1227,2025-12-15 18:00:00,2025-11-19 18:00:00,13:00,TARJETA,CANCELADA,11,Pedicura spa clásica ,Pedicura spa,280.0,1h 30min,2026-07-29 22:26:36.761102
3866,1282,2025-12-15 18:00:00,2025-12-02 18:00:00,09:00,TRANSFERENCIA,CONFIRMADA,3,Baño acrílico clásico,Baño de acrílico,200.0,1h,2026-07-29 22:26:51.861513
4895,1250,2025-12-15 18:00:00,2025-11-29 18:00:00,09:00,TRANSFERENCIA,CONFIRMADA,10,Lash lifting clásico,Lash lifting,350.0,1h,2026-07-29 22:26:43.205503
3793,1462,2025-12-15 18:00:00,2025-12-01 18:00:00,15:00,TARJETA,CONFIRMADA,11,Pedicura spa clásica ,Pedicura spa,280.0,1h 30min,2026-07-29 22:27:40.799967
4438,1385,2025-12-15 18:00:00,2025-11-12 18:00:00,15:00,TRANSFERENCIA,CANCELADA,8,Uñas esculturales forma cuadrada,Uñas esculturales,350.0,2hrs,2026-07-29 22:27:19.497962
4888,1294,2025-12-15 18:00:00,2025-11-10 18:00:00,09:00,TRANSFERENCIA,CONFIRMADA,3,Baño acrílico clásico,Baño de acrílico,200.0,1h,2026-07-29 22:26:55.064639
5014,1320,2025-12-16 18:00:00,2025-11-13 18:00:00,09:00,TARJETA,CONFIRMADA,13,Pedicura en seco básica,Pedicura en seco terminado spa,300.0,1h 15min,2026-07-29 22:27:02.061316
4123,1232,2025-12-16 18:00:00,2025-11-27 18:00:00,17:00,TARJETA,CONFIRMADA,3,Baño acrílico clásico,Baño de acrílico,200.0,1h,2026-07-29 22:26:38.100047
3877,1332,2025-12-16 18:00:00,2025-12-12 18:00:00,17:00,TARJETA,CANCELADA,3,Baño acrílico clásico,Baño de acrílico,200.0,1h,2026-07-29 22:27:05.264636
4214,1315,2025-12-16 18:00:00,2025-11-11 18:00:00,13:00,TARJETA,CONFIRMADA,6,Uñas esculturales forma almendra ,Uñas esculturales,380.0,2 hrs,2026-07-29 22:27:00.724138
4870,1297,2025-12-16 18:00:00,2025-12-01 18:00:00,17:00,TARJETA,CONFIRMADA,12,Pedicura macro clásica,Pedicura Macro,320.0,1h 30min,2026-07-29 22:26:55.868864
4286,1339,2025-12-16 18:00:00,2025-11-11 18:00:00,09:00,TARJETA,CANCELADA,4,Polygel forma coffin ,Uñas polygel,400.0,2h 30min,2026-07-29 22:27:07.144872
3220,1238,2025-12-16 18:00:00,2025-11-23 18:00:00,13:00,TRANSFERENCIA,CANCELADA,6,Uñas esculturales forma almendra ,Uñas esculturales,380.0,2 hrs,2026-07-29 22:26:39.704665
4998,1211,2025-12-17 18:00:00,2025-12-10 18:00:00,09:00,TARJETA,CONFIRMADA,2,Laminado de cejas básico,Laminado de cejas,270.0,1h,2026-07-29 22:26:32.485746
3647,1342,2025-12-17 18:00:00,2025-11-19 18:00:00,09:00,TARJETA,CONFIRMADA,4,Polygel forma coffin ,Uñas polygel,400.0,2h 30min,2026-07-29 22:27:07.945739
3371,1470,2025-12-17 18:00:00,2025-12-06 18:00:00,09:00,TARJETA,CONFIRMADA,5,Softgel natural,Uñas Softgel,300.0,1h 30min,2026-07-29 22:27:42.930393
3891,1421,2025-12-17 18:00:00,2025-11-24 18:00:00,11:00,TARJETA,CONFIRMADA,5,Softgel natural,Uñas Softgel,300.0,1h 30min,2026-07-29 22:27:29.857169
4970,1262,2025-12-17 18:00:00,2025-11-13 18:00:00,09:00,TARJETA,CANCELADA,8,Uñas esculturales forma cuadrada,Uñas esculturales,350.0,2hrs,2026-07-29 22:26:46.477301
3627,,2025-12-17 18:00:00,2025-12-12 18:00:00,15:00,TARJETA,CONFIRMADA,4,Polygel forma coffin ,Uñas polygel,400.0,2h 30min,
4715,1334,2025-12-17 18:00:00,2025-12-16 18:00:00,13:00,TARJETA,CONFIRMADA,9,Laminado + depilación,Laminado de cejas,380.0,1h 30min,2026-07-29 22:27:05.801696
3299,1226,2025-12-17 18:00:00,2025-11-20 18:00:00,11:00,TARJETA,CONFIRMADA,12,Pedicura macro clásica,Pedicura Macro,320.0,1h 30min,2026-07-29 22:26:36.493948
3176,,2025-12-17 18:00:00,2025-12-16 18:00:00,11:00,EFECTIVO,CONFIRMADA,5,Softgel natural,Uñas Softgel,300.0,1h 30min,
3812,1432,2025-12-17 18:00:00,2025-11-19 18:00:00,11:00,TARJETA,CONFIRMADA,10,Lash lifting clásico,Lash lifting,350.0,1h,2026-07-29 22:27:32.793375
3732,1322,2025-12-17 18:00:00,2025-11-13 18:00:00,17:00,TRANSFERENCIA,CONFIRMADA,4,Polygel forma coffin ,Uñas polygel,400.0,2h 30min,2026-07-29 22:27:02.595999
3825,1218,2025-12-17 18:00:00,2025-11-25 18:00:00,15:00,TRANSFERENCIA,CANCELADA,8,Uñas esculturales forma cuadrada,Uñas esculturales,350.0,2hrs,2026-07-29 22:26:34.360426
5072,1308,2025-12-17 18:00:00,2025-11-20 18:00:00,17:00,TARJETA,CONFIRMADA,11,Pedicura spa clásica ,Pedicura spa,280.0,1h 30min,2026-07-29 22:26:58.806519
4299,1466,2025-12-17 18:00:00,2025-11-28 18:00:00,17:00,TARJETA,CONFIRMADA,5,Softgel natural,Uñas Softgel,300.0,1h 30min,2026-07-29 22:27:41.865073
4491,1268,2025-12-18 18:00:00,2025-11-20 18:00:00,13:00,TARJETA,CONFIRMADA,6,Uñas esculturales forma almendra ,Uñas esculturales,380.0,2 hrs,2026-07-29 22:26:48.107787
4934,1492,2025-12-18 18:00:00,2025-11-15 18:00:00,17:00,TARJETA,CONFIRMADA,12,Pedicura macro clásica,Pedicura Macro,320.0,1h 30min,2026-07-29 22:27:49.275703
4873,1439,2025-12-18 18:00:00,2025-11-18 18:00:00,17:00,TARJETA,CONFIRMADA,5,Softgel natural,Uñas Softgel,300.0,1h 30min,2026-07-29 22:27:34.662721
4875,1203,2025-12-18 18:00:00,2025-11-30 18:00:00,17:00,TRANSFERENCIA,CONFIRMADA,9,Laminado + depilación,Laminado de cejas,380.0,1h 30min,2026-07-29 22:26:30.343863
5091,1217,2025-12-18 18:00:00,2025-12-09 18:00:00,09:00,TARJETA,CANCELADA,8,Uñas esculturales forma cuadrada,Uñas esculturales,350.0,2hrs,2026-07-29 22:26:34.095882
5089,1203,2025-12-18 18:00:00,2025-12-17 18:00:00,15:00,TARJETA,CONFIRMADA,6,Uñas esculturales forma almendra ,Uñas esculturales,380.0,2 hrs,2026-07-29 22:26:30.343863
4560,,2025-12-18 18:00:00,2025-12-15 18:00:00,15:00,EFECTIVO,CANCELADA,8,Uñas esculturales forma cuadrada,Uñas esculturales,350.0,2hrs,
4336,1316,2025-12-18 18:00:00,2025-11-21 18:00:00,13:00,TARJETA,CONFIRMADA,3,Baño acrílico clásico,Baño de acrílico,200.0,1h,2026-07-29 22:27:00.991123
3418,1302,2025-12-18 18:00:00,2025-11-28 18:00:00,15:00,TRANSFERENCIA,CANCELADA,8,Uñas esculturales forma cuadrada,Uñas esculturales,350.0,2hrs,2026-07-29 22:26:57.207498
4812,1313,2025-12-19 18:00:00,2025-11-26 18:00:00,13:00,TARJETA,CONFIRMADA,13,Pedicura en seco básica,Pedicura en seco terminado spa,300.0,1h 15min,2026-07-29 22:27:00.191541
3718,,2025-12-19 18:00:00,2025-11-23 18:00:00,11:00,TARJETA,CONFIRMADA,2,Laminado de cejas básico,Laminado de cejas,270.0,1h,
4371,,2025-12-19 18:00:00,2025-11-15 18:00:00,11:00,EFECTIVO,CONFIRMADA,4,Polygel forma coffin ,Uñas polygel,400.0,2h 30min,
3798,1500,2025-12-19 18:00:00,2025-12-13 18:00:00,09:00,TARJETA,CONFIRMADA,13,Pedicura en seco básica,Pedicura en seco terminado spa,300.0,1h 15min,2026-07-29 22:27:51.407001
3707,1510,2025-12-19 18:00:00,2025-11-27 18:00:00,15:00,TRANSFERENCIA,CONFIRMADA,11,Pedicura spa clásica ,Pedicura spa,280.0,1h 30min,2026-07-29 22:27:54.083340
4385,1517,2025-12-19 18:00:00,2025-11-30 18:00:00,09:00,TARJETA,CONFIRMADA,12,Pedicura macro clásica,Pedicura Macro,320.0,1h 30min,2026-07-29 22:27:56.255876
3595,1466,2025-12-19 18:00:00,2025-12-18 18:00:00,15:00,TRANSFERENCIA,CANCELADA,11,Pedicura spa clásica ,Pedicura spa,280.0,1h 30min,2026-07-29 22:27:41.865073
4403,1210,2025-12-19 18:00:00,2025-11-20 18:00:00,15:00,TRANSFERENCIA,CANCELADA,12,Pedicura macro clásica,Pedicura Macro,320.0,1h 30min,2026-07-29 22:26:32.217561
3168,1232,2025-12-19 18:00:00,2025-12-03 18:00:00,09:00,TARJETA,CONFIRMADA,8,Uñas esculturales forma cuadrada,Uñas esculturales,350.0,2hrs,2026-07-29 22:26:38.100047
5143,1235,2025-12-20 18:00:00,2025-12-11 18:00:00,15:00,TARJETA,CONFIRMADA,6,Uñas esculturales forma almendra ,Uñas esculturales,380.0,2 hrs,2026-07-29 22:26:38.900603
4469,1265,2025-12-20 18:00:00,2025-11-29 18:00:00,15:00,TRANSFERENCIA,CONFIRMADA,12,Pedicura macro clásica,Pedicura Macro,320.0,1h 30min,2026-07-29 22:26:47.278967
4456,1227,2025-12-20 18:00:00,2025-12-08 18:00:00,15:00,TARJETA,CANCELADA,4,Polygel forma coffin ,Uñas polygel,400.0,2h 30min,2026-07-29 22:26:36.761102
4055,1446,2025-12-22 18:00:00,2025-12-17 18:00:00,13:00,TARJETA,CONFIRMADA,2,Laminado de cejas básico,Laminado de cejas,270.0,1h,2026-07-29 22:27:36.531878
3677,1468,2025-12-22 18:00:00,2025-11-23 18:00:00,15:00,TARJETA,CONFIRMADA,9,Laminado + depilación,Laminado de cejas,380.0,1h 30min,2026-07-29 22:27:42.399971
3893,1515,2025-12-22 18:00:00,2025-12-13 18:00:00,09:00,TRANSFERENCIA,CONFIRMADA,2,Laminado de cejas básico,Laminado de cejas,270.0,1h,2026-07-29 22:27:55.720694
3245,1290,2025-12-22 18:00:00,2025-11-22 18:00:00,09:00,TARJETA,CONFIRMADA,5,Softgel natural,Uñas Softgel,300.0,1h 30min,2026-07-29 22:26:53.997308
3329,1454,2025-12-22 18:00:00,2025-11-27 18:00:00,17:00,TARJETA,CANCELADA,5,Softgel natural,Uñas Softgel,300.0,1h 30min,2026-07-29 22:27:38.663229
4632,1248,2025-12-22 18:00:00,2025-12-22 18:00:00,17:00,TARJETA,CONFIRMADA,8,Uñas esculturales forma cuadrada,Uñas esculturales,350.0,2hrs,2026-07-29 22:26:42.672551
3816,1219,2025-12-22 18:00:00,2025-12-15 18:00:00,13:00,TARJETA,CONFIRMADA,5,Softgel natural,Uñas Softgel,300.0,1h 30min,2026-07-29 22:26:34.625947
4884,1409,2025-12-22 18:00:00,2025-11-26 18:00:00,13:00,TARJETA,CANCELADA,9,Laminado + depilación,Laminado de cejas,380.0,1h 30min,2026-07-29 22:27:26.037087
3223,1239,2025-12-22 18:00:00,2025-11-26 18:00:00,15:00,TARJETA,CONFIRMADA,11,Pedicura spa clásica ,Pedicura spa,280.0,1h 30min,2026-07-29 22:26:39.972688
4429,1310,2025-12-23 18:00:00,2025-11-28 18:00:00,17:00,TARJETA,CONFIRMADA,13,Pedicura en seco básica,Pedicura en seco terminado spa,300.0,1h 15min,2026-07-29 22:26:59.392211
3721,1365,2025-12-23 18:00:00,2025-11-28 18:00:00,11:00,TARJETA,CONFIRMADA,12,Pedicura macro clásica,Pedicura Macro,320.0,1h 30min,2026-07-29 22:27:14.086840
3413,1366,2025-12-23 18:00:00,2025-12-12 18:00:00,13:00,TARJETA,CONFIRMADA,11,Pedicura spa clásica ,Pedicura spa,280.0,1h 30min,2026-07-29 22:27:14.354396
4644,1358,2025-12-23 18:00:00,2025-11-22 18:00:00,17:00,TRANSFERENCIA,CONFIRMADA,12,Pedicura macro clásica,Pedicura Macro,320.0,1h 30min,2026-07-29 22:27:12.220366
3981,1402,2025-12-23 18:00:00,2025-12-21 18:00:00,17:00,TARJETA,CONFIRMADA,4,Polygel forma coffin ,Uñas polygel,400.0,2h 30min,2026-07-29 22:27:24.046481
4476,1340,2025-12-23 18:00:00,2025-12-09 18:00:00,17:00,TARJETA,CONFIRMADA,4,Polygel forma coffin ,Uñas polygel,400.0,2h 30min,2026-07-29 22:27:07.411281
4037,1436,2025-12-23 18:00:00,2025-11-23 18:00:00,09:00,TRANSFERENCIA,CONFIRMADA,3,Baño acrílico clásico,Baño de acrílico,200.0,1h,2026-07-29 22:27:33.862702
4806,1354,2025-12-23 18:00:00,2025-11-25 18:00:00,11:00,TARJETA,CONFIRMADA,10,Lash lifting clásico,Lash lifting,350.0,1h,2026-07-29 22:27:11.150947
4922,1519,2025-12-24 18:00:00,2025-12-24 18:00:00,15:00,TRANSFERENCIA,CANCELADA,5,Softgel natural,Uñas Softgel,300.0,1h 30min,2026-07-29 22:27:56.791372
3401,1365,2025-12-24 18:00:00,2025-11-28 18:00:00,11:00,TRANSFERENCIA,CONFIRMADA,13,Pedicura en seco básica,Pedicura en seco terminado spa,300.0,1h 15min,2026-07-29 22:27:14.086840
4534,1222,2025-12-24 18:00:00,2025-11-21 18:00:00,17:00,TARJETA,CONFIRMADA,9,Laminado + depilación,Laminado de cejas,380.0,1h 30min,2026-07-29 22:26:35.424769
3253,1299,2025-12-24 18:00:00,2025-12-01 18:00:00,15:00,TARJETA,CONFIRMADA,6,Uñas esculturales forma almendra ,Uñas esculturales,380.0,2 hrs,2026-07-29 22:26:56.403473
3212,1423,2025-12-24 18:00:00,2025-12-16 18:00:00,13:00,TRANSFERENCIA,CONFIRMADA,10,Lash lifting clásico,Lash lifting,350.0,1h,2026-07-29 22:27:30.391201
4978,1259,2025-12-24 18:00:00,2025-12-08 18:00:00,15:00,TARJETA,CONFIRMADA,3,Baño acrílico clásico,Baño de acrílico,200.0,1h,2026-07-29 22:26:45.677615
4575,1473,2025-12-25 18:00:00,2025-12-17 18:00:00,17:00,TRANSFERENCIA,CONFIRMADA,8,Uñas esculturales forma cuadrada,Uñas esculturales,350.0,2hrs,2026-07-29 22:27:44.155196
4871,1252,2025-12-25 18:00:00,2025-12-11 18:00:00,09:00,TRANSFERENCIA,CONFIRMADA,13,Pedicura en seco básica,Pedicura en seco terminado spa,300.0,1h 15min,2026-07-29 22:26:43.740640
4636,1281,2025-12-25 18:00:00,2025-12-04 18:00:00,17:00,TARJETA,CONFIRMADA,10,Lash lifting clásico,Lash lifting,350.0,1h,2026-07-29 22:26:51.586486
3179,1438,2025-12-25 18:00:00,2025-11-30 18:00:00,09:00,TARJETA,CONFIRMADA,3,Baño acrílico clásico,Baño de acrílico,200.0,1h,2026-07-29 22:27:34.395680
4071,1474,2025-12-26 18:00:00,2025-12-06 18:00:00,09:00,TRANSFERENCIA,CONFIRMADA,9,Laminado + depilación,Laminado de cejas,380.0,1h 30min,2026-07-29 22:27:44.418074
5068,1511,2025-12-26 18:00:00,2025-12-25 18:00:00,11:00,TARJETA,CONFIRMADA,4,Polygel forma coffin ,Uñas polygel,400.0,2h 30min,2026-07-29 22:27:54.347746
4237,1316,2025-12-26 18:00:00,2025-12-15 18:00:00,15:00,TARJETA,CONFIRMADA,12,Pedicura macro clásica,Pedicura Macro,320.0,1h 30min,2026-07-29 22:27:00.991123
4354,1459,2025-12-26 18:00:00,2025-12-10 18:00:00,09:00,TRANSFERENCIA,CONFIRMADA,3,Baño acrílico clásico,Baño de acrílico,200.0,1h,2026-07-29 22:27:40.000650
4996,1268,2025-12-26 18:00:00,2025-11-23 18:00:00,17:00,TRANSFERENCIA,CANCELADA,6,Uñas esculturales forma almendra ,Uñas esculturales,380.0,2 hrs,2026-07-29 22:26:48.107787
3565,1358,2025-12-26 18:00:00,2025-11-28 18:00:00,17:00,TARJETA,CONFIRMADA,3,Baño acrílico clásico,Baño de acrílico,200.0,1h,2026-07-29 22:27:12.220366
3850,1438,2025-12-26 18:00:00,2025-12-02 18:00:00,09:00,TARJETA,CONFIRMADA,11,Pedicura spa clásica ,Pedicura spa,280.0,1h 30min,2026-07-29 22:27:34.395680
4279,1325,2025-12-27 18:00:00,2025-12-16 18:00:00,17:00,TARJETA,CANCELADA,4,Polygel forma coffin ,Uñas polygel,400.0,2h 30min,2026-07-29 22:27:03.395498
4965,,2025-12-27 18:00:00,2025-12-04 18:00:00,09:00,EFECTIVO,CONFIRMADA,11,Pedicura spa clásica ,Pedicura spa,280.0,1h 30min,
4375,1481,2025-12-27 18:00:00,2025-12-24 18:00:00,17:00,TARJETA,CONFIRMADA,11,Pedicura spa clásica ,Pedicura spa,280.0,1h 30min,2026-07-29 22:27:46.329588
3790,1370,2025-12-27 18:00:00,2025-12-10 18:00:00,11:00,TRANSFERENCIA,CANCELADA,6,Uñas esculturales forma almendra ,Uñas esculturales,380.0,2 hrs,2026-07-29 22:27:15.477404
3353,1284,2025-12-27 18:00:00,2025-12-23 18:00:00,09:00,TRANSFERENCIA,CONFIRMADA,6,Uñas esculturales forma almendra ,Uñas esculturales,380.0,2 hrs,2026-07-29 22:26:52.394271
3474,1459,2025-12-27 18:00:00,2025-12-19 18:00:00,13:00,TARJETA,CONFIRMADA,3,Baño acrílico clásico,Baño de acrílico,200.0,1h,2026-07-29 22:27:40.000650
5125,1204,2025-12-27 18:00:00,2025-12-10 18:00:00,15:00,TRANSFERENCIA,CONFIRMADA,13,Pedicura en seco básica,Pedicura en seco terminado spa,300.0,1h 15min,2026-07-29 22:26:30.611432
3719,1438,2025-12-29 18:00:00,2025-12-07 18:00:00,09:00,TRANSFERENCIA,CONFIRMADA,2,Laminado de cejas básico,Laminado de cejas,270.0,1h,2026-07-29 22:27:34.395680
3419,1255,2025-12-29 18:00:00,2025-12-24 18:00:00,13:00,TARJETA,CONFIRMADA,2,Laminado de cejas básico,Laminado de cejas,270.0,1h,2026-07-29 22:26:44.598657
3568,1383,2025-12-29 18:00:00,2025-11-27 18:00:00,15:00,TRANSFERENCIA,CONFIRMADA,9,Laminado + depilación,Laminado de cejas,380.0,1h 30min,2026-07-29 22:27:18.964730
3642,1273,2025-12-29 18:00:00,2025-12-03 18:00:00,09:00,TRANSFERENCIA,CANCELADA,6,Uñas esculturales forma almendra ,Uñas esculturales,380.0,2 hrs,2026-07-29 22:26:49.446252
3358,1491,2025-12-29 18:00:00,2025-12-29 18:00:00,15:00,TARJETA,CONFIRMADA,6,Uñas esculturales forma almendra ,Uñas esculturales,380.0,2 hrs,2026-07-29 22:27:49.008770
3684,1372,2025-12-29 18:00:00,2025-12-18 18:00:00,13:00,TARJETA,CONFIRMADA,6,Uñas esculturales forma almendra ,Uñas esculturales,380.0,2 hrs,2026-07-29 22:27:16.009882
3477,1518,2025-12-29 18:00:00,2025-12-28 18:00:00,09:00,TARJETA,CONFIRMADA,11,Pedicura spa clásica ,Pedicura spa,280.0,1h 30min,2026-07-29 22:27:56.524304
4024,1405,2025-12-29 18:00:00,2025-12-24 18:00:00,11:00,TARJETA,CONFIRMADA,3,Baño acrílico clásico,Baño de acrílico,200.0,1h,2026-07-29 22:27:24.844581
4312,1242,2025-12-29 18:00:00,2025-12-17 18:00:00,17:00,TRANSFERENCIA,CANCELADA,8,Uñas esculturales forma cuadrada,Uñas esculturales,350.0,2hrs,2026-07-29 22:26:40.774259
3293,1463,2025-12-30 18:00:00,2025-12-20 18:00:00,11:00,TRANSFERENCIA,CANCELADA,11,Pedicura spa clásica ,Pedicura spa,280.0,1h 30min,2026-07-29 22:27:41.066615
5105,1224,2025-12-30 18:00:00,2025-12-26 18:00:00,15:00,TARJETA,CONFIRMADA,12,Pedicura macro clásica,Pedicura Macro,320.0,1h 30min,2026-07-29 22:26:35.960494
3292,1310,2025-12-30 18:00:00,2025-11-30 18:00:00,13:00,TARJETA,CONFIRMADA,8,Uñas esculturales forma cuadrada,Uñas esculturales,350.0,2hrs,2026-07-29 22:26:59.392211
3917,1318,2025-12-30 18:00:00,2025-12-29 18:00:00,11:00,TARJETA,CANCELADA,4,Polygel forma coffin ,Uñas polygel,400.0,2h 30min,2026-07-29 22:27:01.525108
3546,1383,2025-12-30 18:00:00,2025-12-21 18:00:00,11:00,TRANSFERENCIA,CANCELADA,5,Softgel natural,Uñas Softgel,300.0,1h 30min,2026-07-29 22:27:18.964730
3277,1420,2025-12-30 18:00:00,2025-12-12 18:00:00,17:00,TRANSFERENCIA,CONFIRMADA,4,Polygel forma coffin ,Uñas polygel,400.0,2h 30min,2026-07-29 22:27:29.536267
5013,,2025-12-30 18:00:00,2025-12-23 18:00:00,09:00,TARJETA,CONFIRMADA,5,Softgel natural,Uñas Softgel,300.0,1h 30min,
4844,1257,2025-12-30 18:00:00,2025-12-14 18:00:00,13:00,TARJETA,CONFIRMADA,8,Uñas esculturales forma cuadrada,Uñas esculturales,350.0,2hrs,2026-07-29 22:26:45.132119
3492,1414,2025-12-30 18:00:00,2025-12-24 18:00:00,09:00,TARJETA,CANCELADA,9,Laminado + depilación,Laminado de cejas,380.0,1h 30min,2026-07-29 22:27:27.647727
4910,1215,2025-12-31 18:00:00,2025-12-11 18:00:00,17:00,TARJETA,CONFIRMADA,8,Uñas esculturales forma cuadrada,Uñas esculturales,350.0,2hrs,2026-07-29 22:26:33.566158
3567,1276,2025-12-31 18:00:00,2025-12-16 18:00:00,17:00,TARJETA,CONFIRMADA,9,Laminado + depilación,Laminado de cejas,380.0,1h 30min,2026-07-29 22:26:50.249853
3491,1303,2025-12-31 18:00:00,2025-11-27 18:00:00,15:00,TRANSFERENCIA,CONFIRMADA,9,Laminado + depilación,Laminado de cejas,380.0,1h 30min,2026-07-29 22:26:57.476011
4568,1205,2025-12-31 18:00:00,2025-12-06 18:00:00,15:00,TARJETA,CONFIRMADA,3,Baño acrílico clásico,Baño de acrílico,200.0,1h,2026-07-29 22:26:30.878504
4892,1323,2025-12-31 18:00:00,2025-12-18 18:00:00,17:00,TARJETA,CONFIRMADA,6,Uñas esculturales forma almendra ,Uñas esculturales,380.0,2 hrs,2026-07-29 22:27:02.862022
3928,1429,2025-12-31 18:00:00,2025-12-07 18:00:00,13:00,TARJETA,CONFIRMADA,11,Pedicura spa clásica ,Pedicura spa,280.0,1h 30min,2026-07-29 22:27:31.992973
4735,1488,2025-12-31 18:00:00,2025-12-01 18:00:00,15:00,TARJETA,CONFIRMADA,3,Baño acrílico clásico,Baño de acrílico,200.0,1h,2026-07-29 22:27:48.203762
4043,1321,2026-01-01 18:00:00,2025-12-08 18:00:00,15:00,TARJETA,CANCELADA,6,Uñas esculturales forma almendra ,Uñas esculturales,380.0,2 hrs,2026-07-29 22:27:02.328255
4060,1348,2026-01-01 18:00:00,2025-12-17 18:00:00,11:00,TRANSFERENCIA,CONFIRMADA,3,Baño acrílico clásico,Baño de acrílico,200.0,1h,2026-07-29 22:27:09.547227
3644,1466,2026-01-01 18:00:00,2025-12-15 18:00:00,13:00,TARJETA,CONFIRMADA,8,Uñas esculturales forma cuadrada,Uñas esculturales,350.0,2hrs,2026-07-29 22:27:41.865073
3382,1413,2026-01-01 18:00:00,2025-12-11 18:00:00,17:00,TARJETA,CONFIRMADA,2,Laminado de cejas básico,Laminado de cejas,270.0,1h,2026-07-29 22:27:27.382115
4135,1501,2026-01-01 18:00:00,2025-12-31 18:00:00,17:00,TARJETA,CANCELADA,6,Uñas esculturales forma almendra ,Uñas esculturales,380.0,2 hrs,2026-07-29 22:27:51.677327
5077,1420,2026-01-01 18:00:00,2025-12-19 18:00:00,13:00,TARJETA,CONFIRMADA,5,Softgel natural,Uñas Softgel,300.0,1h 30min,2026-07-29 22:27:29.536267
4685,1433,2026-01-01 18:00:00,2025-12-10 18:00:00,11:00,TRANSFERENCIA,CANCELADA,3,Baño acrílico clásico,Baño de acrílico,200.0,1h,2026-07-29 22:27:33.065155
3342,1323,2026-01-02 18:00:00,2025-12-27 18:00:00,09:00,TARJETA,CONFIRMADA,6,Uñas esculturales forma almendra ,Uñas esculturales,380.0,2 hrs,2026-07-29 22:27:02.862022
5042,1468,2026-01-02 18:00:00,2026-01-02 18:00:00,17:00,TRANSFERENCIA,CONFIRMADA,3,Baño acrílico clásico,Baño de acrílico,200.0,1h,2026-07-29 22:27:42.399971
3749,1333,2026-01-02 18:00:00,2025-12-09 18:00:00,11:00,TARJETA,CANCELADA,11,Pedicura spa clásica ,Pedicura spa,280.0,1h 30min,2026-07-29 22:27:05.534618
4305,1230,2026-01-02 18:00:00,2025-12-27 18:00:00,09:00,TARJETA,CONFIRMADA,8,Uñas esculturales forma cuadrada,Uñas esculturales,350.0,2hrs,2026-07-29 22:26:37.565033
4070,1406,2026-01-02 18:00:00,2025-12-31 18:00:00,09:00,TARJETA,CANCELADA,8,Uñas esculturales forma cuadrada,Uñas esculturales,350.0,2hrs,2026-07-29 22:27:25.113599
3237,1474,2026-01-02 18:00:00,2025-12-15 18:00:00,15:00,TRANSFERENCIA,CONFIRMADA,2,Laminado de cejas básico,Laminado de cejas,270.0,1h,2026-07-29 22:27:44.418074
3318,1290,2026-01-02 18:00:00,2025-11-28 18:00:00,15:00,TARJETA,CONFIRMADA,9,Laminado + depilación,Laminado de cejas,380.0,1h 30min,2026-07-29 22:26:53.997308
3570,,2026-01-02 18:00:00,2025-12-12 18:00:00,17:00,EFECTIVO,CANCELADA,4,Polygel forma coffin ,Uñas polygel,400.0,2h 30min,
5145,1436,2026-01-02 18:00:00,2025-12-20 18:00:00,17:00,TRANSFERENCIA,CONFIRMADA,10,Lash lifting clásico,Lash lifting,350.0,1h,2026-07-29 22:27:33.862702
4678,1290,2026-01-02 18:00:00,2025-12-31 18:00:00,11:00,TRANSFERENCIA,CONFIRMADA,11,Pedicura spa clásica ,Pedicura spa,280.0,1h 30min,2026-07-29 22:26:53.997308
4732,1434,2026-01-03 18:00:00,2025-12-01 18:00:00,11:00,TARJETA,CONFIRMADA,2,Laminado de cejas básico,Laminado de cejas,270.0,1h,2026-07-29 22:27:33.329695
4080,1310,2026-01-03 18:00:00,2025-12-23 18:00:00,17:00,TRANSFERENCIA,CONFIRMADA,4,Polygel forma coffin ,Uñas polygel,400.0,2h 30min,2026-07-29 22:26:59.392211
4801,1423,2026-01-03 18:00:00,2025-12-03 18:00:00,09:00,TARJETA,CANCELADA,10,Lash lifting clásico,Lash lifting,350.0,1h,2026-07-29 22:27:30.391201
4803,,2026-01-03 18:00:00,2025-12-11 18:00:00,11:00,TARJETA,CONFIRMADA,8,Uñas esculturales forma cuadrada,Uñas esculturales,350.0,2hrs,
3597,1340,2026-01-03 18:00:00,2025-12-27 18:00:00,11:00,TARJETA,CONFIRMADA,9,Laminado + depilación,Laminado de cejas,380.0,1h 30min,2026-07-29 22:27:07.411281
3848,1450,2026-01-03 18:00:00,2025-12-14 18:00:00,15:00,TARJETA,CONFIRMADA,10,Lash lifting clásico,Lash lifting,350.0,1h,2026-07-29 22:27:37.599805
4488,1301,2026-01-03 18:00:00,2025-12-03 18:00:00,17:00,TARJETA,CONFIRMADA,4,Polygel forma coffin ,Uñas polygel,400.0,2h 30min,2026-07-29 22:26:56.940016
4900,,2026-01-03 18:00:00,2026-01-03 18:00:00,13:00,TARJETA,CONFIRMADA,9,Laminado + depilación,Laminado de cejas,380.0,1h 30min,
4932,1308,2026-01-03 18:00:00,2025-12-18 18:00:00,11:00,TARJETA,CONFIRMADA,4,Polygel forma coffin ,Uñas polygel,400.0,2h 30min,2026-07-29 22:26:58.806519
3165,1351,2026-01-05 18:00:00,2026-01-03 18:00:00,17:00,TARJETA,CONFIRMADA,4,Polygel forma coffin ,Uñas polygel,400.0,2h 30min,2026-07-29 22:27:10.349870
3169,1269,2026-01-05 18:00:00,2026-01-05 18:00:00,09:00,TRANSFERENCIA,CANCELADA,11,Pedicura spa clásica ,Pedicura spa,280.0,1h 30min,2026-07-29 22:26:48.375997
4638,1247,2026-01-05 18:00:00,2025-12-23 18:00:00,11:00,TARJETA,CONFIRMADA,8,Uñas esculturales forma cuadrada,Uñas esculturales,350.0,2hrs,2026-07-29 22:26:42.404566
3879,1387,2026-01-05 18:00:00,2025-12-17 18:00:00,17:00,TARJETA,CONFIRMADA,6,Uñas esculturales forma almendra ,Uñas esculturales,380.0,2 hrs,2026-07-29 22:27:20.035247
3335,1301,2026-01-05 18:00:00,2026-01-04 18:00:00,11:00,TRANSFERENCIA,CONFIRMADA,6,Uñas esculturales forma almendra ,Uñas esculturales,380.0,2 hrs,2026-07-29 22:26:56.940016
3564,1312,2026-01-05 18:00:00,2025-12-15 18:00:00,11:00,TRANSFERENCIA,CANCELADA,13,Pedicura en seco básica,Pedicura en seco terminado spa,300.0,1h 15min,2026-07-29 22:26:59.924427
3449,1341,2026-01-05 18:00:00,2026-01-05 18:00:00,15:00,TARJETA,CONFIRMADA,6,Uñas esculturales forma almendra ,Uñas esculturales,380.0,2 hrs,2026-07-29 22:27:07.677763
3918,1378,2026-01-05 18:00:00,2026-01-05 18:00:00,09:00,TRANSFERENCIA,CANCELADA,8,Uñas esculturales forma cuadrada,Uñas esculturales,350.0,2hrs,2026-07-29 22:27:17.618434
3187,1457,2026-01-05 18:00:00,2026-01-02 18:00:00,15:00,TARJETA,CONFIRMADA,8,Uñas esculturales forma cuadrada,Uñas esculturales,350.0,2hrs,2026-07-29 22:27:39.464495
4760,1212,2026-01-05 18:00:00,2025-12-01 18:00:00,09:00,TARJETA,CANCELADA,13,Pedicura en seco básica,Pedicura en seco terminado spa,300.0,1h 15min,2026-07-29 22:26:32.753583
3297,1291,2026-01-05 18:00:00,2026-01-02 18:00:00,15:00,TARJETA,CONFIRMADA,5,Softgel natural,Uñas Softgel,300.0,1h 30min,2026-07-29 22:26:54.263571
3687,1497,2026-01-05 18:00:00,2026-01-01 18:00:00,13:00,TRANSFERENCIA,CANCELADA,3,Baño acrílico clásico,Baño de acrílico,200.0,1h,2026-07-29 22:27:50.608683
3999,1390,2026-01-06 18:00:00,2025-12-21 18:00:00,17:00,TRANSFERENCIA,CANCELADA,2,Laminado de cejas básico,Laminado de cejas,270.0,1h,2026-07-29 22:27:20.836618
3392,1504,2026-01-06 18:00:00,2025-12-27 18:00:00,09:00,TRANSFERENCIA,CONFIRMADA,9,Laminado + depilación,Laminado de cejas,380.0,1h 30min,2026-07-29 22:27:52.485584
3162,1477,2026-01-06 18:00:00,2025-12-15 18:00:00,09:00,TARJETA,CONFIRMADA,6,Uñas esculturales forma almendra ,Uñas esculturales,380.0,2 hrs,2026-07-29 22:27:45.265346
4866,1421,2026-01-06 18:00:00,2025-12-29 18:00:00,11:00,TARJETA,CONFIRMADA,3,Baño acrílico clásico,Baño de acrílico,200.0,1h,2026-07-29 22:27:29.857169
3192,1416,2026-01-06 18:00:00,2025-12-15 18:00:00,17:00,TARJETA,CANCELADA,13,Pedicura en seco básica,Pedicura en seco terminado spa,300.0,1h 15min,2026-07-29 22:27:28.464575
3615,1247,2026-01-06 18:00:00,2025-12-10 18:00:00,09:00,TARJETA,CONFIRMADA,12,Pedicura macro clásica,Pedicura Macro,320.0,1h 30min,2026-07-29 22:26:42.404566
4503,1457,2026-01-07 18:00:00,2025-12-27 18:00:00,11:00,TARJETA,CONFIRMADA,4,Polygel forma coffin ,Uñas polygel,400.0,2h 30min,2026-07-29 22:27:39.464495
5022,,2026-01-07 18:00:00,2025-12-05 18:00:00,13:00,TARJETA,CONFIRMADA,5,Softgel natural,Uñas Softgel,300.0,1h 30min,
4284,1266,2026-01-07 18:00:00,2025-12-09 18:00:00,13:00,TARJETA,CONFIRMADA,4,Polygel forma coffin ,Uñas polygel,400.0,2h 30min,2026-07-29 22:26:47.548748
4957,1222,2026-01-07 18:00:00,2025-12-21 18:00:00,09:00,TARJETA,CONFIRMADA,10,Lash lifting clásico,Lash lifting,350.0,1h,2026-07-29 22:26:35.424769
4512,,2026-01-07 18:00:00,2026-01-02 18:00:00,13:00,EFECTIVO,CANCELADA,10,Lash lifting clásico,Lash lifting,350.0,1h,
3780,1435,2026-01-07 18:00:00,2025-12-15 18:00:00,09:00,TARJETA,CONFIRMADA,8,Uñas esculturales forma cuadrada,Uñas esculturales,350.0,2hrs,2026-07-29 22:27:33.594763
4228,1205,2026-01-08 18:00:00,2025-12-16 18:00:00,11:00,TARJETA,CONFIRMADA,6,Uñas esculturales forma almendra ,Uñas esculturales,380.0,2 hrs,2026-07-29 22:26:30.878504
4820,1212,2026-01-08 18:00:00,2025-12-24 18:00:00,15:00,TRANSFERENCIA,CANCELADA,10,Lash lifting clásico,Lash lifting,350.0,1h,2026-07-29 22:26:32.753583
4759,1363,2026-01-08 18:00:00,2025-12-27 18:00:00,17:00,TARJETA,CONFIRMADA,2,Laminado de cejas básico,Laminado de cejas,270.0,1h,2026-07-29 22:27:13.553758
4917,1483,2026-01-08 18:00:00,2025-12-04 18:00:00,13:00,TARJETA,CANCELADA,13,Pedicura en seco básica,Pedicura en seco terminado spa,300.0,1h 15min,2026-07-29 22:27:46.869138
3674,1474,2026-01-08 18:00:00,2025-12-12 18:00:00,13:00,TRANSFERENCIA,CONFIRMADA,10,Lash lifting clásico,Lash lifting,350.0,1h,2026-07-29 22:27:44.418074
4767,1452,2026-01-09 18:00:00,2026-01-09 18:00:00,13:00,TARJETA,CONFIRMADA,3,Baño acrílico clásico,Baño de acrílico,200.0,1h,2026-07-29 22:27:38.130399
4607,1477,2026-01-09 18:00:00,2026-01-01 18:00:00,11:00,TARJETA,CONFIRMADA,4,Polygel forma coffin ,Uñas polygel,400.0,2h 30min,2026-07-29 22:27:45.265346
4717,1414,2026-01-09 18:00:00,2025-12-22 18:00:00,09:00,TARJETA,CANCELADA,5,Softgel natural,Uñas Softgel,300.0,1h 30min,2026-07-29 22:27:27.647727
4794,1407,2026-01-09 18:00:00,2025-12-24 18:00:00,17:00,TARJETA,CONFIRMADA,13,Pedicura en seco básica,Pedicura en seco terminado spa,300.0,1h 15min,2026-07-29 22:27:25.500265
4256,1413,2026-01-09 18:00:00,2025-12-13 18:00:00,13:00,TRANSFERENCIA,CONFIRMADA,6,Uñas esculturales forma almendra ,Uñas esculturales,380.0,2 hrs,2026-07-29 22:27:27.382115
4215,1204,2026-01-09 18:00:00,2025-12-26 18:00:00,11:00,TRANSFERENCIA,CONFIRMADA,6,Uñas esculturales forma almendra ,Uñas esculturales,380.0,2 hrs,2026-07-29 22:26:30.611432
4864,1409,2026-01-10 18:00:00,2025-12-09 18:00:00,13:00,TRANSFERENCIA,CONFIRMADA,11,Pedicura spa clásica ,Pedicura spa,280.0,1h 30min,2026-07-29 22:27:26.037087
3556,1433,2026-01-10 18:00:00,2025-12-17 18:00:00,13:00,TARJETA,CANCELADA,10,Lash lifting clásico,Lash lifting,350.0,1h,2026-07-29 22:27:33.065155
3517,1272,2026-01-10 18:00:00,2026-01-06 18:00:00,11:00,TRANSFERENCIA,CONFIRMADA,13,Pedicura en seco básica,Pedicura en seco terminado spa,300.0,1h 15min,2026-07-29 22:26:49.179315
3907,1311,2026-01-12 18:00:00,2025-12-20 18:00:00,15:00,TARJETA,CONFIRMADA,10,Lash lifting clásico,Lash lifting,350.0,1h,2026-07-29 22:26:59.657682
5069,1378,2026-01-12 18:00:00,2025-12-13 18:00:00,13:00,TARJETA,CANCELADA,11,Pedicura spa clásica ,Pedicura spa,280.0,1h 30min,2026-07-29 22:27:17.618434
4250,1328,2026-01-12 18:00:00,2026-01-12 18:00:00,11:00,TARJETA,CONFIRMADA,8,Uñas esculturales forma cuadrada,Uñas esculturales,350.0,2hrs,2026-07-29 22:27:04.194278
3941,1322,2026-01-12 18:00:00,2025-12-23 18:00:00,17:00,TARJETA,CONFIRMADA,10,Lash lifting clásico,Lash lifting,350.0,1h,2026-07-29 22:27:02.595999
5012,1439,2026-01-12 18:00:00,2026-01-02 18:00:00,11:00,TARJETA,CONFIRMADA,8,Uñas esculturales forma cuadrada,Uñas esculturales,350.0,2hrs,2026-07-29 22:27:34.662721
5151,1313,2026-01-12 18:00:00,2026-01-08 18:00:00,11:00,TARJETA,CONFIRMADA,11,Pedicura spa clásica ,Pedicura spa,280.0,1h 30min,2026-07-29 22:27:00.191541
3645,1349,2026-01-12 18:00:00,2026-01-11 18:00:00,09:00,TRANSFERENCIA,CONFIRMADA,10,Lash lifting clásico,Lash lifting,350.0,1h,2026-07-29 22:27:09.816414
3407,1513,2026-01-12 18:00:00,2025-12-18 18:00:00,09:00,TARJETA,CONFIRMADA,9,Laminado + depilación,Laminado de cejas,380.0,1h 30min,2026-07-29 22:27:54.882069
4213,,2026-01-12 18:00:00,2026-01-09 18:00:00,15:00,EFECTIVO,CANCELADA,3,Baño acrílico clásico,Baño de acrílico,200.0,1h,
4210,1382,2026-01-12 18:00:00,2025-12-20 18:00:00,09:00,TRANSFERENCIA,CONFIRMADA,6,Uñas esculturales forma almendra ,Uñas esculturales,380.0,2 hrs,2026-07-29 22:27:18.697451
3457,1480,2026-01-12 18:00:00,2025-12-21 18:00:00,09:00,TRANSFERENCIA,CONFIRMADA,2,Laminado de cejas básico,Laminado de cejas,270.0,1h,2026-07-29 22:27:46.064460
3734,1228,2026-01-12 18:00:00,2025-12-09 18:00:00,11:00,TARJETA,CANCELADA,13,Pedicura en seco básica,Pedicura en seco terminado spa,300.0,1h 15min,2026-07-29 22:26:37.027464
3197,1471,2026-01-12 18:00:00,2025-12-24 18:00:00,13:00,TARJETA,CONFIRMADA,4,Polygel forma coffin ,Uñas polygel,400.0,2h 30min,2026-07-29 22:27:43.196392
3747,1418,2026-01-12 18:00:00,2025-12-23 18:00:00,15:00,TRANSFERENCIA,CONFIRMADA,3,Baño acrílico clásico,Baño de acrílico,200.0,1h,2026-07-29 22:27:29.002155
4027,1273,2026-01-12 18:00:00,2026-01-07 18:00:00,13:00,TARJETA,CONFIRMADA,3,Baño acrílico clásico,Baño de acrílico,200.0,1h,2026-07-29 22:26:49.446252
4714,1472,2026-01-13 18:00:00,2025-12-22 18:00:00,13:00,TRANSFERENCIA,CONFIRMADA,5,Softgel natural,Uñas Softgel,300.0,1h 30min,2026-07-29 22:27:43.836124
3666,1292,2026-01-13 18:00:00,2025-12-16 18:00:00,15:00,TARJETA,CONFIRMADA,4,Polygel forma coffin ,Uñas polygel,400.0,2h 30min,2026-07-29 22:26:54.530407
4242,1298,2026-01-13 18:00:00,2026-01-11 18:00:00,09:00,TARJETA,CONFIRMADA,13,Pedicura en seco básica,Pedicura en seco terminado spa,300.0,1h 15min,2026-07-29 22:26:56.136434
3470,1427,2026-01-13 18:00:00,2026-01-03 18:00:00,09:00,TRANSFERENCIA,CONFIRMADA,11,Pedicura spa clásica ,Pedicura spa,280.0,1h 30min,2026-07-29 22:27:31.458812
4517,1334,2026-01-13 18:00:00,2025-12-31 18:00:00,17:00,TARJETA,CONFIRMADA,5,Softgel natural,Uñas Softgel,300.0,1h 30min,2026-07-29 22:27:05.801696
4556,,2026-01-13 18:00:00,2025-12-20 18:00:00,09:00,EFECTIVO,CONFIRMADA,11,Pedicura spa clásica ,Pedicura spa,280.0,1h 30min,
5055,1468,2026-01-13 18:00:00,2025-12-10 18:00:00,11:00,TARJETA,CONFIRMADA,3,Baño acrílico clásico,Baño de acrílico,200.0,1h,2026-07-29 22:27:42.399971
4393,1328,2026-01-13 18:00:00,2025-12-26 18:00:00,13:00,TRANSFERENCIA,CONFIRMADA,4,Polygel forma coffin ,Uñas polygel,400.0,2h 30min,2026-07-29 22:27:04.194278
3451,1424,2026-01-14 18:00:00,2026-01-07 18:00:00,17:00,TARJETA,CONFIRMADA,4,Polygel forma coffin ,Uñas polygel,400.0,2h 30min,2026-07-29 22:27:30.658333
4603,,2026-01-14 18:00:00,2025-12-26 18:00:00,11:00,TARJETA,CONFIRMADA,5,Softgel natural,Uñas Softgel,300.0,1h 30min,
3663,1355,2026-01-14 18:00:00,2025-12-13 18:00:00,17:00,TARJETA,CONFIRMADA,9,Laminado + depilación,Laminado de cejas,380.0,1h 30min,2026-07-29 22:27:11.416886
3910,1398,2026-01-14 18:00:00,2025-12-15 18:00:00,15:00,TRANSFERENCIA,CONFIRMADA,9,Laminado + depilación,Laminado de cejas,380.0,1h 30min,2026-07-29 22:27:22.985016
3794,1396,2026-01-15 18:00:00,2026-01-06 18:00:00,11:00,TARJETA,CONFIRMADA,2,Laminado de cejas básico,Laminado de cejas,270.0,1h,2026-07-29 22:27:22.449818
4100,1321,2026-01-15 18:00:00,2025-12-17 18:00:00,13:00,TARJETA,CONFIRMADA,4,Polygel forma coffin ,Uñas polygel,400.0,2h 30min,2026-07-29 22:27:02.328255
3559,,2026-01-15 18:00:00,2025-12-29 18:00:00,11:00,EFECTIVO,CONFIRMADA,11,Pedicura spa clásica ,Pedicura spa,280.0,1h 30min,
4022,1505,2026-01-15 18:00:00,2025-12-12 18:00:00,17:00,TARJETA,CANCELADA,9,Laminado + depilación,Laminado de cejas,380.0,1h 30min,2026-07-29 22:27:52.752296
3728,1449,2026-01-15 18:00:00,2025-12-25 18:00:00,13:00,TRANSFERENCIA,CONFIRMADA,12,Pedicura macro clásica,Pedicura Macro,320.0,1h 30min,2026-07-29 22:27:37.334677
4920,1463,2026-01-15 18:00:00,2025-12-13 18:00:00,17:00,TARJETA,CONFIRMADA,4,Polygel forma coffin ,Uñas polygel,400.0,2h 30min,2026-07-29 22:27:41.066615
4120,1293,2026-01-15 18:00:00,2026-01-08 18:00:00,13:00,TRANSFERENCIA,CONFIRMADA,3,Baño acrílico clásico,Baño de acrílico,200.0,1h,2026-07-29 22:26:54.797840
4257,1356,2026-01-15 18:00:00,2025-12-17 18:00:00,11:00,TARJETA,CONFIRMADA,8,Uñas esculturales forma cuadrada,Uñas esculturales,350.0,2hrs,2026-07-29 22:27:11.683633
3563,1268,2026-01-15 18:00:00,2025-12-13 18:00:00,17:00,TARJETA,CANCELADA,10,Lash lifting clásico,Lash lifting,350.0,1h,2026-07-29 22:26:48.107787
3316,1506,2026-01-16 18:00:00,2026-01-09 18:00:00,09:00,TARJETA,CONFIRMADA,3,Baño acrílico clásico,Baño de acrílico,200.0,1h,2026-07-29 22:27:53.018622
3544,1366,2026-01-16 18:00:00,2025-12-25 18:00:00,15:00,TARJETA,CONFIRMADA,12,Pedicura macro clásica,Pedicura Macro,320.0,1h 30min,2026-07-29 22:27:14.354396
4946,1284,2026-01-16 18:00:00,2025-12-12 18:00:00,15:00,TARJETA,CONFIRMADA,11,Pedicura spa clásica ,Pedicura spa,280.0,1h 30min,2026-07-29 22:26:52.394271
4277,1246,2026-01-16 18:00:00,2026-01-14 18:00:00,09:00,TRANSFERENCIA,CANCELADA,13,Pedicura en seco básica,Pedicura en seco terminado spa,300.0,1h 15min,2026-07-29 22:26:42.137262
3200,1285,2026-01-16 18:00:00,2025-12-27 18:00:00,17:00,TARJETA,CONFIRMADA,10,Lash lifting clásico,Lash lifting,350.0,1h,2026-07-29 22:26:52.662237
3657,1374,2026-01-17 18:00:00,2025-12-14 18:00:00,17:00,TRANSFERENCIA,CANCELADA,2,Laminado de cejas básico,Laminado de cejas,270.0,1h,2026-07-29 22:27:16.547357
3205,1255,2026-01-17 18:00:00,2025-12-27 18:00:00,11:00,TRANSFERENCIA,CONFIRMADA,6,Uñas esculturales forma almendra ,Uñas esculturales,380.0,2 hrs,2026-07-29 22:26:44.598657
4240,1334,2026-01-17 18:00:00,2026-01-17 18:00:00,11:00,TARJETA,CONFIRMADA,13,Pedicura en seco básica,Pedicura en seco terminado spa,300.0,1h 15min,2026-07-29 22:27:05.801696
4673,1290,2026-01-17 18:00:00,2025-12-16 18:00:00,13:00,TRANSFERENCIA,CONFIRMADA,6,Uñas esculturales forma almendra ,Uñas esculturales,380.0,2 hrs,2026-07-29 22:26:53.997308
4216,1349,2026-01-17 18:00:00,2026-01-06 18:00:00,11:00,TRANSFERENCIA,CONFIRMADA,2,Laminado de cejas básico,Laminado de cejas,270.0,1h,2026-07-29 22:27:09.816414
4057,1364,2026-01-17 18:00:00,2025-12-29 18:00:00,11:00,TRANSFERENCIA,CONFIRMADA,6,Uñas esculturales forma almendra ,Uñas esculturales,380.0,2 hrs,2026-07-29 22:27:13.819812
5007,1484,2026-01-17 18:00:00,2026-01-13 18:00:00,13:00,TRANSFERENCIA,CANCELADA,11,Pedicura spa clásica ,Pedicura spa,280.0,1h 30min,2026-07-29 22:27:47.134906
3634,1203,2026-01-17 18:00:00,2025-12-21 18:00:00,09:00,TARJETA,CONFIRMADA,8,Uñas esculturales forma cuadrada,Uñas esculturales,350.0,2hrs,2026-07-29 22:26:30.343863
3312,1295,2026-01-19 18:00:00,2026-01-17 18:00:00,09:00,TRANSFERENCIA,CONFIRMADA,11,Pedicura spa clásica ,Pedicura spa,280.0,1h 30min,2026-07-29 22:26:55.332162
4680,1309,2026-01-19 18:00:00,2026-01-15 18:00:00,09:00,TARJETA,CONFIRMADA,5,Softgel natural,Uñas Softgel,300.0,1h 30min,2026-07-29 22:26:59.071497
4677,1251,2026-01-19 18:00:00,2026-01-02 18:00:00,11:00,TRANSFERENCIA,CANCELADA,2,Laminado de cejas básico,Laminado de cejas,270.0,1h,2026-07-29 22:26:43.473866
4863,1518,2026-01-19 18:00:00,2026-01-14 18:00:00,13:00,TARJETA,CONFIRMADA,2,Laminado de cejas básico,Laminado de cejas,270.0,1h,2026-07-29 22:27:56.524304
3872,1373,2026-01-19 18:00:00,2026-01-06 18:00:00,11:00,TARJETA,CONFIRMADA,4,Polygel forma coffin ,Uñas polygel,400.0,2h 30min,2026-07-29 22:27:16.281370
4185,1323,2026-01-19 18:00:00,2026-01-06 18:00:00,11:00,TARJETA,CONFIRMADA,6,Uñas esculturales forma almendra ,Uñas esculturales,380.0,2 hrs,2026-07-29 22:27:02.862022
4628,,2026-01-19 18:00:00,2025-12-22 18:00:00,09:00,TARJETA,CONFIRMADA,8,Uñas esculturales forma cuadrada,Uñas esculturales,350.0,2hrs,
4652,1438,2026-01-19 18:00:00,2026-01-15 18:00:00,09:00,TARJETA,CONFIRMADA,12,Pedicura macro clásica,Pedicura Macro,320.0,1h 30min,2026-07-29 22:27:34.395680
3193,1244,2026-01-20 18:00:00,2025-12-22 18:00:00,11:00,TRANSFERENCIA,CONFIRMADA,3,Baño acrílico clásico,Baño de acrílico,200.0,1h,2026-07-29 22:26:41.602259
4423,1227,2026-01-20 18:00:00,2025-12-31 18:00:00,11:00,TARJETA,CONFIRMADA,6,Uñas esculturales forma almendra ,Uñas esculturales,380.0,2 hrs,2026-07-29 22:26:36.761102
4843,,2026-01-20 18:00:00,2025-12-19 18:00:00,09:00,EFECTIVO,CONFIRMADA,3,Baño acrílico clásico,Baño de acrílico,200.0,1h,
4718,1469,2026-01-20 18:00:00,2026-01-13 18:00:00,15:00,TARJETA,CONFIRMADA,8,Uñas esculturales forma cuadrada,Uñas esculturales,350.0,2hrs,2026-07-29 22:27:42.667831
5043,1287,2026-01-20 18:00:00,2025-12-26 18:00:00,17:00,TRANSFERENCIA,CONFIRMADA,8,Uñas esculturales forma cuadrada,Uñas esculturales,350.0,2hrs,2026-07-29 22:26:53.197711
4234,1418,2026-01-20 18:00:00,2026-01-09 18:00:00,15:00,TRANSFERENCIA,CONFIRMADA,9,Laminado + depilación,Laminado de cejas,380.0,1h 30min,2026-07-29 22:27:29.002155
3997,1340,2026-01-20 18:00:00,2026-01-12 18:00:00,15:00,TARJETA,CONFIRMADA,9,Laminado + depilación,Laminado de cejas,380.0,1h 30min,2026-07-29 22:27:07.411281
4976,1335,2026-01-20 18:00:00,2025-12-19 18:00:00,13:00,TARJETA,CONFIRMADA,12,Pedicura macro clásica,Pedicura Macro,320.0,1h 30min,2026-07-29 22:27:06.070151
3211,1259,2026-01-20 18:00:00,2025-12-29 18:00:00,17:00,TRANSFERENCIA,CONFIRMADA,3,Baño acrílico clásico,Baño de acrílico,200.0,1h,2026-07-29 22:26:45.677615
4890,1353,2026-01-20 18:00:00,2025-12-25 18:00:00,11:00,TARJETA,CONFIRMADA,13,Pedicura en seco básica,Pedicura en seco terminado spa,300.0,1h 15min,2026-07-29 22:27:10.884273
4249,1440,2026-01-20 18:00:00,2025-12-31 18:00:00,17:00,TARJETA,CONFIRMADA,11,Pedicura spa clásica ,Pedicura spa,280.0,1h 30min,2026-07-29 22:27:34.930767
3480,1393,2026-01-20 18:00:00,2026-01-18 18:00:00,11:00,TARJETA,CONFIRMADA,10,Lash lifting clásico,Lash lifting,350.0,1h,2026-07-29 22:27:21.637577
4304,,2026-01-21 18:00:00,2025-12-27 18:00:00,11:00,EFECTIVO,CONFIRMADA,2,Laminado de cejas básico,Laminado de cejas,270.0,1h,
4936,1214,2026-01-21 18:00:00,2025-12-20 18:00:00,13:00,TRANSFERENCIA,CANCELADA,9,Laminado + depilación,Laminado de cejas,380.0,1h 30min,2026-07-29 22:26:33.288219
4853,1233,2026-01-22 18:00:00,2026-01-14 18:00:00,15:00,TARJETA,CONFIRMADA,13,Pedicura en seco básica,Pedicura en seco terminado spa,300.0,1h 15min,2026-07-29 22:26:38.368030
3905,1339,2026-01-22 18:00:00,2025-12-25 18:00:00,13:00,TRANSFERENCIA,CANCELADA,2,Laminado de cejas básico,Laminado de cejas,270.0,1h,2026-07-29 22:27:07.144872
4063,,2026-01-22 18:00:00,2026-01-20 18:00:00,15:00,EFECTIVO,CONFIRMADA,9,Laminado + depilación,Laminado de cejas,380.0,1h 30min,
3987,1317,2026-01-22 18:00:00,2025-12-24 18:00:00,17:00,TARJETA,CONFIRMADA,8,Uñas esculturales forma cuadrada,Uñas esculturales,350.0,2hrs,2026-07-29 22:27:01.258547
4832,1214,2026-01-22 18:00:00,2026-01-21 18:00:00,15:00,TARJETA,CONFIRMADA,5,Softgel natural,Uñas Softgel,300.0,1h 30min,2026-07-29 22:26:33.288219
4846,1349,2026-01-22 18:00:00,2025-12-20 18:00:00,15:00,TARJETA,CONFIRMADA,6,Uñas esculturales forma almendra ,Uñas esculturales,380.0,2 hrs,2026-07-29 22:27:09.816414
3795,1520,2026-01-22 18:00:00,2025-12-22 18:00:00,17:00,TARJETA,CONFIRMADA,6,Uñas esculturales forma almendra ,Uñas esculturales,380.0,2 hrs,2026-07-29 22:27:57.057299
3937,1419,2026-01-23 18:00:00,2026-01-08 18:00:00,17:00,TARJETA,CONFIRMADA,8,Uñas esculturales forma cuadrada,Uñas esculturales,350.0,2hrs,2026-07-29 22:27:29.267744
5132,1476,2026-01-23 18:00:00,2026-01-12 18:00:00,13:00,TRANSFERENCIA,CONFIRMADA,10,Lash lifting clásico,Lash lifting,350.0,1h,2026-07-29 22:27:45.001007
3584,1477,2026-01-23 18:00:00,2026-01-03 18:00:00,11:00,TRANSFERENCIA,CONFIRMADA,9,Laminado + depilación,Laminado de cejas,380.0,1h 30min,2026-07-29 22:27:45.265346
3637,1280,2026-01-23 18:00:00,2026-01-05 18:00:00,17:00,TRANSFERENCIA,CONFIRMADA,8,Uñas esculturales forma cuadrada,Uñas esculturales,350.0,2hrs,2026-07-29 22:26:51.319857
3554,1324,2026-01-23 18:00:00,2026-01-01 18:00:00,15:00,TARJETA,CONFIRMADA,13,Pedicura en seco básica,Pedicura en seco terminado spa,300.0,1h 15min,2026-07-29 22:27:03.129540
5158,1482,2026-01-23 18:00:00,2026-01-19 18:00:00,13:00,TARJETA,CONFIRMADA,6,Uñas esculturales forma almendra ,Uñas esculturales,380.0,2 hrs,2026-07-29 22:27:46.602817
5133,1390,2026-01-23 18:00:00,2026-01-15 18:00:00,17:00,TARJETA,CANCELADA,2,Laminado de cejas básico,Laminado de cejas,270.0,1h,2026-07-29 22:27:20.836618
3805,1269,2026-01-23 18:00:00,2026-01-14 18:00:00,11:00,TARJETA,CONFIRMADA,10,Lash lifting clásico,Lash lifting,350.0,1h,2026-07-29 22:26:48.375997
4589,1331,2026-01-24 18:00:00,2026-01-20 18:00:00,15:00,TARJETA,CONFIRMADA,13,Pedicura en seco básica,Pedicura en seco terminado spa,300.0,1h 15min,2026-07-29 22:27:04.997139
3991,1446,2026-01-24 18:00:00,2026-01-02 18:00:00,11:00,TARJETA,CONFIRMADA,11,Pedicura spa clásica ,Pedicura spa,280.0,1h 30min,2026-07-29 22:27:36.531878
4239,1451,2026-01-24 18:00:00,2025-12-21 18:00:00,11:00,TRANSFERENCIA,CONFIRMADA,5,Softgel natural,Uñas Softgel,300.0,1h 30min,2026-07-29 22:27:37.865260
4584,1248,2026-01-24 18:00:00,2025-12-22 18:00:00,11:00,TARJETA,CANCELADA,6,Uñas esculturales forma almendra ,Uñas esculturales,380.0,2 hrs,2026-07-29 22:26:42.672551
4738,1306,2026-01-24 18:00:00,2026-01-15 18:00:00,13:00,TARJETA,CONFIRMADA,5,Softgel natural,Uñas Softgel,300.0,1h 30min,2026-07-29 22:26:58.274595
3521,1482,2026-01-24 18:00:00,2026-01-19 18:00:00,15:00,TARJETA,CONFIRMADA,12,Pedicura macro clásica,Pedicura Macro,320.0,1h 30min,2026-07-29 22:27:46.602817
3722,1288,2026-01-24 18:00:00,2026-01-06 18:00:00,17:00,TARJETA,CONFIRMADA,6,Uñas esculturales forma almendra ,Uñas esculturales,380.0,2 hrs,2026-07-29 22:26:53.465308
560,24,2026-01-26 12:00:00,2026-07-20 02:20:23.024000,15:00,EFECTIVO,COMPLETADA,13,Pedicura en seco básica,Pedicura en seco terminado spa,300.0,1h 15min,2026-07-07 05:20:37.047054
689,7,2026-01-26 12:00:00,2026-07-20 02:20:23.777000,17:00,TRANSFERENCIA,CANCELADA,2,Laminado de cejas básico,Laminado de cejas,270.0,1h,2026-03-07 23:51:22.616000
4193,1385,2026-01-26 18:00:00,2026-01-03 18:00:00,11:00,TRANSFERENCIA,CANCELADA,13,Pedicura en seco básica,Pedicura en seco terminado spa,300.0,1h 15min,2026-07-29 22:27:19.497962
3751,1479,2026-01-26 18:00:00,2026-01-19 18:00:00,11:00,TRANSFERENCIA,CONFIRMADA,3,Baño acrílico clásico,Baño de acrílico,200.0,1h,2026-07-29 22:27:45.796937
5114,1234,2026-01-26 18:00:00,2025-12-26 18:00:00,13:00,TARJETA,CANCELADA,11,Pedicura spa clásica ,Pedicura spa,280.0,1h 30min,2026-07-29 22:26:38.633640
4691,1426,2026-01-26 18:00:00,2026-01-24 18:00:00,09:00,TRANSFERENCIA,CONFIRMADA,12,Pedicura macro clásica,Pedicura Macro,320.0,1h 30min,2026-07-29 22:27:31.191364
4999,1274,2026-01-26 18:00:00,2026-01-09 18:00:00,13:00,TRANSFERENCIA,CONFIRMADA,9,Laminado + depilación,Laminado de cejas,380.0,1h 30min,2026-07-29 22:26:49.715855
5067,1229,2026-01-26 18:00:00,2026-01-25 18:00:00,13:00,TRANSFERENCIA,CONFIRMADA,11,Pedicura spa clásica ,Pedicura spa,280.0,1h 30min,2026-07-29 22:26:37.296512
4168,1466,2026-01-26 18:00:00,2025-12-23 18:00:00,15:00,TARJETA,CONFIRMADA,8,Uñas esculturales forma cuadrada,Uñas esculturales,350.0,2hrs,2026-07-29 22:27:41.865073
5134,,2026-01-26 18:00:00,2026-01-16 18:00:00,09:00,EFECTIVO,CANCELADA,2,Laminado de cejas básico,Laminado de cejas,270.0,1h,
3630,1520,2026-01-26 18:00:00,2026-01-04 18:00:00,13:00,TARJETA,CONFIRMADA,4,Polygel forma coffin ,Uñas polygel,400.0,2h 30min,2026-07-29 22:27:57.057299
3380,1295,2026-01-26 18:00:00,2025-12-26 18:00:00,11:00,TRANSFERENCIA,CANCELADA,5,Softgel natural,Uñas Softgel,300.0,1h 30min,2026-07-29 22:26:55.332162
5099,1390,2026-01-26 18:00:00,2026-01-21 18:00:00,17:00,TRANSFERENCIA,CANCELADA,8,Uñas esculturales forma cuadrada,Uñas esculturales,350.0,2hrs,2026-07-29 22:27:20.836618
3931,1462,2026-01-26 18:00:00,2025-12-25 18:00:00,11:00,TRANSFERENCIA,CANCELADA,13,Pedicura en seco básica,Pedicura en seco terminado spa,300.0,1h 15min,2026-07-29 22:27:40.799967
3354,1440,2026-01-26 18:00:00,2026-01-05 18:00:00,17:00,TARJETA,CONFIRMADA,4,Polygel forma coffin ,Uñas polygel,400.0,2h 30min,2026-07-29 22:27:34.930767
3948,1201,2026-01-26 18:00:00,2025-12-25 18:00:00,15:00,TARJETA,CONFIRMADA,3,Baño acrílico clásico,Baño de acrílico,200.0,1h,2026-07-29 22:26:29.808823
4066,1454,2026-01-26 18:00:00,2026-01-03 18:00:00,13:00,TRANSFERENCIA,CONFIRMADA,6,Uñas esculturales forma almendra ,Uñas esculturales,380.0,2 hrs,2026-07-29 22:27:38.663229
4113,1258,2026-01-26 18:00:00,2026-01-01 18:00:00,13:00,TARJETA,CONFIRMADA,3,Baño acrílico clásico,Baño de acrílico,200.0,1h,2026-07-29 22:26:45.410178
3939,1319,2026-01-26 18:00:00,2025-12-22 18:00:00,15:00,TRANSFERENCIA,CONFIRMADA,6,Uñas esculturales forma almendra ,Uñas esculturales,380.0,2 hrs,2026-07-29 22:27:01.792669
3524,1472,2026-01-26 18:00:00,2026-01-05 18:00:00,13:00,TARJETA,CONFIRMADA,8,Uñas esculturales forma cuadrada,Uñas esculturales,350.0,2hrs,2026-07-29 22:27:43.836124
983,8,2026-01-27 12:00:00,2026-07-20 02:20:26.033000,09:00,TRANSFERENCIA,COMPLETADA,9,Laminado + depilación,Laminado de cejas,380.0,1h 30min,2026-03-08 20:36:16.390000
4705,1425,2026-01-27 18:00:00,2026-01-16 18:00:00,09:00,TARJETA,CANCELADA,8,Uñas esculturales forma cuadrada,Uñas esculturales,350.0,2hrs,2026-07-29 22:27:30.925337
4383,,2026-01-27 18:00:00,2025-12-24 18:00:00,15:00,EFECTIVO,CANCELADA,5,Softgel natural,Uñas Softgel,300.0,1h 30min,
5116,1280,2026-01-27 18:00:00,2026-01-10 18:00:00,13:00,TARJETA,CONFIRMADA,13,Pedicura en seco básica,Pedicura en seco terminado spa,300.0,1h 15min,2026-07-29 22:26:51.319857
3234,1229,2026-01-27 18:00:00,2026-01-17 18:00:00,11:00,TRANSFERENCIA,CONFIRMADA,3,Baño acrílico clásico,Baño de acrílico,200.0,1h,2026-07-29 22:26:37.296512
4545,1502,2026-01-27 18:00:00,2025-12-30 18:00:00,13:00,TARJETA,CONFIRMADA,2,Laminado de cejas básico,Laminado de cejas,270.0,1h,2026-07-29 22:27:51.952397
3628,1313,2026-01-27 18:00:00,2026-01-08 18:00:00,15:00,TARJETA,CONFIRMADA,11,Pedicura spa clásica ,Pedicura spa,280.0,1h 30min,2026-07-29 22:27:00.191541
4775,,2026-01-27 18:00:00,2026-01-20 18:00:00,11:00,TARJETA,CONFIRMADA,9,Laminado + depilación,Laminado de cejas,380.0,1h 30min,
3440,1241,2026-01-28 18:00:00,2026-01-19 18:00:00,15:00,TRANSFERENCIA,CONFIRMADA,6,Uñas esculturales forma almendra ,Uñas esculturales,380.0,2 hrs,2026-07-29 22:26:40.505203
4958,1217,2026-01-28 18:00:00,2026-01-09 18:00:00,15:00,TRANSFERENCIA,CANCELADA,10,Lash lifting clásico,Lash lifting,350.0,1h,2026-07-29 22:26:34.095882
4587,,2026-01-28 18:00:00,2026-01-27 18:00:00,11:00,EFECTIVO,CANCELADA,11,Pedicura spa clásica ,Pedicura spa,280.0,1h 30min,
3487,1209,2026-01-28 18:00:00,2026-01-13 18:00:00,13:00,TARJETA,CONFIRMADA,3,Baño acrílico clásico,Baño de acrílico,200.0,1h,2026-07-29 22:26:31.949502
4519,,2026-01-28 18:00:00,2026-01-22 18:00:00,09:00,TARJETA,CONFIRMADA,11,Pedicura spa clásica ,Pedicura spa,280.0,1h 30min,
3394,1308,2026-01-28 18:00:00,2026-01-06 18:00:00,15:00,TARJETA,CONFIRMADA,8,Uñas esculturales forma cuadrada,Uñas esculturales,350.0,2hrs,2026-07-29 22:26:58.806519
4310,1439,2026-01-28 18:00:00,2026-01-14 18:00:00,15:00,TARJETA,CONFIRMADA,8,Uñas esculturales forma cuadrada,Uñas esculturales,350.0,2hrs,2026-07-29 22:27:34.662721
3911,1448,2026-01-28 18:00:00,2026-01-23 18:00:00,15:00,TRANSFERENCIA,CONFIRMADA,11,Pedicura spa clásica ,Pedicura spa,280.0,1h 30min,2026-07-29 22:27:37.064339
4833,1314,2026-01-28 18:00:00,2026-01-16 18:00:00,09:00,TRANSFERENCIA,CONFIRMADA,5,Softgel natural,Uñas Softgel,300.0,1h 30min,2026-07-29 22:27:00.458578
4540,1385,2026-01-28 18:00:00,2026-01-06 18:00:00,11:00,TRANSFERENCIA,CONFIRMADA,2,Laminado de cejas básico,Laminado de cejas,270.0,1h,2026-07-29 22:27:19.497962
4626,1318,2026-01-28 18:00:00,2026-01-12 18:00:00,13:00,TRANSFERENCIA,CONFIRMADA,10,Lash lifting clásico,Lash lifting,350.0,1h,2026-07-29 22:27:01.525108
3513,1343,2026-01-28 18:00:00,2025-12-31 18:00:00,15:00,TRANSFERENCIA,CONFIRMADA,11,Pedicura spa clásica ,Pedicura spa,280.0,1h 30min,2026-07-29 22:27:08.211214
4565,1390,2026-01-29 18:00:00,2026-01-12 18:00:00,13:00,TARJETA,CANCELADA,4,Polygel forma coffin ,Uñas polygel,400.0,2h 30min,2026-07-29 22:27:20.836618
3802,1351,2026-01-29 18:00:00,2026-01-06 18:00:00,11:00,TARJETA,CONFIRMADA,5,Softgel natural,Uñas Softgel,300.0,1h 30min,2026-07-29 22:27:10.349870
5127,,2026-01-29 18:00:00,2025-12-29 18:00:00,09:00,EFECTIVO,CONFIRMADA,3,Baño acrílico clásico,Baño de acrílico,200.0,1h,
4381,1233,2026-01-29 18:00:00,2025-12-30 18:00:00,15:00,TRANSFERENCIA,CONFIRMADA,9,Laminado + depilación,Laminado de cejas,380.0,1h 30min,2026-07-29 22:26:38.368030
4490,1270,2026-01-29 18:00:00,2026-01-07 18:00:00,11:00,TARJETA,CONFIRMADA,2,Laminado de cejas básico,Laminado de cejas,270.0,1h,2026-07-29 22:26:48.646780
395,6,2026-01-30 12:00:00,2026-07-20 02:20:21.506000,11:00,TRANSFERENCIA,COMPLETADA,6,Uñas esculturales forma almendra ,Uñas esculturales,380.0,2 hrs,2026-03-07 23:37:37.183000
4899,1457,2026-01-30 18:00:00,2026-01-14 18:00:00,17:00,TARJETA,CONFIRMADA,2,Laminado de cejas básico,Laminado de cejas,270.0,1h,2026-07-29 22:27:39.464495
4612,,2026-01-30 18:00:00,2025-12-31 18:00:00,15:00,EFECTIVO,CONFIRMADA,4,Polygel forma coffin ,Uñas polygel,400.0,2h 30min,
3374,1253,2026-01-30 18:00:00,2026-01-14 18:00:00,17:00,TARJETA,CONFIRMADA,4,Polygel forma coffin ,Uñas polygel,400.0,2h 30min,2026-07-29 22:26:44.007138
3500,1440,2026-01-30 18:00:00,2026-01-13 18:00:00,17:00,TARJETA,CONFIRMADA,12,Pedicura macro clásica,Pedicura Macro,320.0,1h 30min,2026-07-29 22:27:34.930767
3788,1292,2026-01-30 18:00:00,2026-01-18 18:00:00,17:00,TRANSFERENCIA,CONFIRMADA,10,Lash lifting clásico,Lash lifting,350.0,1h,2026-07-29 22:26:54.530407
4452,1338,2026-01-30 18:00:00,2026-01-03 18:00:00,17:00,TARJETA,CONFIRMADA,5,Softgel natural,Uñas Softgel,300.0,1h 30min,2026-07-29 22:27:06.878104
3218,1390,2026-01-30 18:00:00,2026-01-25 18:00:00,13:00,TARJETA,CONFIRMADA,12,Pedicura macro clásica,Pedicura Macro,320.0,1h 30min,2026-07-29 22:27:20.836618
3629,1254,2026-01-30 18:00:00,2026-01-14 18:00:00,11:00,TARJETA,CONFIRMADA,2,Laminado de cejas básico,Laminado de cejas,270.0,1h,2026-07-29 22:26:44.332176
4522,1336,2026-01-30 18:00:00,2025-12-27 18:00:00,11:00,TARJETA,CANCELADA,5,Softgel natural,Uñas Softgel,300.0,1h 30min,2026-07-29 22:27:06.335638
4180,1364,2026-01-30 18:00:00,2026-01-08 18:00:00,15:00,TARJETA,CONFIRMADA,9,Laminado + depilación,Laminado de cejas,380.0,1h 30min,2026-07-29 22:27:13.819812
3479,1423,2026-01-30 18:00:00,2026-01-01 18:00:00,15:00,TARJETA,CONFIRMADA,10,Lash lifting clásico,Lash lifting,350.0,1h,2026-07-29 22:27:30.391201
437,23,2026-01-31 12:00:00,2026-07-20 02:20:21.885000,15:00,TARJETA,COMPLETADA,2,Laminado de cejas básico,Laminado de cejas,270.0,1h,2026-04-16 02:10:54.846869
5088,1338,2026-01-31 18:00:00,2026-01-28 18:00:00,13:00,TARJETA,CANCELADA,9,Laminado + depilación,Laminado de cejas,380.0,1h 30min,2026-07-29 22:27:06.878104
4430,1510,2026-01-31 18:00:00,2026-01-04 18:00:00,15:00,TARJETA,CONFIRMADA,13,Pedicura en seco básica,Pedicura en seco terminado spa,300.0,1h 15min,2026-07-29 22:27:54.083340
3867,1242,2026-01-31 18:00:00,2025-12-30 18:00:00,11:00,TARJETA,CANCELADA,8,Uñas esculturales forma cuadrada,Uñas esculturales,350.0,2hrs,2026-07-29 22:26:40.774259
3274,1278,2026-01-31 18:00:00,2026-01-08 18:00:00,15:00,TARJETA,CANCELADA,9,Laminado + depilación,Laminado de cejas,380.0,1h 30min,2026-07-29 22:26:50.785840
4716,,2026-01-31 18:00:00,2026-01-18 18:00:00,17:00,TARJETA,CONFIRMADA,5,Softgel natural,Uñas Softgel,300.0,1h 30min,
4479,1403,2026-01-31 18:00:00,2026-01-26 18:00:00,15:00,TRANSFERENCIA,CONFIRMADA,11,Pedicura spa clásica ,Pedicura spa,280.0,1h 30min,2026-07-29 22:27:24.311489
5092,1438,2026-01-31 18:00:00,2025-12-30 18:00:00,13:00,TARJETA,CONFIRMADA,13,Pedicura en seco básica,Pedicura en seco terminado spa,300.0,1h 15min,2026-07-29 22:27:34.395680
4762,,2026-01-31 18:00:00,2026-01-08 18:00:00,09:00,EFECTIVO,CONFIRMADA,9,Laminado + depilación,Laminado de cejas,380.0,1h 30min,
3191,1412,2026-01-31 18:00:00,2026-01-16 18:00:00,09:00,TARJETA,CONFIRMADA,4,Polygel forma coffin ,Uñas polygel,400.0,2h 30min,2026-07-29 22:27:27.115180
4223,1367,2026-01-31 18:00:00,2026-01-01 18:00:00,11:00,TRANSFERENCIA,CONFIRMADA,3,Baño acrílico clásico,Baño de acrílico,200.0,1h,2026-07-29 22:27:14.675340
3946,1322,2026-02-02 18:00:00,2026-01-30 18:00:00,17:00,TARJETA,CANCELADA,9,Laminado + depilación,Laminado de cejas,380.0,1h 30min,2026-07-29 22:27:02.595999
4524,1426,2026-02-02 18:00:00,2026-01-05 18:00:00,11:00,TARJETA,CONFIRMADA,13,Pedicura en seco básica,Pedicura en seco terminado spa,300.0,1h 15min,2026-07-29 22:27:31.191364
4191,1283,2026-02-02 18:00:00,2026-01-16 18:00:00,13:00,TARJETA,CONFIRMADA,9,Laminado + depilación,Laminado de cejas,380.0,1h 30min,2026-07-29 22:26:52.128022
3758,1267,2026-02-02 18:00:00,2026-01-24 18:00:00,09:00,TARJETA,CONFIRMADA,3,Baño acrílico clásico,Baño de acrílico,200.0,1h,2026-07-29 22:26:47.814781
3300,1422,2026-02-02 18:00:00,2026-01-14 18:00:00,13:00,TARJETA,CONFIRMADA,10,Lash lifting clásico,Lash lifting,350.0,1h,2026-07-29 22:27:30.125311
4641,1339,2026-02-02 18:00:00,2026-01-25 18:00:00,09:00,TARJETA,CANCELADA,11,Pedicura spa clásica ,Pedicura spa,280.0,1h 30min,2026-07-29 22:27:07.144872
3186,1302,2026-02-02 18:00:00,2025-12-30 18:00:00,15:00,TARJETA,CANCELADA,8,Uñas esculturales forma cuadrada,Uñas esculturales,350.0,2hrs,2026-07-29 22:26:57.207498
4624,1274,2026-02-02 18:00:00,2026-01-25 18:00:00,15:00,TRANSFERENCIA,CONFIRMADA,13,Pedicura en seco básica,Pedicura en seco terminado spa,300.0,1h 15min,2026-07-29 22:26:49.715855
3574,1231,2026-02-02 18:00:00,2026-01-07 18:00:00,15:00,TARJETA,CONFIRMADA,9,Laminado + depilación,Laminado de cejas,380.0,1h 30min,2026-07-29 22:26:37.831572
4737,1288,2026-02-02 18:00:00,2026-01-02 18:00:00,13:00,TARJETA,CONFIRMADA,11,Pedicura spa clásica ,Pedicura spa,280.0,1h 30min,2026-07-29 22:26:53.465308
3632,1242,2026-02-02 18:00:00,2026-01-28 18:00:00,15:00,TARJETA,CANCELADA,12,Pedicura macro clásica,Pedicura Macro,320.0,1h 30min,2026-07-29 22:26:40.774259
5052,1337,2026-02-02 18:00:00,2026-01-23 18:00:00,13:00,TARJETA,CONFIRMADA,5,Softgel natural,Uñas Softgel,300.0,1h 30min,2026-07-29 22:27:06.604814
4353,1401,2026-02-02 18:00:00,2026-01-25 18:00:00,13:00,TARJETA,CONFIRMADA,9,Laminado + depilación,Laminado de cejas,380.0,1h 30min,2026-07-29 22:27:23.782621
3309,1451,2026-02-02 18:00:00,2026-01-09 18:00:00,09:00,TRANSFERENCIA,CONFIRMADA,3,Baño acrílico clásico,Baño de acrílico,200.0,1h,2026-07-29 22:27:37.865260
3525,1281,2026-02-02 18:00:00,2026-01-02 18:00:00,09:00,TRANSFERENCIA,CONFIRMADA,6,Uñas esculturales forma almendra ,Uñas esculturales,380.0,2 hrs,2026-07-29 22:26:51.586486
3247,1245,2026-02-02 18:00:00,2026-01-13 18:00:00,13:00,TARJETA,CANCELADA,8,Uñas esculturales forma cuadrada,Uñas esculturales,350.0,2hrs,2026-07-29 22:26:41.870244
3541,1328,2026-02-02 18:00:00,2026-01-21 18:00:00,09:00,TRANSFERENCIA,CONFIRMADA,2,Laminado de cejas básico,Laminado de cejas,270.0,1h,2026-07-29 22:27:04.194278
3231,1363,2026-02-02 18:00:00,2026-01-30 18:00:00,17:00,TRANSFERENCIA,CONFIRMADA,4,Polygel forma coffin ,Uñas polygel,400.0,2h 30min,2026-07-29 22:27:13.553758
5113,1468,2026-02-03 18:00:00,2026-01-11 18:00:00,17:00,TARJETA,CONFIRMADA,3,Baño acrílico clásico,Baño de acrílico,200.0,1h,2026-07-29 22:27:42.399971
4176,1238,2026-02-03 18:00:00,2026-01-07 18:00:00,13:00,TARJETA,CONFIRMADA,8,Uñas esculturales forma cuadrada,Uñas esculturales,350.0,2hrs,2026-07-29 22:26:39.704665
3613,1245,2026-02-03 18:00:00,2026-01-21 18:00:00,17:00,TARJETA,CONFIRMADA,8,Uñas esculturales forma cuadrada,Uñas esculturales,350.0,2hrs,2026-07-29 22:26:41.870244
4188,1472,2026-02-03 18:00:00,2026-01-02 18:00:00,15:00,TARJETA,CANCELADA,11,Pedicura spa clásica ,Pedicura spa,280.0,1h 30min,2026-07-29 22:27:43.836124
4529,1448,2026-02-03 18:00:00,2026-01-26 18:00:00,13:00,TRANSFERENCIA,CONFIRMADA,9,Laminado + depilación,Laminado de cejas,380.0,1h 30min,2026-07-29 22:27:37.064339
4358,1482,2026-02-03 18:00:00,2026-02-03 18:00:00,15:00,TARJETA,CONFIRMADA,6,Uñas esculturales forma almendra ,Uñas esculturales,380.0,2 hrs,2026-07-29 22:27:46.602817
3625,1352,2026-02-03 18:00:00,2026-01-28 18:00:00,17:00,TRANSFERENCIA,CONFIRMADA,12,Pedicura macro clásica,Pedicura Macro,320.0,1h 30min,2026-07-29 22:27:10.617864
4084,1323,2026-02-03 18:00:00,2026-01-07 18:00:00,17:00,TARJETA,CONFIRMADA,3,Baño acrílico clásico,Baño de acrílico,200.0,1h,2026-07-29 22:27:02.862022
3412,1215,2026-02-03 18:00:00,2026-01-28 18:00:00,11:00,TRANSFERENCIA,CONFIRMADA,13,Pedicura en seco básica,Pedicura en seco terminado spa,300.0,1h 15min,2026-07-29 22:26:33.566158
3548,1374,2026-02-03 18:00:00,2026-01-02 18:00:00,17:00,TARJETA,CONFIRMADA,9,Laminado + depilación,Laminado de cejas,380.0,1h 30min,2026-07-29 22:27:16.547357
63,23,2026-02-04 12:00:00,2026-07-20 02:20:19.221000,09:00,TARJETA,COMPLETADA,8,Uñas esculturales forma cuadrada,Uñas esculturales,350.0,2hrs,2026-04-16 02:10:54.846869
4861,1208,2026-02-04 18:00:00,2026-01-28 18:00:00,17:00,TARJETA,CONFIRMADA,3,Baño acrílico clásico,Baño de acrílico,200.0,1h,2026-07-29 22:26:31.681632
4266,1306,2026-02-04 18:00:00,2026-01-19 18:00:00,17:00,TARJETA,CONFIRMADA,4,Polygel forma coffin ,Uñas polygel,400.0,2h 30min,2026-07-29 22:26:58.274595
5045,,2026-02-04 18:00:00,2026-01-08 18:00:00,15:00,TARJETA,CANCELADA,6,Uñas esculturales forma almendra ,Uñas esculturales,380.0,2 hrs,
4646,1250,2026-02-04 18:00:00,2026-01-29 18:00:00,11:00,TARJETA,CONFIRMADA,4,Polygel forma coffin ,Uñas polygel,400.0,2h 30min,2026-07-29 22:26:43.205503
3781,1463,2026-02-04 18:00:00,2026-02-04 18:00:00,13:00,TRANSFERENCIA,CONFIRMADA,13,Pedicura en seco básica,Pedicura en seco terminado spa,300.0,1h 15min,2026-07-29 22:27:41.066615
3898,1374,2026-02-04 18:00:00,2026-01-25 18:00:00,17:00,TARJETA,CONFIRMADA,12,Pedicura macro clásica,Pedicura Macro,320.0,1h 30min,2026-07-29 22:27:16.547357
4039,1460,2026-02-04 18:00:00,2026-01-12 18:00:00,17:00,TRANSFERENCIA,CANCELADA,12,Pedicura macro clásica,Pedicura Macro,320.0,1h 30min,2026-07-29 22:27:40.267678
4413,1235,2026-02-05 18:00:00,2026-02-02 18:00:00,17:00,TARJETA,CONFIRMADA,4,Polygel forma coffin ,Uñas polygel,400.0,2h 30min,2026-07-29 22:26:38.900603
5102,1214,2026-02-05 18:00:00,2026-01-14 18:00:00,15:00,TARJETA,CONFIRMADA,3,Baño acrílico clásico,Baño de acrílico,200.0,1h,2026-07-29 22:26:33.288219
3210,1404,2026-02-06 18:00:00,2026-01-23 18:00:00,17:00,TARJETA,CONFIRMADA,11,Pedicura spa clásica ,Pedicura spa,280.0,1h 30min,2026-07-29 22:27:24.579439
4086,1209,2026-02-06 18:00:00,2026-01-13 18:00:00,09:00,TARJETA,CONFIRMADA,13,Pedicura en seco básica,Pedicura en seco terminado spa,300.0,1h 15min,2026-07-29 22:26:31.949502
3534,1482,2026-02-06 18:00:00,2026-01-21 18:00:00,09:00,TRANSFERENCIA,CONFIRMADA,13,Pedicura en seco básica,Pedicura en seco terminado spa,300.0,1h 15min,2026-07-29 22:27:46.602817
4940,1369,2026-02-06 18:00:00,2026-02-03 18:00:00,13:00,TRANSFERENCIA,CONFIRMADA,3,Baño acrílico clásico,Baño de acrílico,200.0,1h,2026-07-29 22:27:15.210352
4298,1443,2026-02-06 18:00:00,2026-01-18 18:00:00,09:00,TARJETA,CONFIRMADA,5,Softgel natural,Uñas Softgel,300.0,1h 30min,2026-07-29 22:27:35.731237
3460,1485,2026-02-06 18:00:00,2026-01-13 18:00:00,11:00,TARJETA,CONFIRMADA,8,Uñas esculturales forma cuadrada,Uñas esculturales,350.0,2hrs,2026-07-29 22:27:47.402601
4761,1452,2026-02-06 18:00:00,2026-01-09 18:00:00,13:00,TRANSFERENCIA,CONFIRMADA,10,Lash lifting clásico,Lash lifting,350.0,1h,2026-07-29 22:27:38.130399
4713,1321,2026-02-06 18:00:00,2026-01-27 18:00:00,15:00,TARJETA,CONFIRMADA,10,Lash lifting clásico,Lash lifting,350.0,1h,2026-07-29 22:27:02.328255
4818,1346,2026-02-06 18:00:00,2026-01-02 18:00:00,11:00,TARJETA,CONFIRMADA,11,Pedicura spa clásica ,Pedicura spa,280.0,1h 30min,2026-07-29 22:27:09.012255
4629,1201,2026-02-07 18:00:00,2026-02-01 18:00:00,11:00,TRANSFERENCIA,CONFIRMADA,13,Pedicura en seco básica,Pedicura en seco terminado spa,300.0,1h 15min,2026-07-29 22:26:29.808823
4827,1352,2026-02-07 18:00:00,2026-02-06 18:00:00,09:00,TARJETA,CONFIRMADA,2,Laminado de cejas básico,Laminado de cejas,270.0,1h,2026-07-29 22:27:10.617864
4427,1256,2026-02-07 18:00:00,2026-01-20 18:00:00,15:00,TARJETA,CONFIRMADA,8,Uñas esculturales forma cuadrada,Uñas esculturales,350.0,2hrs,2026-07-29 22:26:44.865558
3929,1261,2026-02-07 18:00:00,2026-01-30 18:00:00,17:00,TRANSFERENCIA,CANCELADA,13,Pedicura en seco básica,Pedicura en seco terminado spa,300.0,1h 15min,2026-07-29 22:26:46.211062
3581,1472,2026-02-07 18:00:00,2026-01-13 18:00:00,11:00,TRANSFERENCIA,CANCELADA,5,Softgel natural,Uñas Softgel,300.0,1h 30min,2026-07-29 22:27:43.836124
3923,1391,2026-02-07 18:00:00,2026-02-05 18:00:00,15:00,TARJETA,CONFIRMADA,4,Polygel forma coffin ,Uñas polygel,400.0,2h 30min,2026-07-29 22:27:21.102352
4035,1294,2026-02-07 18:00:00,2026-01-22 18:00:00,13:00,TRANSFERENCIA,CONFIRMADA,6,Uñas esculturales forma almendra ,Uñas esculturales,380.0,2 hrs,2026-07-29 22:26:55.064639
3582,1520,2026-02-07 18:00:00,2026-02-03 18:00:00,09:00,TARJETA,CONFIRMADA,6,Uñas esculturales forma almendra ,Uñas esculturales,380.0,2 hrs,2026-07-29 22:27:57.057299
3456,1204,2026-02-07 18:00:00,2026-01-03 18:00:00,17:00,TARJETA,CONFIRMADA,9,Laminado + depilación,Laminado de cejas,380.0,1h 30min,2026-07-29 22:26:30.611432
5124,1290,2026-02-09 18:00:00,2026-01-18 18:00:00,11:00,TRANSFERENCIA,CONFIRMADA,6,Uñas esculturales forma almendra ,Uñas esculturales,380.0,2 hrs,2026-07-29 22:26:53.997308
4788,1302,2026-02-09 18:00:00,2026-02-09 18:00:00,13:00,TARJETA,CONFIRMADA,11,Pedicura spa clásica ,Pedicura spa,280.0,1h 30min,2026-07-29 22:26:57.207498
3916,1480,2026-02-09 18:00:00,2026-01-16 18:00:00,11:00,TRANSFERENCIA,CANCELADA,6,Uñas esculturales forma almendra ,Uñas esculturales,380.0,2 hrs,2026-07-29 22:27:46.064460
4104,1255,2026-02-09 18:00:00,2026-01-19 18:00:00,15:00,TARJETA,CANCELADA,10,Lash lifting clásico,Lash lifting,350.0,1h,2026-07-29 22:26:44.598657
3596,1418,2026-02-09 18:00:00,2026-01-24 18:00:00,15:00,TARJETA,CONFIRMADA,13,Pedicura en seco básica,Pedicura en seco terminado spa,300.0,1h 15min,2026-07-29 22:27:29.002155
3207,1479,2026-02-09 18:00:00,2026-01-17 18:00:00,15:00,TRANSFERENCIA,CONFIRMADA,5,Softgel natural,Uñas Softgel,300.0,1h 30min,2026-07-29 22:27:45.796937
3215,1236,2026-02-09 18:00:00,2026-01-08 18:00:00,17:00,TARJETA,CANCELADA,13,Pedicura en seco básica,Pedicura en seco terminado spa,300.0,1h 15min,2026-07-29 22:26:39.168143
4654,1344,2026-02-09 18:00:00,2026-02-02 18:00:00,09:00,TRANSFERENCIA,CONFIRMADA,3,Baño acrílico clásico,Baño de acrílico,200.0,1h,2026-07-29 22:27:08.477626
4951,1444,2026-02-09 18:00:00,2026-01-13 18:00:00,15:00,TRANSFERENCIA,CONFIRMADA,3,Baño acrílico clásico,Baño de acrílico,200.0,1h,2026-07-29 22:27:35.997836
3250,1261,2026-02-09 18:00:00,2026-01-09 18:00:00,15:00,TARJETA,CONFIRMADA,10,Lash lifting clásico,Lash lifting,350.0,1h,2026-07-29 22:26:46.211062
4730,1400,2026-02-09 18:00:00,2026-02-04 18:00:00,13:00,TRANSFERENCIA,CONFIRMADA,10,Lash lifting clásico,Lash lifting,350.0,1h,2026-07-29 22:27:23.516358
4902,,2026-02-09 18:00:00,2026-01-17 18:00:00,17:00,TARJETA,CONFIRMADA,8,Uñas esculturales forma cuadrada,Uñas esculturales,350.0,2hrs,
4939,1451,2026-02-09 18:00:00,2026-01-11 18:00:00,13:00,TRANSFERENCIA,CONFIRMADA,3,Baño acrílico clásico,Baño de acrílico,200.0,1h,2026-07-29 22:27:37.865260
4012,1485,2026-02-09 18:00:00,2026-01-17 18:00:00,13:00,TRANSFERENCIA,CONFIRMADA,4,Polygel forma coffin ,Uñas polygel,400.0,2h 30min,2026-07-29 22:27:47.402601
5009,1259,2026-02-09 18:00:00,2026-01-29 18:00:00,09:00,TRANSFERENCIA,CONFIRMADA,3,Baño acrílico clásico,Baño de acrílico,200.0,1h,2026-07-29 22:26:45.677615
548,24,2026-02-10 12:00:00,2026-07-20 02:20:22.646000,11:00,,COMPLETADA,10,Lash lifting clásico,Lash lifting,350.0,1h,2026-07-07 05:20:37.047054
3823,1236,2026-02-10 18:00:00,2026-01-25 18:00:00,15:00,TARJETA,CANCELADA,10,Lash lifting clásico,Lash lifting,350.0,1h,2026-07-29 22:26:39.168143
3560,1493,2026-02-10 18:00:00,2026-01-14 18:00:00,09:00,TRANSFERENCIA,CONFIRMADA,4,Polygel forma coffin ,Uñas polygel,400.0,2h 30min,2026-07-29 22:27:49.543315
5059,1308,2026-02-10 18:00:00,2026-01-10 18:00:00,11:00,TARJETA,CONFIRMADA,4,Polygel forma coffin ,Uñas polygel,400.0,2h 30min,2026-07-29 22:26:58.806519
3324,1310,2026-02-10 18:00:00,2026-01-17 18:00:00,15:00,TARJETA,CONFIRMADA,8,Uñas esculturales forma cuadrada,Uñas esculturales,350.0,2hrs,2026-07-29 22:26:59.392211
4457,1464,2026-02-10 18:00:00,2026-01-22 18:00:00,09:00,TRANSFERENCIA,CANCELADA,10,Lash lifting clásico,Lash lifting,350.0,1h,2026-07-29 22:27:41.333196
3764,,2026-02-10 18:00:00,2026-01-07 18:00:00,17:00,EFECTIVO,CONFIRMADA,8,Uñas esculturales forma cuadrada,Uñas esculturales,350.0,2hrs,
4690,1508,2026-02-10 18:00:00,2026-01-09 18:00:00,15:00,TARJETA,CONFIRMADA,5,Softgel natural,Uñas Softgel,300.0,1h 30min,2026-07-29 22:27:53.551629
3319,1431,2026-02-10 18:00:00,2026-01-21 18:00:00,13:00,TRANSFERENCIA,CONFIRMADA,9,Laminado + depilación,Laminado de cejas,380.0,1h 30min,2026-07-29 22:27:32.528066
4913,,2026-02-10 18:00:00,2026-01-25 18:00:00,15:00,TARJETA,CONFIRMADA,2,Laminado de cejas básico,Laminado de cejas,270.0,1h,
3275,1493,2026-02-10 18:00:00,2026-01-09 18:00:00,13:00,TARJETA,CONFIRMADA,11,Pedicura spa clásica ,Pedicura spa,280.0,1h 30min,2026-07-29 22:27:49.543315
5050,1303,2026-02-11 18:00:00,2026-01-10 18:00:00,11:00,TRANSFERENCIA,CONFIRMADA,13,Pedicura en seco básica,Pedicura en seco terminado spa,300.0,1h 15min,2026-07-29 22:26:57.476011
4319,1225,2026-02-11 18:00:00,2026-02-06 18:00:00,09:00,TARJETA,CONFIRMADA,10,Lash lifting clásico,Lash lifting,350.0,1h,2026-07-29 22:26:36.226527
4574,1489,2026-02-11 18:00:00,2026-01-15 18:00:00,11:00,TARJETA,CONFIRMADA,9,Laminado + depilación,Laminado de cejas,380.0,1h 30min,2026-07-29 22:27:48.474297
3365,1476,2026-02-11 18:00:00,2026-01-10 18:00:00,17:00,TARJETA,CONFIRMADA,3,Baño acrílico clásico,Baño de acrílico,200.0,1h,2026-07-29 22:27:45.001007
3414,1483,2026-02-12 18:00:00,2026-01-22 18:00:00,09:00,TRANSFERENCIA,CANCELADA,12,Pedicura macro clásica,Pedicura Macro,320.0,1h 30min,2026-07-29 22:27:46.869138
5095,1270,2026-02-12 18:00:00,2026-01-20 18:00:00,09:00,TRANSFERENCIA,CANCELADA,10,Lash lifting clásico,Lash lifting,350.0,1h,2026-07-29 22:26:48.646780
4338,1255,2026-02-12 18:00:00,2026-01-18 18:00:00,11:00,TARJETA,CONFIRMADA,2,Laminado de cejas básico,Laminado de cejas,270.0,1h,2026-07-29 22:26:44.598657
4658,1453,2026-02-12 18:00:00,2026-01-19 18:00:00,15:00,TARJETA,CONFIRMADA,6,Uñas esculturales forma almendra ,Uñas esculturales,380.0,2 hrs,2026-07-29 22:27:38.395478
5153,1392,2026-02-12 18:00:00,2026-02-06 18:00:00,15:00,TARJETA,CONFIRMADA,12,Pedicura macro clásica,Pedicura Macro,320.0,1h 30min,2026-07-29 22:27:21.369299
4362,1287,2026-02-12 18:00:00,2026-01-27 18:00:00,09:00,TRANSFERENCIA,CONFIRMADA,4,Polygel forma coffin ,Uñas polygel,400.0,2h 30min,2026-07-29 22:26:53.197711
4229,1358,2026-02-13 18:00:00,2026-01-16 18:00:00,11:00,TARJETA,CONFIRMADA,9,Laminado + depilación,Laminado de cejas,380.0,1h 30min,2026-07-29 22:27:12.220366
5083,1263,2026-02-13 18:00:00,2026-01-21 18:00:00,17:00,TARJETA,CANCELADA,5,Softgel natural,Uñas Softgel,300.0,1h 30min,2026-07-29 22:26:46.743880
3495,1271,2026-02-13 18:00:00,2026-02-02 18:00:00,13:00,TRANSFERENCIA,CONFIRMADA,5,Softgel natural,Uñas Softgel,300.0,1h 30min,2026-07-29 22:26:48.912738
4620,,2026-02-13 18:00:00,2026-02-05 18:00:00,15:00,EFECTIVO,CONFIRMADA,3,Baño acrílico clásico,Baño de acrílico,200.0,1h,
3938,,2026-02-13 18:00:00,2026-02-06 18:00:00,09:00,EFECTIVO,CONFIRMADA,10,Lash lifting clásico,Lash lifting,350.0,1h,
4300,1392,2026-02-14 18:00:00,2026-02-14 18:00:00,13:00,TARJETA,CANCELADA,8,Uñas esculturales forma cuadrada,Uñas esculturales,350.0,2hrs,2026-07-29 22:27:21.369299
4091,1456,2026-02-14 18:00:00,2026-02-10 18:00:00,15:00,TRANSFERENCIA,CONFIRMADA,3,Baño acrílico clásico,Baño de acrílico,200.0,1h,2026-07-29 22:27:39.197474
3694,1272,2026-02-14 18:00:00,2026-02-07 18:00:00,17:00,TARJETA,CONFIRMADA,10,Lash lifting clásico,Lash lifting,350.0,1h,2026-07-29 22:26:49.179315
4592,1266,2026-02-14 18:00:00,2026-02-02 18:00:00,13:00,TARJETA,CONFIRMADA,2,Laminado de cejas básico,Laminado de cejas,270.0,1h,2026-07-29 22:26:47.548748
3841,1236,2026-02-14 18:00:00,2026-01-24 18:00:00,17:00,TARJETA,CANCELADA,5,Softgel natural,Uñas Softgel,300.0,1h 30min,2026-07-29 22:26:39.168143
3236,1492,2026-02-14 18:00:00,2026-01-29 18:00:00,15:00,TARJETA,CONFIRMADA,11,Pedicura spa clásica ,Pedicura spa,280.0,1h 30min,2026-07-29 22:27:49.275703
3769,1398,2026-02-14 18:00:00,2026-01-23 18:00:00,15:00,TARJETA,CONFIRMADA,5,Softgel natural,Uñas Softgel,300.0,1h 30min,2026-07-29 22:27:22.985016
3433,1232,2026-02-14 18:00:00,2026-02-08 18:00:00,15:00,TRANSFERENCIA,CONFIRMADA,4,Polygel forma coffin ,Uñas polygel,400.0,2h 30min,2026-07-29 22:26:38.100047
3880,1224,2026-02-14 18:00:00,2026-01-12 18:00:00,13:00,TRANSFERENCIA,CONFIRMADA,9,Laminado + depilación,Laminado de cejas,380.0,1h 30min,2026-07-29 22:26:35.960494
4227,1407,2026-02-16 18:00:00,2026-02-14 18:00:00,13:00,TARJETA,CONFIRMADA,2,Laminado de cejas básico,Laminado de cejas,270.0,1h,2026-07-29 22:27:25.500265
3881,1509,2026-02-16 18:00:00,2026-02-01 18:00:00,09:00,TRANSFERENCIA,CONFIRMADA,10,Lash lifting clásico,Lash lifting,350.0,1h,2026-07-29 22:27:53.817578
3762,1515,2026-02-16 18:00:00,2026-02-04 18:00:00,15:00,TRANSFERENCIA,CONFIRMADA,11,Pedicura spa clásica ,Pedicura spa,280.0,1h 30min,2026-07-29 22:27:55.720694
3469,1460,2026-02-16 18:00:00,2026-02-13 18:00:00,13:00,TRANSFERENCIA,CONFIRMADA,6,Uñas esculturales forma almendra ,Uñas esculturales,380.0,2 hrs,2026-07-29 22:27:40.267678
4869,,2026-02-16 18:00:00,2026-02-16 18:00:00,17:00,TARJETA,CONFIRMADA,5,Softgel natural,Uñas Softgel,300.0,1h 30min,
3384,1464,2026-02-16 18:00:00,2026-01-13 18:00:00,17:00,TARJETA,CONFIRMADA,10,Lash lifting clásico,Lash lifting,350.0,1h,2026-07-29 22:27:41.333196
4262,1441,2026-02-16 18:00:00,2026-01-19 18:00:00,09:00,TRANSFERENCIA,CONFIRMADA,12,Pedicura macro clásica,Pedicura Macro,320.0,1h 30min,2026-07-29 22:27:35.199248
4201,1278,2026-02-16 18:00:00,2026-01-31 18:00:00,15:00,TRANSFERENCIA,CONFIRMADA,4,Polygel forma coffin ,Uñas polygel,400.0,2h 30min,2026-07-29 22:26:50.785840
3417,1351,2026-02-16 18:00:00,2026-01-12 18:00:00,09:00,TARJETA,CONFIRMADA,6,Uñas esculturales forma almendra ,Uñas esculturales,380.0,2 hrs,2026-07-29 22:27:10.349870
3745,1504,2026-02-16 18:00:00,2026-02-16 18:00:00,09:00,TARJETA,CONFIRMADA,10,Lash lifting clásico,Lash lifting,350.0,1h,2026-07-29 22:27:52.485584
3370,1370,2026-02-16 18:00:00,2026-01-20 18:00:00,11:00,TARJETA,CONFIRMADA,6,Uñas esculturales forma almendra ,Uñas esculturales,380.0,2 hrs,2026-07-29 22:27:15.477404
4675,1263,2026-02-16 18:00:00,2026-02-10 18:00:00,17:00,TRANSFERENCIA,CANCELADA,13,Pedicura en seco básica,Pedicura en seco terminado spa,300.0,1h 15min,2026-07-29 22:26:46.743880
3239,1211,2026-02-16 18:00:00,2026-01-17 18:00:00,13:00,TARJETA,CONFIRMADA,8,Uñas esculturales forma cuadrada,Uñas esculturales,350.0,2hrs,2026-07-29 22:26:32.485746
3699,1380,2026-02-16 18:00:00,2026-01-16 18:00:00,15:00,TARJETA,CANCELADA,2,Laminado de cejas básico,Laminado de cejas,270.0,1h,2026-07-29 22:27:18.162522
3818,1481,2026-02-16 18:00:00,2026-02-15 18:00:00,15:00,TARJETA,CONFIRMADA,9,Laminado + depilación,Laminado de cejas,380.0,1h 30min,2026-07-29 22:27:46.329588
3915,1215,2026-02-16 18:00:00,2026-01-12 18:00:00,17:00,TRANSFERENCIA,CANCELADA,2,Laminado de cejas básico,Laminado de cejas,270.0,1h,2026-07-29 22:26:33.566158
3526,1444,2026-02-16 18:00:00,2026-02-12 18:00:00,11:00,TARJETA,CONFIRMADA,2,Laminado de cejas básico,Laminado de cejas,270.0,1h,2026-07-29 22:27:35.997836
4842,1393,2026-02-17 18:00:00,2026-01-21 18:00:00,13:00,TRANSFERENCIA,CONFIRMADA,10,Lash lifting clásico,Lash lifting,350.0,1h,2026-07-29 22:27:21.637577
3896,1275,2026-02-17 18:00:00,2026-01-30 18:00:00,15:00,TRANSFERENCIA,CONFIRMADA,9,Laminado + depilación,Laminado de cejas,380.0,1h 30min,2026-07-29 22:26:49.982876
4696,1295,2026-02-17 18:00:00,2026-01-24 18:00:00,11:00,TARJETA,CONFIRMADA,12,Pedicura macro clásica,Pedicura Macro,320.0,1h 30min,2026-07-29 22:26:55.332162
3404,1480,2026-02-17 18:00:00,2026-02-08 18:00:00,15:00,TARJETA,CONFIRMADA,3,Baño acrílico clásico,Baño de acrílico,200.0,1h,2026-07-29 22:27:46.064460
4700,1202,2026-02-17 18:00:00,2026-02-11 18:00:00,15:00,TRANSFERENCIA,CONFIRMADA,8,Uñas esculturales forma cuadrada,Uñas esculturales,350.0,2hrs,2026-07-29 22:26:30.077457
3325,1341,2026-02-17 18:00:00,2026-01-23 18:00:00,13:00,TARJETA,CONFIRMADA,5,Softgel natural,Uñas Softgel,300.0,1h 30min,2026-07-29 22:27:07.677763
305,23,2026-02-18 12:00:00,2026-07-20 02:20:21.121000,11:00,TARJETA,COMPLETADA,10,Lash lifting clásico,Lash lifting,350.0,1h,2026-04-16 02:10:54.846869
4557,1385,2026-02-18 18:00:00,2026-01-25 18:00:00,13:00,TARJETA,CANCELADA,13,Pedicura en seco básica,Pedicura en seco terminado spa,300.0,1h 15min,2026-07-29 22:27:19.497962
3820,,2026-02-18 18:00:00,2026-01-25 18:00:00,09:00,TARJETA,CONFIRMADA,2,Laminado de cejas básico,Laminado de cejas,270.0,1h,
5073,1351,2026-02-18 18:00:00,2026-01-24 18:00:00,09:00,TARJETA,CANCELADA,8,Uñas esculturales forma cuadrada,Uñas esculturales,350.0,2hrs,2026-07-29 22:27:10.349870
3844,1280,2026-02-18 18:00:00,2026-02-16 18:00:00,17:00,TRANSFERENCIA,CONFIRMADA,12,Pedicura macro clásica,Pedicura Macro,320.0,1h 30min,2026-07-29 22:26:51.319857
4707,1478,2026-02-18 18:00:00,2026-02-13 18:00:00,09:00,TRANSFERENCIA,CONFIRMADA,12,Pedicura macro clásica,Pedicura Macro,320.0,1h 30min,2026-07-29 22:27:45.530442
3248,1431,2026-02-18 18:00:00,2026-02-03 18:00:00,15:00,TRANSFERENCIA,CONFIRMADA,4,Polygel forma coffin ,Uñas polygel,400.0,2h 30min,2026-07-29 22:27:32.528066
950,16,2026-02-19 12:00:00,2026-07-20 02:20:25.656000,15:00,,COMPLETADA,8,Uñas esculturales forma cuadrada,Uñas esculturales,350.0,2hrs,2026-03-16 02:10:33.282926
4264,1487,2026-02-19 18:00:00,2026-02-04 18:00:00,11:00,TRANSFERENCIA,CONFIRMADA,9,Laminado + depilación,Laminado de cejas,380.0,1h 30min,2026-07-29 22:27:47.936136
4187,1443,2026-02-19 18:00:00,2026-02-14 18:00:00,09:00,TARJETA,CONFIRMADA,10,Lash lifting clásico,Lash lifting,350.0,1h,2026-07-29 22:27:35.731237
4992,1320,2026-02-19 18:00:00,2026-02-06 18:00:00,09:00,TARJETA,CONFIRMADA,6,Uñas esculturales forma almendra ,Uñas esculturales,380.0,2 hrs,2026-07-29 22:27:02.061316
4679,1315,2026-02-19 18:00:00,2026-02-11 18:00:00,17:00,TRANSFERENCIA,CONFIRMADA,11,Pedicura spa clásica ,Pedicura spa,280.0,1h 30min,2026-07-29 22:27:00.724138
3894,1346,2026-02-19 18:00:00,2026-01-25 18:00:00,15:00,TARJETA,CANCELADA,3,Baño acrílico clásico,Baño de acrílico,200.0,1h,2026-07-29 22:27:09.012255
3748,1501,2026-02-19 18:00:00,2026-02-16 18:00:00,09:00,TARJETA,CANCELADA,11,Pedicura spa clásica ,Pedicura spa,280.0,1h 30min,2026-07-29 22:27:51.677327
4743,,2026-02-19 18:00:00,2026-01-29 18:00:00,17:00,EFECTIVO,CONFIRMADA,11,Pedicura spa clásica ,Pedicura spa,280.0,1h 30min,
3973,1399,2026-02-20 18:00:00,2026-02-04 18:00:00,11:00,TARJETA,CONFIRMADA,9,Laminado + depilación,Laminado de cejas,380.0,1h 30min,2026-07-29 22:27:23.250454
4028,1246,2026-02-20 18:00:00,2026-01-20 18:00:00,15:00,TRANSFERENCIA,CONFIRMADA,5,Softgel natural,Uñas Softgel,300.0,1h 30min,2026-07-29 22:26:42.137262
4099,1299,2026-02-20 18:00:00,2026-02-14 18:00:00,09:00,TARJETA,CONFIRMADA,3,Baño acrílico clásico,Baño de acrílico,200.0,1h,2026-07-29 22:26:56.403473
4865,1429,2026-02-21 18:00:00,2026-01-24 18:00:00,17:00,TARJETA,CONFIRMADA,11,Pedicura spa clásica ,Pedicura spa,280.0,1h 30min,2026-07-29 22:27:31.992973
3448,1373,2026-02-21 18:00:00,2026-02-08 18:00:00,17:00,TRANSFERENCIA,CONFIRMADA,3,Baño acrílico clásico,Baño de acrílico,200.0,1h,2026-07-29 22:27:16.281370
4016,1212,2026-02-21 18:00:00,2026-02-16 18:00:00,09:00,TARJETA,CANCELADA,3,Baño acrílico clásico,Baño de acrílico,200.0,1h,2026-07-29 22:26:32.753583
4217,1485,2026-02-21 18:00:00,2026-02-15 18:00:00,17:00,TRANSFERENCIA,CANCELADA,4,Polygel forma coffin ,Uñas polygel,400.0,2h 30min,2026-07-29 22:27:47.402601
3889,1328,2026-02-21 18:00:00,2026-01-18 18:00:00,15:00,TARJETA,CONFIRMADA,9,Laminado + depilación,Laminado de cejas,380.0,1h 30min,2026-07-29 22:27:04.194278
4441,1372,2026-02-21 18:00:00,2026-02-02 18:00:00,15:00,TARJETA,CONFIRMADA,13,Pedicura en seco básica,Pedicura en seco terminado spa,300.0,1h 15min,2026-07-29 22:27:16.009882
4663,1441,2026-02-23 18:00:00,2026-01-24 18:00:00,15:00,TRANSFERENCIA,CANCELADA,2,Laminado de cejas básico,Laminado de cejas,270.0,1h,2026-07-29 22:27:35.199248
5146,1454,2026-02-23 18:00:00,2026-02-16 18:00:00,15:00,TRANSFERENCIA,CONFIRMADA,12,Pedicura macro clásica,Pedicura Macro,320.0,1h 30min,2026-07-29 22:27:38.663229
4376,1458,2026-02-23 18:00:00,2026-02-02 18:00:00,17:00,TARJETA,CONFIRMADA,5,Softgel natural,Uñas Softgel,300.0,1h 30min,2026-07-29 22:27:39.731458
3393,1202,2026-02-23 18:00:00,2026-01-19 18:00:00,13:00,TRANSFERENCIA,CONFIRMADA,6,Uñas esculturales forma almendra ,Uñas esculturales,380.0,2 hrs,2026-07-29 22:26:30.077457
4798,1241,2026-02-23 18:00:00,2026-02-21 18:00:00,15:00,TARJETA,CONFIRMADA,9,Laminado + depilación,Laminado de cejas,380.0,1h 30min,2026-07-29 22:26:40.505203
4315,1387,2026-02-23 18:00:00,2026-02-23 18:00:00,11:00,TRANSFERENCIA,CONFIRMADA,5,Softgel natural,Uñas Softgel,300.0,1h 30min,2026-07-29 22:27:20.035247
3601,1429,2026-02-23 18:00:00,2026-02-20 18:00:00,15:00,TRANSFERENCIA,CONFIRMADA,12,Pedicura macro clásica,Pedicura Macro,320.0,1h 30min,2026-07-29 22:27:31.992973
3569,1446,2026-02-23 18:00:00,2026-01-23 18:00:00,15:00,TRANSFERENCIA,CONFIRMADA,5,Softgel natural,Uñas Softgel,300.0,1h 30min,2026-07-29 22:27:36.531878
3198,1337,2026-02-23 18:00:00,2026-02-06 18:00:00,13:00,TARJETA,CONFIRMADA,6,Uñas esculturales forma almendra ,Uñas esculturales,380.0,2 hrs,2026-07-29 22:27:06.604814
4205,1342,2026-02-23 18:00:00,2026-02-13 18:00:00,15:00,TRANSFERENCIA,CONFIRMADA,9,Laminado + depilación,Laminado de cejas,380.0,1h 30min,2026-07-29 22:27:07.945739
4733,1369,2026-02-24 18:00:00,2026-01-22 18:00:00,15:00,TARJETA,CONFIRMADA,8,Uñas esculturales forma cuadrada,Uñas esculturales,350.0,2hrs,2026-07-29 22:27:15.210352
3506,1421,2026-02-24 18:00:00,2026-01-25 18:00:00,11:00,TARJETA,CONFIRMADA,13,Pedicura en seco básica,Pedicura en seco terminado spa,300.0,1h 15min,2026-07-29 22:27:29.857169
4392,1361,2026-02-24 18:00:00,2026-01-22 18:00:00,15:00,TARJETA,CANCELADA,8,Uñas esculturales forma cuadrada,Uñas esculturales,350.0,2hrs,2026-07-29 22:27:13.020767
4774,1222,2026-02-24 18:00:00,2026-02-24 18:00:00,17:00,TARJETA,CONFIRMADA,12,Pedicura macro clásica,Pedicura Macro,320.0,1h 30min,2026-07-29 22:26:35.424769
3660,1257,2026-02-24 18:00:00,2026-02-01 18:00:00,13:00,TARJETA,CONFIRMADA,12,Pedicura macro clásica,Pedicura Macro,320.0,1h 30min,2026-07-29 22:26:45.132119
3697,1284,2026-02-24 18:00:00,2026-02-22 18:00:00,13:00,TARJETA,CONFIRMADA,6,Uñas esculturales forma almendra ,Uñas esculturales,380.0,2 hrs,2026-07-29 22:26:52.394271
4748,1215,2026-02-24 18:00:00,2026-02-23 18:00:00,13:00,TARJETA,CONFIRMADA,8,Uñas esculturales forma cuadrada,Uñas esculturales,350.0,2hrs,2026-07-29 22:26:33.566158
3216,1441,2026-02-24 18:00:00,2026-02-07 18:00:00,15:00,TRANSFERENCIA,CANCELADA,4,Polygel forma coffin ,Uñas polygel,400.0,2h 30min,2026-07-29 22:27:35.199248
3577,1391,2026-02-25 18:00:00,2026-01-30 18:00:00,15:00,TARJETA,CONFIRMADA,12,Pedicura macro clásica,Pedicura Macro,320.0,1h 30min,2026-07-29 22:27:21.102352
4206,1460,2026-02-25 18:00:00,2026-02-19 18:00:00,11:00,TARJETA,CONFIRMADA,3,Baño acrílico clásico,Baño de acrílico,200.0,1h,2026-07-29 22:27:40.267678
4165,1426,2026-02-25 18:00:00,2026-02-19 18:00:00,09:00,TARJETA,CONFIRMADA,4,Polygel forma coffin ,Uñas polygel,400.0,2h 30min,2026-07-29 22:27:31.191364
3962,1287,2026-02-25 18:00:00,2026-01-22 18:00:00,11:00,TRANSFERENCIA,CONFIRMADA,3,Baño acrílico clásico,Baño de acrílico,200.0,1h,2026-07-29 22:26:53.197711
4182,1280,2026-02-25 18:00:00,2026-02-02 18:00:00,09:00,TARJETA,CONFIRMADA,10,Lash lifting clásico,Lash lifting,350.0,1h,2026-07-29 22:26:51.319857
4041,,2026-02-25 18:00:00,2026-02-14 18:00:00,17:00,EFECTIVO,CONFIRMADA,12,Pedicura macro clásica,Pedicura Macro,320.0,1h 30min,
4667,1281,2026-02-25 18:00:00,2026-01-30 18:00:00,13:00,TARJETA,CONFIRMADA,6,Uñas esculturales forma almendra ,Uñas esculturales,380.0,2 hrs,2026-07-29 22:26:51.586486
3754,1368,2026-02-25 18:00:00,2026-02-06 18:00:00,13:00,TARJETA,CONFIRMADA,4,Polygel forma coffin ,Uñas polygel,400.0,2h 30min,2026-07-29 22:27:14.942280
4573,1411,2026-02-25 18:00:00,2026-01-27 18:00:00,13:00,TARJETA,CONFIRMADA,13,Pedicura en seco básica,Pedicura en seco terminado spa,300.0,1h 15min,2026-07-29 22:27:26.568072
4072,1478,2026-02-26 18:00:00,2026-02-15 18:00:00,11:00,TRANSFERENCIA,CONFIRMADA,11,Pedicura spa clásica ,Pedicura spa,280.0,1h 30min,2026-07-29 22:27:45.530442
4836,1470,2026-02-26 18:00:00,2026-02-05 18:00:00,09:00,TRANSFERENCIA,CONFIRMADA,12,Pedicura macro clásica,Pedicura Macro,320.0,1h 30min,2026-07-29 22:27:42.930393
4828,1390,2026-02-26 18:00:00,2026-01-31 18:00:00,17:00,TARJETA,CANCELADA,4,Polygel forma coffin ,Uñas polygel,400.0,2h 30min,2026-07-29 22:27:20.836618
4736,1334,2026-02-26 18:00:00,2026-01-27 18:00:00,17:00,TARJETA,CONFIRMADA,5,Softgel natural,Uñas Softgel,300.0,1h 30min,2026-07-29 22:27:05.801696
5075,1273,2026-02-26 18:00:00,2026-02-12 18:00:00,13:00,TARJETA,CONFIRMADA,6,Uñas esculturales forma almendra ,Uñas esculturales,380.0,2 hrs,2026-07-29 22:26:49.446252
4420,1208,2026-02-27 18:00:00,2026-02-11 18:00:00,15:00,TARJETA,CONFIRMADA,12,Pedicura macro clásica,Pedicura Macro,320.0,1h 30min,2026-07-29 22:26:31.681632
4174,1323,2026-02-27 18:00:00,2026-02-27 18:00:00,17:00,TARJETA,CONFIRMADA,9,Laminado + depilación,Laminado de cejas,380.0,1h 30min,2026-07-29 22:27:02.862022
4896,,2026-02-27 18:00:00,2026-02-06 18:00:00,11:00,TARJETA,CONFIRMADA,9,Laminado + depilación,Laminado de cejas,380.0,1h 30min,
3336,1237,2026-02-27 18:00:00,2026-02-23 18:00:00,17:00,TARJETA,CONFIRMADA,8,Uñas esculturales forma cuadrada,Uñas esculturales,350.0,2hrs,2026-07-29 22:26:39.437205
3465,1288,2026-02-27 18:00:00,2026-02-05 18:00:00,09:00,TRANSFERENCIA,CANCELADA,9,Laminado + depilación,Laminado de cejas,380.0,1h 30min,2026-07-29 22:26:53.465308
188,23,2026-02-28 12:00:00,2026-07-20 02:20:19.987000,11:00,TARJETA,COMPLETADA,13,Pedicura en seco básica,Pedicura en seco terminado spa,300.0,1h 15min,2026-04-16 02:10:54.846869
4640,1428,2026-02-28 18:00:00,2026-02-24 18:00:00,13:00,TARJETA,CANCELADA,10,Lash lifting clásico,Lash lifting,350.0,1h,2026-07-29 22:27:31.726865
3389,1329,2026-02-28 18:00:00,2026-02-05 18:00:00,09:00,TRANSFERENCIA,CONFIRMADA,4,Polygel forma coffin ,Uñas polygel,400.0,2h 30min,2026-07-29 22:27:04.462144
4751,1231,2026-02-28 18:00:00,2026-01-27 18:00:00,17:00,TRANSFERENCIA,CONFIRMADA,13,Pedicura en seco básica,Pedicura en seco terminado spa,300.0,1h 15min,2026-07-29 22:26:37.831572
4651,1216,2026-02-28 18:00:00,2026-02-06 18:00:00,13:00,TARJETA,CONFIRMADA,10,Lash lifting clásico,Lash lifting,350.0,1h,2026-07-29 22:26:33.831042
3338,1352,2026-02-28 18:00:00,2026-01-28 18:00:00,15:00,TARJETA,CONFIRMADA,10,Lash lifting clásico,Lash lifting,350.0,1h,2026-07-29 22:27:10.617864
3935,1289,2026-02-28 18:00:00,2026-02-18 18:00:00,17:00,TARJETA,CONFIRMADA,4,Polygel forma coffin ,Uñas polygel,400.0,2h 30min,2026-07-29 22:26:53.732293
4271,1371,2026-02-28 18:00:00,2026-02-01 18:00:00,11:00,TARJETA,CONFIRMADA,6,Uñas esculturales forma almendra ,Uñas esculturales,380.0,2 hrs,2026-07-29 22:27:15.743971
4414,,2026-02-28 18:00:00,2026-02-20 18:00:00,09:00,EFECTIVO,CONFIRMADA,11,Pedicura spa clásica ,Pedicura spa,280.0,1h 30min,
4282,1283,2026-02-28 18:00:00,2026-01-29 18:00:00,13:00,TARJETA,CONFIRMADA,12,Pedicura macro clásica,Pedicura Macro,320.0,1h 30min,2026-07-29 22:26:52.128022
3507,1291,2026-02-28 18:00:00,2026-02-23 18:00:00,09:00,TRANSFERENCIA,CONFIRMADA,8,Uñas esculturales forma cuadrada,Uñas esculturales,350.0,2hrs,2026-07-29 22:26:54.263571
878,6,2026-03-02 12:00:00,2026-07-20 02:20:25.279000,15:00,TARJETA,COMPLETADA,13,Pedicura en seco básica,Pedicura en seco terminado spa,300.0,1h 15min,2026-03-07 23:37:37.183000
4382,1465,2026-03-02 18:00:00,2026-02-23 18:00:00,13:00,TARJETA,CANCELADA,9,Laminado + depilación,Laminado de cejas,380.0,1h 30min,2026-07-29 22:27:41.600021
3317,1308,2026-03-02 18:00:00,2026-01-29 18:00:00,17:00,TARJETA,CONFIRMADA,12,Pedicura macro clásica,Pedicura Macro,320.0,1h 30min,2026-07-29 22:26:58.806519
4877,1420,2026-03-02 18:00:00,2026-02-17 18:00:00,13:00,TRANSFERENCIA,CONFIRMADA,8,Uñas esculturales forma cuadrada,Uñas esculturales,350.0,2hrs,2026-07-29 22:27:29.536267
4520,1476,2026-03-02 18:00:00,2026-02-04 18:00:00,11:00,TARJETA,CONFIRMADA,8,Uñas esculturales forma cuadrada,Uñas esculturales,350.0,2hrs,2026-07-29 22:27:45.001007
4332,1289,2026-03-02 18:00:00,2026-03-01 18:00:00,09:00,TARJETA,CONFIRMADA,2,Laminado de cejas básico,Laminado de cejas,270.0,1h,2026-07-29 22:26:53.732293
3496,1220,2026-03-02 18:00:00,2026-01-26 18:00:00,09:00,TARJETA,CONFIRMADA,13,Pedicura en seco básica,Pedicura en seco terminado spa,300.0,1h 15min,2026-07-29 22:26:34.891352
4553,1413,2026-03-02 18:00:00,2026-02-06 18:00:00,17:00,TARJETA,CONFIRMADA,5,Softgel natural,Uñas Softgel,300.0,1h 30min,2026-07-29 22:27:27.382115
4795,1248,2026-03-02 18:00:00,2026-02-21 18:00:00,15:00,TARJETA,CONFIRMADA,6,Uñas esculturales forma almendra ,Uñas esculturales,380.0,2 hrs,2026-07-29 22:26:42.672551
5031,1434,2026-03-02 18:00:00,2026-02-04 18:00:00,17:00,TARJETA,CONFIRMADA,12,Pedicura macro clásica,Pedicura Macro,320.0,1h 30min,2026-07-29 22:27:33.329695
4047,1245,2026-03-02 18:00:00,2026-02-20 18:00:00,09:00,TRANSFERENCIA,CONFIRMADA,6,Uñas esculturales forma almendra ,Uñas esculturales,380.0,2 hrs,2026-07-29 22:26:41.870244
4847,,2026-03-02 18:00:00,2026-02-01 18:00:00,17:00,EFECTIVO,CONFIRMADA,3,Baño acrílico clásico,Baño de acrílico,200.0,1h,
3599,1410,2026-03-02 18:00:00,2026-01-31 18:00:00,13:00,TRANSFERENCIA,CANCELADA,9,Laminado + depilación,Laminado de cejas,380.0,1h 30min,2026-07-29 22:27:26.302776
3508,1272,2026-03-02 18:00:00,2026-02-08 18:00:00,13:00,TARJETA,CONFIRMADA,11,Pedicura spa clásica ,Pedicura spa,280.0,1h 30min,2026-07-29 22:26:49.179315
327,17,2026-03-03 12:00:00,2026-07-20 02:20:21.121000,15:00,TRANSFERENCIA,COMPLETADA,6,Uñas esculturales forma almendra ,Uñas esculturales,380.0,2 hrs,2026-03-23 15:03:48.748600
3824,1385,2026-03-03 18:00:00,2026-02-23 18:00:00,11:00,TARJETA,CONFIRMADA,6,Uñas esculturales forma almendra ,Uñas esculturales,380.0,2 hrs,2026-07-29 22:27:19.497962
4712,1470,2026-03-03 18:00:00,2026-03-02 18:00:00,13:00,TARJETA,CONFIRMADA,4,Polygel forma coffin ,Uñas polygel,400.0,2h 30min,2026-07-29 22:27:42.930393
4897,1518,2026-03-03 18:00:00,2026-03-03 18:00:00,09:00,TARJETA,CONFIRMADA,3,Baño acrílico clásico,Baño de acrílico,200.0,1h,2026-07-29 22:27:56.524304
3566,1221,2026-03-03 18:00:00,2026-02-27 18:00:00,17:00,TRANSFERENCIA,CANCELADA,10,Lash lifting clásico,Lash lifting,350.0,1h,2026-07-29 22:26:35.157613
3739,1428,2026-03-03 18:00:00,2026-02-09 18:00:00,11:00,TRANSFERENCIA,CANCELADA,3,Baño acrílico clásico,Baño de acrílico,200.0,1h,2026-07-29 22:27:31.726865
4412,1378,2026-03-03 18:00:00,2026-02-19 18:00:00,13:00,TARJETA,CANCELADA,13,Pedicura en seco básica,Pedicura en seco terminado spa,300.0,1h 15min,2026-07-29 22:27:17.618434
3971,1484,2026-03-03 18:00:00,2026-02-23 18:00:00,17:00,TARJETA,CANCELADA,9,Laminado + depilación,Laminado de cejas,380.0,1h 30min,2026-07-29 22:27:47.134906
3709,1329,2026-03-04 18:00:00,2026-02-10 18:00:00,11:00,TRANSFERENCIA,CONFIRMADA,10,Lash lifting clásico,Lash lifting,350.0,1h,2026-07-29 22:27:04.462144
3305,1345,2026-03-04 18:00:00,2026-03-03 18:00:00,11:00,TRANSFERENCIA,CONFIRMADA,4,Polygel forma coffin ,Uñas polygel,400.0,2h 30min,2026-07-29 22:27:08.742753
3287,1373,2026-03-04 18:00:00,2026-02-06 18:00:00,15:00,TRANSFERENCIA,CONFIRMADA,11,Pedicura spa clásica ,Pedicura spa,280.0,1h 30min,2026-07-29 22:27:16.281370
3229,1478,2026-03-04 18:00:00,2026-02-17 18:00:00,11:00,TARJETA,CONFIRMADA,3,Baño acrílico clásico,Baño de acrílico,200.0,1h,2026-07-29 22:27:45.530442
3263,1413,2026-03-04 18:00:00,2026-02-10 18:00:00,09:00,TRANSFERENCIA,CONFIRMADA,11,Pedicura spa clásica ,Pedicura spa,280.0,1h 30min,2026-07-29 22:27:27.382115
4190,1264,2026-03-04 18:00:00,2026-02-27 18:00:00,15:00,TARJETA,CONFIRMADA,11,Pedicura spa clásica ,Pedicura spa,280.0,1h 30min,2026-07-29 22:26:47.011754
5129,1340,2026-03-05 18:00:00,2026-01-29 18:00:00,09:00,TRANSFERENCIA,CONFIRMADA,11,Pedicura spa clásica ,Pedicura spa,280.0,1h 30min,2026-07-29 22:27:07.411281
5084,1315,2026-03-05 18:00:00,2026-01-30 18:00:00,17:00,TRANSFERENCIA,CONFIRMADA,13,Pedicura en seco básica,Pedicura en seco terminado spa,300.0,1h 15min,2026-07-29 22:27:00.724138
3936,1262,2026-03-05 18:00:00,2026-02-03 18:00:00,11:00,TRANSFERENCIA,CONFIRMADA,12,Pedicura macro clásica,Pedicura Macro,320.0,1h 30min,2026-07-29 22:26:46.477301
5078,1320,2026-03-05 18:00:00,2026-03-04 18:00:00,09:00,TARJETA,CONFIRMADA,13,Pedicura en seco básica,Pedicura en seco terminado spa,300.0,1h 15min,2026-07-29 22:27:02.061316
4050,1260,2026-03-05 18:00:00,2026-03-03 18:00:00,15:00,TARJETA,CONFIRMADA,6,Uñas esculturales forma almendra ,Uñas esculturales,380.0,2 hrs,2026-07-29 22:26:45.943932
3490,1498,2026-03-05 18:00:00,2026-02-02 18:00:00,17:00,TARJETA,CANCELADA,11,Pedicura spa clásica ,Pedicura spa,280.0,1h 30min,2026-07-29 22:27:50.873734
4159,1453,2026-03-06 18:00:00,2026-02-26 18:00:00,09:00,TARJETA,CONFIRMADA,2,Laminado de cejas básico,Laminado de cejas,270.0,1h,2026-07-29 22:27:38.395478
3811,1271,2026-03-06 18:00:00,2026-02-23 18:00:00,11:00,TARJETA,CONFIRMADA,5,Softgel natural,Uñas Softgel,300.0,1h 30min,2026-07-29 22:26:48.912738
3516,1492,2026-03-06 18:00:00,2026-02-27 18:00:00,09:00,TRANSFERENCIA,CONFIRMADA,11,Pedicura spa clásica ,Pedicura spa,280.0,1h 30min,2026-07-29 22:27:49.275703
3406,1360,2026-03-06 18:00:00,2026-02-24 18:00:00,17:00,TARJETA,CONFIRMADA,10,Lash lifting clásico,Lash lifting,350.0,1h,2026-07-29 22:27:12.753768
3310,1491,2026-03-06 18:00:00,2026-01-31 18:00:00,09:00,TRANSFERENCIA,CONFIRMADA,13,Pedicura en seco básica,Pedicura en seco terminado spa,300.0,1h 15min,2026-07-29 22:27:49.008770
4848,1516,2026-03-06 18:00:00,2026-02-10 18:00:00,15:00,TARJETA,CONFIRMADA,13,Pedicura en seco básica,Pedicura en seco terminado spa,300.0,1h 15min,2026-07-29 22:27:55.990795
3188,1361,2026-03-06 18:00:00,2026-03-01 18:00:00,11:00,TRANSFERENCIA,CANCELADA,10,Lash lifting clásico,Lash lifting,350.0,1h,2026-07-29 22:27:13.020767
3944,1397,2026-03-06 18:00:00,2026-01-30 18:00:00,11:00,TRANSFERENCIA,CONFIRMADA,2,Laminado de cejas básico,Laminado de cejas,270.0,1h,2026-07-29 22:27:22.716820
5155,1511,2026-03-07 18:00:00,2026-02-22 18:00:00,11:00,TARJETA,CONFIRMADA,12,Pedicura macro clásica,Pedicura Macro,320.0,1h 30min,2026-07-29 22:27:54.347746
4081,1483,2026-03-07 18:00:00,2026-02-24 18:00:00,17:00,TARJETA,CANCELADA,11,Pedicura spa clásica ,Pedicura spa,280.0,1h 30min,2026-07-29 22:27:46.869138
4348,1448,2026-03-07 18:00:00,2026-02-12 18:00:00,11:00,TARJETA,CONFIRMADA,8,Uñas esculturales forma cuadrada,Uñas esculturales,350.0,2hrs,2026-07-29 22:27:37.064339
4722,1411,2026-03-09 18:00:00,2026-02-09 18:00:00,15:00,TRANSFERENCIA,CANCELADA,4,Polygel forma coffin ,Uñas polygel,400.0,2h 30min,2026-07-29 22:27:26.568072
4627,1429,2026-03-09 18:00:00,2026-03-08 18:00:00,13:00,TARJETA,CONFIRMADA,11,Pedicura spa clásica ,Pedicura spa,280.0,1h 30min,2026-07-29 22:27:31.992973
4953,1400,2026-03-09 18:00:00,2026-02-28 18:00:00,11:00,TARJETA,CONFIRMADA,12,Pedicura macro clásica,Pedicura Macro,320.0,1h 30min,2026-07-29 22:27:23.516358
3472,1428,2026-03-09 18:00:00,2026-02-24 18:00:00,13:00,TARJETA,CANCELADA,12,Pedicura macro clásica,Pedicura Macro,320.0,1h 30min,2026-07-29 22:27:31.726865
3291,1252,2026-03-09 18:00:00,2026-02-24 18:00:00,17:00,TARJETA,CONFIRMADA,5,Softgel natural,Uñas Softgel,300.0,1h 30min,2026-07-29 22:26:43.740640
5096,1308,2026-03-09 18:00:00,2026-02-15 18:00:00,15:00,TARJETA,CONFIRMADA,6,Uñas esculturales forma almendra ,Uñas esculturales,380.0,2 hrs,2026-07-29 22:26:58.806519
4323,1270,2026-03-09 18:00:00,2026-02-12 18:00:00,11:00,TRANSFERENCIA,CONFIRMADA,2,Laminado de cejas básico,Laminado de cejas,270.0,1h,2026-07-29 22:26:48.646780
4889,1327,2026-03-09 18:00:00,2026-02-08 18:00:00,17:00,TARJETA,CONFIRMADA,4,Polygel forma coffin ,Uñas polygel,400.0,2h 30min,2026-07-29 22:27:03.927042
3875,1304,2026-03-09 18:00:00,2026-02-14 18:00:00,09:00,TARJETA,CONFIRMADA,13,Pedicura en seco básica,Pedicura en seco terminado spa,300.0,1h 15min,2026-07-29 22:26:57.741506
3887,,2026-03-09 18:00:00,2026-02-13 18:00:00,15:00,EFECTIVO,CANCELADA,2,Laminado de cejas básico,Laminado de cejas,270.0,1h,
3383,,2026-03-09 18:00:00,2026-03-01 18:00:00,09:00,EFECTIVO,CONFIRMADA,2,Laminado de cejas básico,Laminado de cejas,270.0,1h,
3303,1449,2026-03-09 18:00:00,2026-02-04 18:00:00,09:00,TARJETA,CONFIRMADA,6,Uñas esculturales forma almendra ,Uñas esculturales,380.0,2 hrs,2026-07-29 22:27:37.334677
668,17,2026-03-10 12:00:00,2026-07-20 02:20:23.777000,17:00,,COMPLETADA,2,Laminado de cejas básico,Laminado de cejas,270.0,1h,2026-03-23 15:03:48.748600
6,5,2026-03-10 18:00:00,2026-03-11 05:16:20.215000,23:18,TARJETA,PENDIENTE,5,Softgel natural,Uñas Softgel,300.0,1h 30min,2026-03-07 23:35:18.791000
3209,1386,2026-03-10 18:00:00,2026-03-07 18:00:00,17:00,TARJETA,CONFIRMADA,4,Polygel forma coffin ,Uñas polygel,400.0,2h 30min,2026-07-29 22:27:19.764470
3528,1425,2026-03-10 18:00:00,2026-02-27 18:00:00,15:00,TRANSFERENCIA,CONFIRMADA,4,Polygel forma coffin ,Uñas polygel,400.0,2h 30min,2026-07-29 22:27:30.925337
5034,1225,2026-03-10 18:00:00,2026-02-17 18:00:00,09:00,TRANSFERENCIA,CANCELADA,4,Polygel forma coffin ,Uñas polygel,400.0,2h 30min,2026-07-29 22:26:36.226527
4927,1394,2026-03-10 18:00:00,2026-02-09 18:00:00,17:00,TRANSFERENCIA,CONFIRMADA,12,Pedicura macro clásica,Pedicura Macro,320.0,1h 30min,2026-07-29 22:27:21.916669
3831,1240,2026-03-10 18:00:00,2026-02-16 18:00:00,15:00,TARJETA,CONFIRMADA,10,Lash lifting clásico,Lash lifting,350.0,1h,2026-07-29 22:26:40.238646
5156,1253,2026-03-10 18:00:00,2026-02-03 18:00:00,15:00,TARJETA,CONFIRMADA,10,Lash lifting clásico,Lash lifting,350.0,1h,2026-07-29 22:26:44.007138
3330,1381,2026-03-10 18:00:00,2026-02-06 18:00:00,09:00,TARJETA,CONFIRMADA,10,Lash lifting clásico,Lash lifting,350.0,1h,2026-07-29 22:27:18.430437
3692,1456,2026-03-11 18:00:00,2026-02-28 18:00:00,11:00,TARJETA,CONFIRMADA,11,Pedicura spa clásica ,Pedicura spa,280.0,1h 30min,2026-07-29 22:27:39.197474
4103,1216,2026-03-11 18:00:00,2026-02-19 18:00:00,17:00,TARJETA,CONFIRMADA,4,Polygel forma coffin ,Uñas polygel,400.0,2h 30min,2026-07-29 22:26:33.831042
4,6,2026-03-11 18:00:00,2026-03-11 05:07:12.498000,15:00,TRANSFERENCIA,PENDIENTE,4,Polygel forma coffin ,Uñas polygel,400.0,2h 30min,2026-03-07 23:37:37.183000
4656,1212,2026-03-11 18:00:00,2026-03-07 18:00:00,13:00,TARJETA,CONFIRMADA,5,Softgel natural,Uñas Softgel,300.0,1h 30min,2026-07-29 22:26:32.753583
5,5,2026-03-11 18:00:00,2026-03-11 05:10:17.870000,15:00,TRANSFERENCIA,CONFIRMADA,1,Laminado de cejas con tinte,Laminado de cejas,350.0,1h 15min,2026-03-07 23:35:18.791000
4526,1208,2026-03-11 18:00:00,2026-02-16 18:00:00,11:00,TRANSFERENCIA,CANCELADA,4,Polygel forma coffin ,Uñas polygel,400.0,2h 30min,2026-07-29 22:26:31.681632
4189,1212,2026-03-11 18:00:00,2026-02-24 18:00:00,13:00,TARJETA,CANCELADA,13,Pedicura en seco básica,Pedicura en seco terminado spa,300.0,1h 15min,2026-07-29 22:26:32.753583
7,7,2026-03-11 18:00:00,2026-03-11 06:24:49.124000,13:00,TRANSFERENCIA,PENDIENTE,1,Laminado de cejas con tinte,Laminado de cejas,350.0,1h 15min,2026-03-07 23:51:22.616000
3664,1464,2026-03-11 18:00:00,2026-02-27 18:00:00,15:00,TARJETA,CONFIRMADA,13,Pedicura en seco básica,Pedicura en seco terminado spa,300.0,1h 15min,2026-07-29 22:27:41.333196
4749,1264,2026-03-12 18:00:00,2026-02-23 18:00:00,11:00,TARJETA,CONFIRMADA,8,Uñas esculturales forma cuadrada,Uñas esculturales,350.0,2hrs,2026-07-29 22:26:47.011754
3882,1452,2026-03-12 18:00:00,2026-02-07 18:00:00,17:00,TRANSFERENCIA,CONFIRMADA,9,Laminado + depilación,Laminado de cejas,380.0,1h 30min,2026-07-29 22:27:38.130399
3963,1294,2026-03-12 18:00:00,2026-03-04 18:00:00,13:00,TARJETA,CONFIRMADA,5,Softgel natural,Uñas Softgel,300.0,1h 30min,2026-07-29 22:26:55.064639
4745,1495,2026-03-12 18:00:00,2026-02-17 18:00:00,11:00,TRANSFERENCIA,CONFIRMADA,4,Polygel forma coffin ,Uñas polygel,400.0,2h 30min,2026-07-29 22:27:50.076177
3908,,2026-03-12 18:00:00,2026-03-05 18:00:00,11:00,EFECTIVO,CONFIRMADA,2,Laminado de cejas básico,Laminado de cejas,270.0,1h,
3189,1246,2026-03-12 18:00:00,2026-02-27 18:00:00,13:00,TARJETA,CONFIRMADA,3,Baño acrílico clásico,Baño de acrílico,200.0,1h,2026-07-29 22:26:42.137262
4983,1261,2026-03-12 18:00:00,2026-03-07 18:00:00,09:00,TRANSFERENCIA,CONFIRMADA,3,Baño acrílico clásico,Baño de acrílico,200.0,1h,2026-07-29 22:26:46.211062
3366,1377,2026-03-12 18:00:00,2026-03-05 18:00:00,09:00,TARJETA,CONFIRMADA,12,Pedicura macro clásica,Pedicura Macro,320.0,1h 30min,2026-07-29 22:27:17.351536
4586,1340,2026-03-12 18:00:00,2026-02-21 18:00:00,11:00,TARJETA,CONFIRMADA,12,Pedicura macro clásica,Pedicura Macro,320.0,1h 30min,2026-07-29 22:27:07.411281
5032,1332,2026-03-12 18:00:00,2026-02-12 18:00:00,15:00,TARJETA,CONFIRMADA,8,Uñas esculturales forma cuadrada,Uñas esculturales,350.0,2hrs,2026-07-29 22:27:05.264636
3463,,2026-03-12 18:00:00,2026-02-20 18:00:00,09:00,EFECTIVO,CANCELADA,11,Pedicura spa clásica ,Pedicura spa,280.0,1h 30min,
4192,1205,2026-03-12 18:00:00,2026-02-26 18:00:00,15:00,TARJETA,CONFIRMADA,12,Pedicura macro clásica,Pedicura Macro,320.0,1h 30min,2026-07-29 22:26:30.878504
4052,1310,2026-03-13 18:00:00,2026-02-14 18:00:00,17:00,TARJETA,CONFIRMADA,8,Uñas esculturales forma cuadrada,Uñas esculturales,350.0,2hrs,2026-07-29 22:26:59.392211
3612,1303,2026-03-13 18:00:00,2026-03-07 18:00:00,15:00,TARJETA,CONFIRMADA,12,Pedicura macro clásica,Pedicura Macro,320.0,1h 30min,2026-07-29 22:26:57.476011
4363,1293,2026-03-13 18:00:00,2026-03-03 18:00:00,15:00,TRANSFERENCIA,CONFIRMADA,9,Laminado + depilación,Laminado de cejas,380.0,1h 30min,2026-07-29 22:26:54.797840
3977,1487,2026-03-13 18:00:00,2026-02-22 18:00:00,13:00,TRANSFERENCIA,CONFIRMADA,11,Pedicura spa clásica ,Pedicura spa,280.0,1h 30min,2026-07-29 22:27:47.936136
3279,1420,2026-03-13 18:00:00,2026-02-27 18:00:00,17:00,TARJETA,CONFIRMADA,12,Pedicura macro clásica,Pedicura Macro,320.0,1h 30min,2026-07-29 22:27:29.536267
4531,1506,2026-03-14 18:00:00,2026-02-26 18:00:00,15:00,TRANSFERENCIA,CONFIRMADA,2,Laminado de cejas básico,Laminado de cejas,270.0,1h,2026-07-29 22:27:53.018622
3575,1439,2026-03-14 18:00:00,2026-03-05 18:00:00,11:00,TRANSFERENCIA,CANCELADA,10,Lash lifting clásico,Lash lifting,350.0,1h,2026-07-29 22:27:34.662721
3201,1351,2026-03-14 18:00:00,2026-03-09 18:00:00,13:00,TARJETA,CONFIRMADA,13,Pedicura en seco básica,Pedicura en seco terminado spa,300.0,1h 15min,2026-07-29 22:27:10.349870
3715,1310,2026-03-14 18:00:00,2026-02-16 18:00:00,09:00,TRANSFERENCIA,CONFIRMADA,4,Polygel forma coffin ,Uñas polygel,400.0,2h 30min,2026-07-29 22:26:59.392211
3683,1391,2026-03-14 18:00:00,2026-02-24 18:00:00,17:00,TARJETA,CONFIRMADA,8,Uñas esculturales forma cuadrada,Uñas esculturales,350.0,2hrs,2026-07-29 22:27:21.102352
4186,1334,2026-03-14 18:00:00,2026-02-15 18:00:00,11:00,TRANSFERENCIA,CANCELADA,9,Laminado + depilación,Laminado de cejas,380.0,1h 30min,2026-07-29 22:27:05.801696
3298,1396,2026-03-14 18:00:00,2026-03-14 18:00:00,09:00,TARJETA,CONFIRMADA,10,Lash lifting clásico,Lash lifting,350.0,1h,2026-07-29 22:27:22.449818
5139,1349,2026-03-14 18:00:00,2026-03-01 18:00:00,09:00,TARJETA,CONFIRMADA,5,Softgel natural,Uñas Softgel,300.0,1h 30min,2026-07-29 22:27:09.816414
3843,1329,2026-03-14 18:00:00,2026-02-08 18:00:00,17:00,TARJETA,CONFIRMADA,6,Uñas esculturales forma almendra ,Uñas esculturales,380.0,2 hrs,2026-07-29 22:27:04.462144
3537,1415,2026-03-16 18:00:00,2026-02-25 18:00:00,11:00,TARJETA,CONFIRMADA,11,Pedicura spa clásica ,Pedicura spa,280.0,1h 30min,2026-07-29 22:27:28.197749
4241,1504,2026-03-16 18:00:00,2026-03-15 18:00:00,15:00,TARJETA,CONFIRMADA,9,Laminado + depilación,Laminado de cejas,380.0,1h 30min,2026-07-29 22:27:52.485584
4355,1480,2026-03-16 18:00:00,2026-02-15 18:00:00,11:00,TRANSFERENCIA,CONFIRMADA,10,Lash lifting clásico,Lash lifting,350.0,1h,2026-07-29 22:27:46.064460
3688,1291,2026-03-16 18:00:00,2026-02-10 18:00:00,15:00,TARJETA,CONFIRMADA,10,Lash lifting clásico,Lash lifting,350.0,1h,2026-07-29 22:26:54.263571
5142,1375,2026-03-16 18:00:00,2026-03-11 18:00:00,13:00,TARJETA,CONFIRMADA,11,Pedicura spa clásica ,Pedicura spa,280.0,1h 30min,2026-07-29 22:27:16.813876
4110,1428,2026-03-16 18:00:00,2026-02-16 18:00:00,15:00,TARJETA,CANCELADA,6,Uñas esculturales forma almendra ,Uñas esculturales,380.0,2 hrs,2026-07-29 22:27:31.726865
4689,1513,2026-03-16 18:00:00,2026-02-20 18:00:00,13:00,TRANSFERENCIA,CONFIRMADA,11,Pedicura spa clásica ,Pedicura spa,280.0,1h 30min,2026-07-29 22:27:54.882069
3518,1207,2026-03-16 18:00:00,2026-02-25 18:00:00,17:00,TARJETA,CONFIRMADA,13,Pedicura en seco básica,Pedicura en seco terminado spa,300.0,1h 15min,2026-07-29 22:26:31.415038
4270,1315,2026-03-16 18:00:00,2026-03-10 18:00:00,17:00,TARJETA,CONFIRMADA,6,Uñas esculturales forma almendra ,Uñas esculturales,380.0,2 hrs,2026-07-29 22:27:00.724138
3296,1510,2026-03-16 18:00:00,2026-03-07 18:00:00,17:00,TRANSFERENCIA,CONFIRMADA,10,Lash lifting clásico,Lash lifting,350.0,1h,2026-07-29 22:27:54.083340
4398,1323,2026-03-16 18:00:00,2026-02-18 18:00:00,09:00,TARJETA,CONFIRMADA,8,Uñas esculturales forma cuadrada,Uñas esculturales,350.0,2hrs,2026-07-29 22:27:02.862022
4408,1504,2026-03-16 18:00:00,2026-02-28 18:00:00,15:00,TARJETA,CONFIRMADA,5,Softgel natural,Uñas Softgel,300.0,1h 30min,2026-07-29 22:27:52.485584
4997,1440,2026-03-16 18:00:00,2026-03-10 18:00:00,09:00,TARJETA,CONFIRMADA,12,Pedicura macro clásica,Pedicura Macro,320.0,1h 30min,2026-07-29 22:27:34.930767
1,6,2026-03-17 00:00:00,2026-03-10 20:26:47.303000,15:00,TARJETA,PENDIENTE,1,Laminado de cejas con tinte,Laminado de cejas,350.0,1h 15min,2026-03-07 23:37:37.183000
4719,1309,2026-03-17 18:00:00,2026-02-11 18:00:00,15:00,TARJETA,CONFIRMADA,12,Pedicura macro clásica,Pedicura Macro,320.0,1h 30min,2026-07-29 22:26:59.071497
3860,1400,2026-03-17 18:00:00,2026-02-21 18:00:00,09:00,TRANSFERENCIA,CONFIRMADA,8,Uñas esculturales forma cuadrada,Uñas esculturales,350.0,2hrs,2026-07-29 22:27:23.516358
3435,1224,2026-03-17 18:00:00,2026-03-02 18:00:00,09:00,TARJETA,CONFIRMADA,8,Uñas esculturales forma cuadrada,Uñas esculturales,350.0,2hrs,2026-07-29 22:26:35.960494
3740,1430,2026-03-17 18:00:00,2026-03-02 18:00:00,17:00,TARJETA,CONFIRMADA,6,Uñas esculturales forma almendra ,Uñas esculturales,380.0,2 hrs,2026-07-29 22:27:32.260905
2,7,2026-03-17 18:00:00,2026-03-10 20:31:56.725000,15:00,EFECTIVO,PENDIENTE,1,Laminado de cejas con tinte,Laminado de cejas,350.0,1h 15min,2026-03-07 23:51:22.616000
4480,1359,2026-03-17 18:00:00,2026-02-16 18:00:00,17:00,TARJETA,CONFIRMADA,8,Uñas esculturales forma cuadrada,Uñas esculturales,350.0,2hrs,2026-07-29 22:27:12.486285
4758,1397,2026-03-17 18:00:00,2026-03-04 18:00:00,13:00,TRANSFERENCIA,CONFIRMADA,11,Pedicura spa clásica ,Pedicura spa,280.0,1h 30min,2026-07-29 22:27:22.716820
4029,1464,2026-03-17 18:00:00,2026-02-18 18:00:00,09:00,TRANSFERENCIA,CONFIRMADA,10,Lash lifting clásico,Lash lifting,350.0,1h,2026-07-29 22:27:41.333196
4146,1494,2026-03-17 18:00:00,2026-03-02 18:00:00,15:00,TARJETA,CONFIRMADA,2,Laminado de cejas básico,Laminado de cejas,270.0,1h,2026-07-29 22:27:49.810746
5060,1283,2026-03-18 18:00:00,2026-03-09 18:00:00,13:00,TARJETA,CONFIRMADA,8,Uñas esculturales forma cuadrada,Uñas esculturales,350.0,2hrs,2026-07-29 22:26:52.128022
4008,1480,2026-03-18 18:00:00,2026-02-25 18:00:00,09:00,TRANSFERENCIA,CONFIRMADA,11,Pedicura spa clásica ,Pedicura spa,280.0,1h 30min,2026-07-29 22:27:46.064460
4799,1332,2026-03-18 18:00:00,2026-02-25 18:00:00,17:00,TRANSFERENCIA,CANCELADA,2,Laminado de cejas básico,Laminado de cejas,270.0,1h,2026-07-29 22:27:05.264636
3439,1510,2026-03-18 18:00:00,2026-03-07 18:00:00,11:00,TARJETA,CONFIRMADA,10,Lash lifting clásico,Lash lifting,350.0,1h,2026-07-29 22:27:54.083340
5148,1481,2026-03-18 18:00:00,2026-02-26 18:00:00,09:00,TARJETA,CONFIRMADA,12,Pedicura macro clásica,Pedicura Macro,320.0,1h 30min,2026-07-29 22:27:46.329588
5051,1290,2026-03-18 18:00:00,2026-02-25 18:00:00,13:00,TRANSFERENCIA,CONFIRMADA,10,Lash lifting clásico,Lash lifting,350.0,1h,2026-07-29 22:26:53.997308
4493,1420,2026-03-18 18:00:00,2026-03-01 18:00:00,17:00,TRANSFERENCIA,CONFIRMADA,12,Pedicura macro clásica,Pedicura Macro,320.0,1h 30min,2026-07-29 22:27:29.536267
4410,,2026-03-18 18:00:00,2026-02-19 18:00:00,17:00,EFECTIVO,CONFIRMADA,3,Baño acrílico clásico,Baño de acrílico,200.0,1h,
3177,1218,2026-03-18 18:00:00,2026-02-28 18:00:00,13:00,TARJETA,CANCELADA,3,Baño acrílico clásico,Baño de acrílico,200.0,1h,2026-07-29 22:26:34.360426
4078,1395,2026-03-18 18:00:00,2026-02-19 18:00:00,13:00,TARJETA,CANCELADA,3,Baño acrílico clásico,Baño de acrílico,200.0,1h,2026-07-29 22:27:22.182588
4406,1519,2026-03-18 18:00:00,2026-02-17 18:00:00,15:00,TARJETA,CONFIRMADA,8,Uñas esculturales forma cuadrada,Uñas esculturales,350.0,2hrs,2026-07-29 22:27:56.791372
3432,1420,2026-03-18 18:00:00,2026-02-18 18:00:00,11:00,TARJETA,CONFIRMADA,9,Laminado + depilación,Laminado de cejas,380.0,1h 30min,2026-07-29 22:27:29.536267
758,7,2026-03-19 12:00:00,2026-07-20 02:20:24.528000,11:00,TARJETA,COMPLETADA,12,Pedicura macro clásica,Pedicura Macro,320.0,1h 30min,2026-03-07 23:51:22.616000
4693,1308,2026-03-19 18:00:00,2026-03-13 18:00:00,15:00,TARJETA,CONFIRMADA,10,Lash lifting clásico,Lash lifting,350.0,1h,2026-07-29 22:26:58.806519
4852,1307,2026-03-19 18:00:00,2026-03-07 18:00:00,13:00,TRANSFERENCIA,CONFIRMADA,5,Softgel natural,Uñas Softgel,300.0,1h 30min,2026-07-29 22:26:58.540944
4570,1312,2026-03-19 18:00:00,2026-03-15 18:00:00,13:00,TARJETA,CANCELADA,11,Pedicura spa clásica ,Pedicura spa,280.0,1h 30min,2026-07-29 22:26:59.924427
4145,1357,2026-03-19 18:00:00,2026-03-18 18:00:00,15:00,TRANSFERENCIA,CONFIRMADA,11,Pedicura spa clásica ,Pedicura spa,280.0,1h 30min,2026-07-29 22:27:11.954960
4365,1450,2026-03-19 18:00:00,2026-02-22 18:00:00,17:00,TRANSFERENCIA,CONFIRMADA,11,Pedicura spa clásica ,Pedicura spa,280.0,1h 30min,2026-07-29 22:27:37.599805
4527,1232,2026-03-19 18:00:00,2026-03-02 18:00:00,11:00,TARJETA,CONFIRMADA,12,Pedicura macro clásica,Pedicura Macro,320.0,1h 30min,2026-07-29 22:26:38.100047
4236,1238,2026-03-20 18:00:00,2026-03-14 18:00:00,09:00,TARJETA,CONFIRMADA,3,Baño acrílico clásico,Baño de acrílico,200.0,1h,2026-07-29 22:26:39.704665
3953,1410,2026-03-20 18:00:00,2026-02-24 18:00:00,11:00,TARJETA,CONFIRMADA,11,Pedicura spa clásica ,Pedicura spa,280.0,1h 30min,2026-07-29 22:27:26.302776
3355,1341,2026-03-20 18:00:00,2026-03-12 18:00:00,13:00,TARJETA,CONFIRMADA,10,Lash lifting clásico,Lash lifting,350.0,1h,2026-07-29 22:27:07.677763
3442,1382,2026-03-20 18:00:00,2026-02-24 18:00:00,17:00,TRANSFERENCIA,CONFIRMADA,8,Uñas esculturales forma cuadrada,Uñas esculturales,350.0,2hrs,2026-07-29 22:27:18.697451
3600,1409,2026-03-20 18:00:00,2026-02-28 18:00:00,11:00,TRANSFERENCIA,CONFIRMADA,10,Lash lifting clásico,Lash lifting,350.0,1h,2026-07-29 22:27:26.037087
3813,1349,2026-03-20 18:00:00,2026-03-18 18:00:00,09:00,TARJETA,CONFIRMADA,9,Laminado + depilación,Laminado de cejas,380.0,1h 30min,2026-07-29 22:27:09.816414
4921,1248,2026-03-20 18:00:00,2026-02-27 18:00:00,15:00,TARJETA,CONFIRMADA,9,Laminado + depilación,Laminado de cejas,380.0,1h 30min,2026-07-29 22:26:42.672551
3257,1265,2026-03-20 18:00:00,2026-03-20 18:00:00,11:00,TRANSFERENCIA,CONFIRMADA,2,Laminado de cejas básico,Laminado de cejas,270.0,1h,2026-07-29 22:26:47.278967
3809,1503,2026-03-20 18:00:00,2026-02-25 18:00:00,11:00,TRANSFERENCIA,CONFIRMADA,2,Laminado de cejas básico,Laminado de cejas,270.0,1h,2026-07-29 22:27:52.217857
5030,1230,2026-03-20 18:00:00,2026-03-06 18:00:00,11:00,TARJETA,CONFIRMADA,4,Polygel forma coffin ,Uñas polygel,400.0,2h 30min,2026-07-29 22:26:37.565033
4901,1203,2026-03-21 18:00:00,2026-03-02 18:00:00,15:00,TARJETA,CONFIRMADA,10,Lash lifting clásico,Lash lifting,350.0,1h,2026-07-29 22:26:30.343863
3163,,2026-03-21 18:00:00,2026-03-21 18:00:00,09:00,EFECTIVO,CONFIRMADA,3,Baño acrílico clásico,Baño de acrílico,200.0,1h,
4117,1252,2026-03-21 18:00:00,2026-02-26 18:00:00,15:00,TARJETA,CANCELADA,3,Baño acrílico clásico,Baño de acrílico,200.0,1h,2026-07-29 22:26:43.740640
3251,1389,2026-03-21 18:00:00,2026-03-02 18:00:00,09:00,TARJETA,CONFIRMADA,6,Uñas esculturales forma almendra ,Uñas esculturales,380.0,2 hrs,2026-07-29 22:27:20.569096
3425,1255,2026-03-21 18:00:00,2026-03-11 18:00:00,11:00,TARJETA,CANCELADA,8,Uñas esculturales forma cuadrada,Uñas esculturales,350.0,2hrs,2026-07-29 22:26:44.598657
4245,1232,2026-03-21 18:00:00,2026-03-10 18:00:00,09:00,TARJETA,CONFIRMADA,9,Laminado + depilación,Laminado de cejas,380.0,1h 30min,2026-07-29 22:26:38.100047
4511,,2026-03-21 18:00:00,2026-03-13 18:00:00,11:00,EFECTIVO,CONFIRMADA,11,Pedicura spa clásica ,Pedicura spa,280.0,1h 30min,
4728,1243,2026-03-21 18:00:00,2026-03-21 18:00:00,17:00,TARJETA,CONFIRMADA,4,Polygel forma coffin ,Uñas polygel,400.0,2h 30min,2026-07-29 22:26:41.041652
4597,1501,2026-03-23 18:00:00,2026-03-03 18:00:00,11:00,TARJETA,CONFIRMADA,8,Uñas esculturales forma cuadrada,Uñas esculturales,350.0,2hrs,2026-07-29 22:27:51.677327
4633,1510,2026-03-23 18:00:00,2026-03-21 18:00:00,13:00,TARJETA,CONFIRMADA,9,Laminado + depilación,Laminado de cejas,380.0,1h 30min,2026-07-29 22:27:54.083340
3640,1357,2026-03-23 18:00:00,2026-02-27 18:00:00,11:00,TARJETA,CONFIRMADA,11,Pedicura spa clásica ,Pedicura spa,280.0,1h 30min,2026-07-29 22:27:11.954960
4044,1323,2026-03-23 18:00:00,2026-03-01 18:00:00,13:00,TARJETA,CANCELADA,9,Laminado + depilación,Laminado de cejas,380.0,1h 30min,2026-07-29 22:27:02.862022
3308,1443,2026-03-23 18:00:00,2026-03-10 18:00:00,17:00,TRANSFERENCIA,CONFIRMADA,2,Laminado de cejas básico,Laminado de cejas,270.0,1h,2026-07-29 22:27:35.731237
5047,,2026-03-23 18:00:00,2026-02-22 18:00:00,17:00,TARJETA,CANCELADA,4,Polygel forma coffin ,Uñas polygel,400.0,2h 30min,
4614,1268,2026-03-23 18:00:00,2026-03-04 18:00:00,11:00,TARJETA,CANCELADA,3,Baño acrílico clásico,Baño de acrílico,200.0,1h,2026-07-29 22:26:48.107787
3504,1227,2026-03-23 18:00:00,2026-03-23 18:00:00,17:00,TRANSFERENCIA,CONFIRMADA,12,Pedicura macro clásica,Pedicura Macro,320.0,1h 30min,2026-07-29 22:26:36.761102
3203,1360,2026-03-23 18:00:00,2026-03-17 18:00:00,17:00,TARJETA,CONFIRMADA,11,Pedicura spa clásica ,Pedicura spa,280.0,1h 30min,2026-07-29 22:27:12.753768
3411,1434,2026-03-23 18:00:00,2026-03-21 18:00:00,13:00,TRANSFERENCIA,CONFIRMADA,6,Uñas esculturales forma almendra ,Uñas esculturales,380.0,2 hrs,2026-07-29 22:27:33.329695
4402,1420,2026-03-23 18:00:00,2026-03-03 18:00:00,09:00,TARJETA,CANCELADA,3,Baño acrílico clásico,Baño de acrílico,200.0,1h,2026-07-29 22:27:29.536267
3716,1337,2026-03-24 18:00:00,2026-03-21 18:00:00,17:00,TARJETA,CONFIRMADA,13,Pedicura en seco básica,Pedicura en seco terminado spa,300.0,1h 15min,2026-07-29 22:27:06.604814
3,8,2026-03-24 18:00:00,2026-03-10 21:17:55.872000,15:00,TARJETA,PENDIENTE,4,Polygel forma coffin ,Uñas polygel,400.0,2h 30min,2026-03-08 20:36:16.390000
4964,1411,2026-03-24 18:00:00,2026-03-17 18:00:00,09:00,TARJETA,CONFIRMADA,8,Uñas esculturales forma cuadrada,Uñas esculturales,350.0,2hrs,2026-07-29 22:27:26.568072
4664,1358,2026-03-24 18:00:00,2026-03-02 18:00:00,15:00,TARJETA,CONFIRMADA,8,Uñas esculturales forma cuadrada,Uñas esculturales,350.0,2hrs,2026-07-29 22:27:12.220366
3878,1381,2026-03-24 18:00:00,2026-03-10 18:00:00,15:00,TARJETA,CONFIRMADA,6,Uñas esculturales forma almendra ,Uñas esculturales,380.0,2 hrs,2026-07-29 22:27:18.430437
4090,1329,2026-03-24 18:00:00,2026-03-19 18:00:00,15:00,TARJETA,CONFIRMADA,4,Polygel forma coffin ,Uñas polygel,400.0,2h 30min,2026-07-29 22:27:04.462144
3678,1507,2026-03-24 18:00:00,2026-03-24 18:00:00,09:00,TARJETA,CONFIRMADA,13,Pedicura en seco básica,Pedicura en seco terminado spa,300.0,1h 15min,2026-07-29 22:27:53.285561
4233,1456,2026-03-24 18:00:00,2026-02-21 18:00:00,17:00,TARJETA,CONFIRMADA,3,Baño acrílico clásico,Baño de acrílico,200.0,1h,2026-07-29 22:27:39.197474
3700,1215,2026-03-24 18:00:00,2026-03-23 18:00:00,09:00,TRANSFERENCIA,CONFIRMADA,4,Polygel forma coffin ,Uñas polygel,400.0,2h 30min,2026-07-29 22:26:33.566158
4002,1373,2026-03-25 18:00:00,2026-02-27 18:00:00,15:00,TARJETA,CANCELADA,6,Uñas esculturales forma almendra ,Uñas esculturales,380.0,2 hrs,2026-07-29 22:27:16.281370
4275,1306,2026-03-25 18:00:00,2026-03-25 18:00:00,13:00,TARJETA,CANCELADA,9,Laminado + depilación,Laminado de cejas,380.0,1h 30min,2026-07-29 22:26:58.274595
4273,1367,2026-03-25 18:00:00,2026-03-10 18:00:00,13:00,TRANSFERENCIA,CONFIRMADA,10,Lash lifting clásico,Lash lifting,350.0,1h,2026-07-29 22:27:14.675340
4539,,2026-03-25 18:00:00,2026-03-15 18:00:00,09:00,EFECTIVO,CONFIRMADA,4,Polygel forma coffin ,Uñas polygel,400.0,2h 30min,
4860,1316,2026-03-25 18:00:00,2026-02-24 18:00:00,13:00,TRANSFERENCIA,CONFIRMADA,4,Polygel forma coffin ,Uñas polygel,400.0,2h 30min,2026-07-29 22:27:00.991123
4611,1487,2026-03-25 18:00:00,2026-02-23 18:00:00,09:00,TRANSFERENCIA,CONFIRMADA,4,Polygel forma coffin ,Uñas polygel,400.0,2h 30min,2026-07-29 22:27:47.936136
3443,1331,2026-03-25 18:00:00,2026-02-22 18:00:00,11:00,TARJETA,CONFIRMADA,10,Lash lifting clásico,Lash lifting,350.0,1h,2026-07-29 22:27:04.997139
4796,1473,2026-03-26 18:00:00,2026-03-24 18:00:00,09:00,TRANSFERENCIA,CONFIRMADA,3,Baño acrílico clásico,Baño de acrílico,200.0,1h,2026-07-29 22:27:44.155196
4928,1501,2026-03-26 18:00:00,2026-02-23 18:00:00,09:00,TRANSFERENCIA,CONFIRMADA,4,Polygel forma coffin ,Uñas polygel,400.0,2h 30min,2026-07-29 22:27:51.677327
3857,1277,2026-03-26 18:00:00,2026-03-13 18:00:00,11:00,TARJETA,CONFIRMADA,2,Laminado de cejas básico,Laminado de cejas,270.0,1h,2026-07-29 22:26:50.518851
3620,1332,2026-03-26 18:00:00,2026-03-04 18:00:00,15:00,TRANSFERENCIA,CANCELADA,12,Pedicura macro clásica,Pedicura Macro,320.0,1h 30min,2026-07-29 22:27:05.264636
4576,1237,2026-03-27 18:00:00,2026-02-21 18:00:00,15:00,TRANSFERENCIA,CANCELADA,3,Baño acrílico clásico,Baño de acrílico,200.0,1h,2026-07-29 22:26:39.437205
4994,1273,2026-03-27 18:00:00,2026-02-21 18:00:00,15:00,TARJETA,CONFIRMADA,5,Softgel natural,Uñas Softgel,300.0,1h 30min,2026-07-29 22:26:49.446252
5103,1375,2026-03-27 18:00:00,2026-03-11 18:00:00,13:00,TARJETA,CONFIRMADA,13,Pedicura en seco básica,Pedicura en seco terminado spa,300.0,1h 15min,2026-07-29 22:27:16.813876
3532,1312,2026-03-27 18:00:00,2026-03-01 18:00:00,15:00,TRANSFERENCIA,CONFIRMADA,6,Uñas esculturales forma almendra ,Uñas esculturales,380.0,2 hrs,2026-07-29 22:26:59.924427
4361,1224,2026-03-27 18:00:00,2026-03-02 18:00:00,09:00,TRANSFERENCIA,CONFIRMADA,12,Pedicura macro clásica,Pedicura Macro,320.0,1h 30min,2026-07-29 22:26:35.960494
3167,1330,2026-03-27 18:00:00,2026-03-18 18:00:00,13:00,TARJETA,CONFIRMADA,9,Laminado + depilación,Laminado de cejas,380.0,1h 30min,2026-07-29 22:27:04.728757
4838,1305,2026-03-27 18:00:00,2026-03-04 18:00:00,09:00,TARJETA,CONFIRMADA,10,Lash lifting clásico,Lash lifting,350.0,1h,2026-07-29 22:26:58.009014
4508,1205,2026-03-28 18:00:00,2026-02-21 18:00:00,11:00,TRANSFERENCIA,CONFIRMADA,5,Softgel natural,Uñas Softgel,300.0,1h 30min,2026-07-29 22:26:30.878504
4764,1248,2026-03-28 18:00:00,2026-03-26 18:00:00,17:00,TARJETA,CONFIRMADA,13,Pedicura en seco básica,Pedicura en seco terminado spa,300.0,1h 15min,2026-07-29 22:26:42.672551
3334,1246,2026-03-28 18:00:00,2026-02-27 18:00:00,13:00,TARJETA,CONFIRMADA,13,Pedicura en seco básica,Pedicura en seco terminado spa,300.0,1h 15min,2026-07-29 22:26:42.137262
3441,,2026-03-28 18:00:00,2026-03-12 18:00:00,09:00,EFECTIVO,CONFIRMADA,11,Pedicura spa clásica ,Pedicura spa,280.0,1h 30min,
3395,1443,2026-03-28 18:00:00,2026-03-08 18:00:00,13:00,TARJETA,CONFIRMADA,5,Softgel natural,Uñas Softgel,300.0,1h 30min,2026-07-29 22:27:35.731237
3622,,2026-03-28 18:00:00,2026-02-22 18:00:00,17:00,EFECTIVO,CONFIRMADA,8,Uñas esculturales forma cuadrada,Uñas esculturales,350.0,2hrs,
3328,1361,2026-03-28 18:00:00,2026-02-25 18:00:00,15:00,TRANSFERENCIA,CONFIRMADA,5,Softgel natural,Uñas Softgel,300.0,1h 30min,2026-07-29 22:27:13.020767
3386,1455,2026-03-28 18:00:00,2026-03-01 18:00:00,15:00,TARJETA,CONFIRMADA,6,Uñas esculturales forma almendra ,Uñas esculturales,380.0,2 hrs,2026-07-29 22:27:38.929502
4544,1478,2026-03-28 18:00:00,2026-03-18 18:00:00,09:00,TARJETA,CONFIRMADA,2,Laminado de cejas básico,Laminado de cejas,270.0,1h,2026-07-29 22:27:45.530442
4140,1295,2026-03-30 18:00:00,2026-03-15 18:00:00,13:00,TARJETA,CANCELADA,10,Lash lifting clásico,Lash lifting,350.0,1h,2026-07-29 22:26:55.332162
4908,1300,2026-03-30 18:00:00,2026-03-10 18:00:00,11:00,TRANSFERENCIA,CANCELADA,4,Polygel forma coffin ,Uñas polygel,400.0,2h 30min,2026-07-29 22:26:56.671380
4183,1490,2026-03-30 18:00:00,2026-03-25 18:00:00,15:00,TRANSFERENCIA,CONFIRMADA,5,Softgel natural,Uñas Softgel,300.0,1h 30min,2026-07-29 22:27:48.740719
4460,1411,2026-03-30 18:00:00,2026-03-28 18:00:00,11:00,TARJETA,CONFIRMADA,4,Polygel forma coffin ,Uñas polygel,400.0,2h 30min,2026-07-29 22:27:26.568072
4772,1246,2026-03-30 18:00:00,2026-03-05 18:00:00,17:00,TARJETA,CONFIRMADA,8,Uñas esculturales forma cuadrada,Uñas esculturales,350.0,2hrs,2026-07-29 22:26:42.137262
4577,1267,2026-03-30 18:00:00,2026-03-19 18:00:00,15:00,TRANSFERENCIA,CONFIRMADA,6,Uñas esculturales forma almendra ,Uñas esculturales,380.0,2 hrs,2026-07-29 22:26:47.814781
4394,1495,2026-03-30 18:00:00,2026-03-08 18:00:00,15:00,TARJETA,CONFIRMADA,5,Softgel natural,Uñas Softgel,300.0,1h 30min,2026-07-29 22:27:50.076177
5023,1335,2026-03-30 18:00:00,2026-02-24 18:00:00,17:00,TARJETA,CONFIRMADA,10,Lash lifting clásico,Lash lifting,350.0,1h,2026-07-29 22:27:06.070151
3862,1323,2026-03-30 18:00:00,2026-03-09 18:00:00,15:00,TRANSFERENCIA,CONFIRMADA,10,Lash lifting clásico,Lash lifting,350.0,1h,2026-07-29 22:27:02.862022
4724,1451,2026-03-30 18:00:00,2026-02-24 18:00:00,15:00,TRANSFERENCIA,CONFIRMADA,9,Laminado + depilación,Laminado de cejas,380.0,1h 30min,2026-07-29 22:27:37.865260
4448,1462,2026-03-30 18:00:00,2026-03-03 18:00:00,13:00,TRANSFERENCIA,CANCELADA,13,Pedicura en seco básica,Pedicura en seco terminado spa,300.0,1h 15min,2026-07-29 22:27:40.799967
3956,,2026-03-30 18:00:00,2026-03-14 18:00:00,13:00,EFECTIVO,CONFIRMADA,5,Softgel natural,Uñas Softgel,300.0,1h 30min,
4269,1269,2026-03-30 18:00:00,2026-02-23 18:00:00,17:00,TARJETA,CONFIRMADA,13,Pedicura en seco básica,Pedicura en seco terminado spa,300.0,1h 15min,2026-07-29 22:26:48.375997
4903,1352,2026-03-31 18:00:00,2026-03-17 18:00:00,09:00,TARJETA,CONFIRMADA,2,Laminado de cejas básico,Laminado de cejas,270.0,1h,2026-07-29 22:27:10.617864
3240,1251,2026-03-31 18:00:00,2026-03-21 18:00:00,11:00,TARJETA,CONFIRMADA,11,Pedicura spa clásica ,Pedicura spa,280.0,1h 30min,2026-07-29 22:26:43.473866
3631,1349,2026-03-31 18:00:00,2026-03-16 18:00:00,17:00,TARJETA,CONFIRMADA,3,Baño acrílico clásico,Baño de acrílico,200.0,1h,2026-07-29 22:27:09.816414
4697,1515,2026-03-31 18:00:00,2026-03-26 18:00:00,09:00,TRANSFERENCIA,CONFIRMADA,4,Polygel forma coffin ,Uñas polygel,400.0,2h 30min,2026-07-29 22:27:55.720694
4486,1486,2026-03-31 18:00:00,2026-03-12 18:00:00,11:00,TARJETA,CONFIRMADA,13,Pedicura en seco básica,Pedicura en seco terminado spa,300.0,1h 15min,2026-07-29 22:27:47.670694
4475,1396,2026-03-31 18:00:00,2026-03-11 18:00:00,15:00,TRANSFERENCIA,CANCELADA,13,Pedicura en seco básica,Pedicura en seco terminado spa,300.0,1h 15min,2026-07-29 22:27:22.449818
3618,1310,2026-03-31 18:00:00,2026-03-11 18:00:00,11:00,TRANSFERENCIA,CONFIRMADA,10,Lash lifting clásico,Lash lifting,350.0,1h,2026-07-29 22:26:59.392211
5131,1478,2026-03-31 18:00:00,2026-03-12 18:00:00,13:00,TARJETA,CONFIRMADA,2,Laminado de cejas básico,Laminado de cejas,270.0,1h,2026-07-29 22:27:45.530442
3863,1312,2026-03-31 18:00:00,2026-02-26 18:00:00,15:00,TRANSFERENCIA,CONFIRMADA,4,Polygel forma coffin ,Uñas polygel,400.0,2h 30min,2026-07-29 22:26:59.924427
3868,1207,2026-03-31 18:00:00,2026-02-25 18:00:00,15:00,TARJETA,CANCELADA,12,Pedicura macro clásica,Pedicura Macro,320.0,1h 30min,2026-07-29 22:26:31.415038
3206,1491,2026-04-01 18:00:00,2026-03-02 18:00:00,11:00,TARJETA,CONFIRMADA,10,Lash lifting clásico,Lash lifting,350.0,1h,2026-07-29 22:27:49.008770
4087,1405,2026-04-01 18:00:00,2026-03-23 18:00:00,09:00,TARJETA,CONFIRMADA,5,Softgel natural,Uñas Softgel,300.0,1h 30min,2026-07-29 22:27:24.844581
4440,1216,2026-04-01 18:00:00,2026-03-27 18:00:00,09:00,TRANSFERENCIA,CONFIRMADA,12,Pedicura macro clásica,Pedicura Macro,320.0,1h 30min,2026-07-29 22:26:33.831042
4639,1315,2026-04-01 18:00:00,2026-03-18 18:00:00,11:00,TARJETA,CONFIRMADA,6,Uñas esculturales forma almendra ,Uñas esculturales,380.0,2 hrs,2026-07-29 22:27:00.724138
3662,,2026-04-01 18:00:00,2026-03-02 18:00:00,17:00,EFECTIVO,CONFIRMADA,5,Softgel natural,Uñas Softgel,300.0,1h 30min,
4961,1471,2026-04-01 18:00:00,2026-03-07 18:00:00,17:00,TARJETA,CONFIRMADA,2,Laminado de cejas básico,Laminado de cejas,270.0,1h,2026-07-29 22:27:43.196392
3611,1212,2026-04-01 18:00:00,2026-03-06 18:00:00,13:00,TARJETA,CANCELADA,4,Polygel forma coffin ,Uñas polygel,400.0,2h 30min,2026-07-29 22:26:32.753583
5082,1297,2026-04-01 18:00:00,2026-03-23 18:00:00,13:00,TARJETA,CONFIRMADA,4,Polygel forma coffin ,Uñas polygel,400.0,2h 30min,2026-07-29 22:26:55.868864
3561,1326,2026-04-01 18:00:00,2026-03-27 18:00:00,09:00,TARJETA,CONFIRMADA,11,Pedicura spa clásica ,Pedicura spa,280.0,1h 30min,2026-07-29 22:27:03.662696
5071,1328,2026-04-01 18:00:00,2026-02-27 18:00:00,17:00,TARJETA,CANCELADA,11,Pedicura spa clásica ,Pedicura spa,280.0,1h 30min,2026-07-29 22:27:04.194278
4395,1403,2026-04-02 18:00:00,2026-03-30 18:00:00,13:00,TRANSFERENCIA,CONFIRMADA,13,Pedicura en seco básica,Pedicura en seco terminado spa,300.0,1h 15min,2026-07-29 22:27:24.311489
4151,1435,2026-04-02 18:00:00,2026-03-15 18:00:00,17:00,TARJETA,CONFIRMADA,3,Baño acrílico clásico,Baño de acrílico,200.0,1h,2026-07-29 22:27:33.594763
5061,1342,2026-04-02 18:00:00,2026-03-28 18:00:00,15:00,TRANSFERENCIA,CONFIRMADA,12,Pedicura macro clásica,Pedicura Macro,320.0,1h 30min,2026-07-29 22:27:07.945739
4136,1377,2026-04-02 18:00:00,2026-03-29 18:00:00,13:00,TARJETA,CONFIRMADA,11,Pedicura spa clásica ,Pedicura spa,280.0,1h 30min,2026-07-29 22:27:17.351536
3438,1285,2026-04-02 18:00:00,2026-03-02 18:00:00,17:00,TRANSFERENCIA,CANCELADA,9,Laminado + depilación,Laminado de cejas,380.0,1h 30min,2026-07-29 22:26:52.662237
4739,1498,2026-04-03 18:00:00,2026-03-27 18:00:00,13:00,TRANSFERENCIA,CANCELADA,11,Pedicura spa clásica ,Pedicura spa,280.0,1h 30min,2026-07-29 22:27:50.873734
4695,1267,2026-04-03 18:00:00,2026-04-01 18:00:00,11:00,TARJETA,CONFIRMADA,3,Baño acrílico clásico,Baño de acrílico,200.0,1h,2026-07-29 22:26:47.814781
3347,1321,2026-04-03 18:00:00,2026-03-20 18:00:00,11:00,TARJETA,CANCELADA,9,Laminado + depilación,Laminado de cejas,380.0,1h 30min,2026-07-29 22:27:02.328255
5054,1379,2026-04-03 18:00:00,2026-03-11 18:00:00,13:00,TARJETA,CONFIRMADA,6,Uñas esculturales forma almendra ,Uñas esculturales,380.0,2 hrs,2026-07-29 22:27:17.893997
4962,1347,2026-04-03 18:00:00,2026-03-04 18:00:00,17:00,TRANSFERENCIA,CONFIRMADA,5,Softgel natural,Uñas Softgel,300.0,1h 30min,2026-07-29 22:27:09.280751
4776,1320,2026-04-04 18:00:00,2026-03-19 18:00:00,11:00,TARJETA,CONFIRMADA,13,Pedicura en seco básica,Pedicura en seco terminado spa,300.0,1h 15min,2026-07-29 22:27:02.061316
3356,1398,2026-04-04 18:00:00,2026-02-28 18:00:00,13:00,TARJETA,CONFIRMADA,2,Laminado de cejas básico,Laminado de cejas,270.0,1h,2026-07-29 22:27:22.985016
5027,1407,2026-04-04 18:00:00,2026-03-13 18:00:00,15:00,TARJETA,CONFIRMADA,8,Uñas esculturales forma cuadrada,Uñas esculturales,350.0,2hrs,2026-07-29 22:27:25.500265
3829,1265,2026-04-04 18:00:00,2026-03-13 18:00:00,11:00,TARJETA,CONFIRMADA,3,Baño acrílico clásico,Baño de acrílico,200.0,1h,2026-07-29 22:26:47.278967
3859,1229,2026-04-04 18:00:00,2026-03-02 18:00:00,15:00,TRANSFERENCIA,CONFIRMADA,4,Polygel forma coffin ,Uñas polygel,400.0,2h 30min,2026-07-29 22:26:37.296512
5024,1334,2026-04-04 18:00:00,2026-03-29 18:00:00,11:00,TARJETA,CONFIRMADA,3,Baño acrílico clásico,Baño de acrílico,200.0,1h,2026-07-29 22:27:05.801696
4919,,2026-04-06 18:00:00,2026-04-05 18:00:00,15:00,EFECTIVO,CONFIRMADA,3,Baño acrílico clásico,Baño de acrílico,200.0,1h,
4404,1309,2026-04-06 18:00:00,2026-03-20 18:00:00,11:00,TARJETA,CONFIRMADA,10,Lash lifting clásico,Lash lifting,350.0,1h,2026-07-29 22:26:59.071497
4686,1293,2026-04-06 18:00:00,2026-04-02 18:00:00,13:00,TARJETA,CONFIRMADA,13,Pedicura en seco básica,Pedicura en seco terminado spa,300.0,1h 15min,2026-07-29 22:26:54.797840
3369,1202,2026-04-06 18:00:00,2026-03-23 18:00:00,15:00,TARJETA,CONFIRMADA,8,Uñas esculturales forma cuadrada,Uñas esculturales,350.0,2hrs,2026-07-29 22:26:30.077457
5159,1508,2026-04-06 18:00:00,2026-03-19 18:00:00,11:00,TARJETA,CONFIRMADA,13,Pedicura en seco básica,Pedicura en seco terminado spa,300.0,1h 15min,2026-07-29 22:27:53.551629
4563,1206,2026-04-06 18:00:00,2026-03-10 18:00:00,15:00,TARJETA,CANCELADA,10,Lash lifting clásico,Lash lifting,350.0,1h,2026-07-29 22:26:31.147537
4095,1409,2026-04-06 18:00:00,2026-03-27 18:00:00,15:00,TARJETA,CONFIRMADA,4,Polygel forma coffin ,Uñas polygel,400.0,2h 30min,2026-07-29 22:27:26.037087
4904,1460,2026-04-06 18:00:00,2026-03-25 18:00:00,13:00,TRANSFERENCIA,CANCELADA,5,Softgel natural,Uñas Softgel,300.0,1h 30min,2026-07-29 22:27:40.267678
4770,,2026-04-06 18:00:00,2026-03-27 18:00:00,09:00,TARJETA,CONFIRMADA,10,Lash lifting clásico,Lash lifting,350.0,1h,
4179,1265,2026-04-06 18:00:00,2026-03-26 18:00:00,17:00,TARJETA,CONFIRMADA,8,Uñas esculturales forma cuadrada,Uñas esculturales,350.0,2hrs,2026-07-29 22:26:47.278967
4126,1470,2026-04-06 18:00:00,2026-03-25 18:00:00,15:00,TARJETA,CONFIRMADA,8,Uñas esculturales forma cuadrada,Uñas esculturales,350.0,2hrs,2026-07-29 22:27:42.930393
4089,1248,2026-04-07 18:00:00,2026-04-06 18:00:00,13:00,TRANSFERENCIA,CONFIRMADA,4,Polygel forma coffin ,Uñas polygel,400.0,2h 30min,2026-07-29 22:26:42.672551
4320,1481,2026-04-07 18:00:00,2026-03-31 18:00:00,15:00,TRANSFERENCIA,CONFIRMADA,12,Pedicura macro clásica,Pedicura Macro,320.0,1h 30min,2026-07-29 22:27:46.329588
3909,1218,2026-04-07 18:00:00,2026-03-30 18:00:00,11:00,TARJETA,CONFIRMADA,11,Pedicura spa clásica ,Pedicura spa,280.0,1h 30min,2026-07-29 22:26:34.360426
4495,1482,2026-04-07 18:00:00,2026-03-18 18:00:00,13:00,TARJETA,CONFIRMADA,13,Pedicura en seco básica,Pedicura en seco terminado spa,300.0,1h 15min,2026-07-29 22:27:46.602817
3289,1507,2026-04-07 18:00:00,2026-03-20 18:00:00,13:00,TARJETA,CONFIRMADA,2,Laminado de cejas básico,Laminado de cejas,270.0,1h,2026-07-29 22:27:53.285561
4373,1262,2026-04-08 18:00:00,2026-03-26 18:00:00,15:00,TRANSFERENCIA,CONFIRMADA,2,Laminado de cejas básico,Laminado de cejas,270.0,1h,2026-07-29 22:26:46.477301
4369,1302,2026-04-08 18:00:00,2026-03-07 18:00:00,15:00,TRANSFERENCIA,CANCELADA,2,Laminado de cejas básico,Laminado de cejas,270.0,1h,2026-07-29 22:26:57.207498
3265,1241,2026-04-08 18:00:00,2026-04-03 18:00:00,17:00,TARJETA,CONFIRMADA,11,Pedicura spa clásica ,Pedicura spa,280.0,1h 30min,2026-07-29 22:26:40.505203
4826,1232,2026-04-08 18:00:00,2026-04-01 18:00:00,17:00,TARJETA,CONFIRMADA,11,Pedicura spa clásica ,Pedicura spa,280.0,1h 30min,2026-07-29 22:26:38.100047
4258,1223,2026-04-09 18:00:00,2026-03-08 18:00:00,13:00,TARJETA,CONFIRMADA,10,Lash lifting clásico,Lash lifting,350.0,1h,2026-07-29 22:26:35.692893
4805,1518,2026-04-09 18:00:00,2026-04-07 18:00:00,15:00,TRANSFERENCIA,CONFIRMADA,8,Uñas esculturales forma cuadrada,Uñas esculturales,350.0,2hrs,2026-07-29 22:27:56.524304
5057,1352,2026-04-09 18:00:00,2026-03-06 18:00:00,09:00,TRANSFERENCIA,CONFIRMADA,4,Polygel forma coffin ,Uñas polygel,400.0,2h 30min,2026-07-29 22:27:10.617864
4687,1429,2026-04-09 18:00:00,2026-03-31 18:00:00,13:00,TARJETA,CONFIRMADA,5,Softgel natural,Uñas Softgel,300.0,1h 30min,2026-07-29 22:27:31.992973
3883,1335,2026-04-09 18:00:00,2026-03-19 18:00:00,09:00,TARJETA,CONFIRMADA,8,Uñas esculturales forma cuadrada,Uñas esculturales,350.0,2hrs,2026-07-29 22:27:06.070151
4702,1248,2026-04-09 18:00:00,2026-03-21 18:00:00,15:00,TRANSFERENCIA,CONFIRMADA,5,Softgel natural,Uñas Softgel,300.0,1h 30min,2026-07-29 22:26:42.672551
212,7,2026-04-10 12:00:00,2026-07-20 02:20:20.361000,11:00,TRANSFERENCIA,CANCELADA,2,Laminado de cejas básico,Laminado de cejas,270.0,1h,2026-03-07 23:51:22.616000
3940,1372,2026-04-10 18:00:00,2026-03-07 18:00:00,17:00,TARJETA,CONFIRMADA,4,Polygel forma coffin ,Uñas polygel,400.0,2h 30min,2026-07-29 22:27:16.009882
4858,1499,2026-04-10 18:00:00,2026-03-16 18:00:00,15:00,TRANSFERENCIA,CANCELADA,4,Polygel forma coffin ,Uñas polygel,400.0,2h 30min,2026-07-29 22:27:51.140174
3737,,2026-04-10 18:00:00,2026-03-25 18:00:00,09:00,EFECTIVO,CONFIRMADA,6,Uñas esculturales forma almendra ,Uñas esculturales,380.0,2 hrs,
4650,1276,2026-04-10 18:00:00,2026-03-28 18:00:00,15:00,TARJETA,CONFIRMADA,8,Uñas esculturales forma cuadrada,Uñas esculturales,350.0,2hrs,2026-07-29 22:26:50.249853
4950,1256,2026-04-10 18:00:00,2026-04-03 18:00:00,15:00,TRANSFERENCIA,CONFIRMADA,6,Uñas esculturales forma almendra ,Uñas esculturales,380.0,2 hrs,2026-07-29 22:26:44.865558
4306,1345,2026-04-10 18:00:00,2026-03-29 18:00:00,13:00,TARJETA,CANCELADA,10,Lash lifting clásico,Lash lifting,350.0,1h,2026-07-29 22:27:08.742753
5087,1364,2026-04-11 18:00:00,2026-04-04 18:00:00,17:00,TRANSFERENCIA,CONFIRMADA,5,Softgel natural,Uñas Softgel,300.0,1h 30min,2026-07-29 22:27:13.819812
4158,1365,2026-04-11 18:00:00,2026-03-31 18:00:00,13:00,TARJETA,CONFIRMADA,9,Laminado + depilación,Laminado de cejas,380.0,1h 30min,2026-07-29 22:27:14.086840
4837,1377,2026-04-11 18:00:00,2026-03-31 18:00:00,17:00,TARJETA,CONFIRMADA,9,Laminado + depilación,Laminado de cejas,380.0,1h 30min,2026-07-29 22:27:17.351536
4599,1383,2026-04-11 18:00:00,2026-03-22 18:00:00,09:00,TARJETA,CONFIRMADA,4,Polygel forma coffin ,Uñas polygel,400.0,2h 30min,2026-07-29 22:27:18.964730
4669,1212,2026-04-11 18:00:00,2026-04-04 18:00:00,17:00,TARJETA,CANCELADA,2,Laminado de cejas básico,Laminado de cejas,270.0,1h,2026-07-29 22:26:32.753583
3337,1498,2026-04-11 18:00:00,2026-03-09 18:00:00,11:00,TARJETA,CONFIRMADA,5,Softgel natural,Uñas Softgel,300.0,1h 30min,2026-07-29 22:27:50.873734
3711,1225,2026-04-13 18:00:00,2026-04-05 18:00:00,11:00,TRANSFERENCIA,CONFIRMADA,13,Pedicura en seco básica,Pedicura en seco terminado spa,300.0,1h 15min,2026-07-29 22:26:36.226527
5144,1487,2026-04-13 18:00:00,2026-03-26 18:00:00,13:00,TRANSFERENCIA,CONFIRMADA,8,Uñas esculturales forma cuadrada,Uñas esculturales,350.0,2hrs,2026-07-29 22:27:47.936136
4868,1373,2026-04-13 18:00:00,2026-03-17 18:00:00,11:00,TRANSFERENCIA,CANCELADA,2,Laminado de cejas básico,Laminado de cejas,270.0,1h,2026-07-29 22:27:16.281370
3276,,2026-04-13 18:00:00,2026-03-16 18:00:00,15:00,EFECTIVO,CONFIRMADA,2,Laminado de cejas básico,Laminado de cejas,270.0,1h,
3376,1212,2026-04-13 18:00:00,2026-03-27 18:00:00,15:00,TRANSFERENCIA,CANCELADA,13,Pedicura en seco básica,Pedicura en seco terminado spa,300.0,1h 15min,2026-07-29 22:26:32.753583
4390,,2026-04-13 18:00:00,2026-04-05 18:00:00,15:00,TARJETA,CONFIRMADA,9,Laminado + depilación,Laminado de cejas,380.0,1h 30min,
4800,1336,2026-04-13 18:00:00,2026-04-05 18:00:00,17:00,TARJETA,CANCELADA,3,Baño acrílico clásico,Baño de acrílico,200.0,1h,2026-07-29 22:27:06.335638
5021,1306,2026-04-13 18:00:00,2026-03-09 18:00:00,15:00,TRANSFERENCIA,CONFIRMADA,5,Softgel natural,Uñas Softgel,300.0,1h 30min,2026-07-29 22:26:58.274595
3422,1263,2026-04-13 18:00:00,2026-03-09 18:00:00,13:00,TARJETA,CANCELADA,13,Pedicura en seco básica,Pedicura en seco terminado spa,300.0,1h 15min,2026-07-29 22:26:46.743880
3405,1338,2026-04-13 18:00:00,2026-04-07 18:00:00,15:00,TARJETA,CONFIRMADA,9,Laminado + depilación,Laminado de cejas,380.0,1h 30min,2026-07-29 22:27:06.878104
4971,1438,2026-04-13 18:00:00,2026-03-21 18:00:00,13:00,TARJETA,CANCELADA,5,Softgel natural,Uñas Softgel,300.0,1h 30min,2026-07-29 22:27:34.395680
3409,1304,2026-04-13 18:00:00,2026-03-24 18:00:00,11:00,TRANSFERENCIA,CONFIRMADA,3,Baño acrílico clásico,Baño de acrílico,200.0,1h,2026-07-29 22:26:57.741506
4334,1455,2026-04-13 18:00:00,2026-03-13 18:00:00,09:00,TRANSFERENCIA,CONFIRMADA,4,Polygel forma coffin ,Uñas polygel,400.0,2h 30min,2026-07-29 22:27:38.929502
4329,1337,2026-04-13 18:00:00,2026-03-18 18:00:00,15:00,TRANSFERENCIA,CONFIRMADA,8,Uñas esculturales forma cuadrada,Uñas esculturales,350.0,2hrs,2026-07-29 22:27:06.604814
3814,1486,2026-04-13 18:00:00,2026-03-11 18:00:00,11:00,TRANSFERENCIA,CANCELADA,3,Baño acrílico clásico,Baño de acrílico,200.0,1h,2026-07-29 22:27:47.670694
3671,1498,2026-04-13 18:00:00,2026-03-31 18:00:00,09:00,TRANSFERENCIA,CONFIRMADA,2,Laminado de cejas básico,Laminado de cejas,270.0,1h,2026-07-29 22:27:50.873734
4474,1381,2026-04-13 18:00:00,2026-03-24 18:00:00,13:00,TARJETA,CONFIRMADA,6,Uñas esculturales forma almendra ,Uñas esculturales,380.0,2 hrs,2026-07-29 22:27:18.430437
3529,1250,2026-04-13 18:00:00,2026-04-08 18:00:00,17:00,TRANSFERENCIA,CONFIRMADA,12,Pedicura macro clásica,Pedicura Macro,320.0,1h 30min,2026-07-29 22:26:43.205503
3803,1478,2026-04-13 18:00:00,2026-03-09 18:00:00,09:00,TARJETA,CONFIRMADA,11,Pedicura spa clásica ,Pedicura spa,280.0,1h 30min,2026-07-29 22:27:45.530442
3476,1308,2026-04-13 18:00:00,2026-03-27 18:00:00,15:00,TRANSFERENCIA,CONFIRMADA,4,Polygel forma coffin ,Uñas polygel,400.0,2h 30min,2026-07-29 22:26:58.806519
4709,1375,2026-04-14 18:00:00,2026-04-11 18:00:00,11:00,TRANSFERENCIA,CONFIRMADA,9,Laminado + depilación,Laminado de cejas,380.0,1h 30min,2026-07-29 22:27:16.813876
4351,1414,2026-04-14 18:00:00,2026-04-14 18:00:00,13:00,TARJETA,CANCELADA,4,Polygel forma coffin ,Uñas polygel,400.0,2h 30min,2026-07-29 22:27:27.647727
3720,1377,2026-04-14 18:00:00,2026-04-07 18:00:00,15:00,TARJETA,CONFIRMADA,9,Laminado + depilación,Laminado de cejas,380.0,1h 30min,2026-07-29 22:27:17.351536
4328,,2026-04-14 18:00:00,2026-03-22 18:00:00,17:00,EFECTIVO,CONFIRMADA,4,Polygel forma coffin ,Uñas polygel,400.0,2h 30min,
4331,1394,2026-04-14 18:00:00,2026-03-22 18:00:00,15:00,TARJETA,CONFIRMADA,4,Polygel forma coffin ,Uñas polygel,400.0,2h 30min,2026-07-29 22:27:21.916669
3856,1441,2026-04-14 18:00:00,2026-04-12 18:00:00,15:00,TRANSFERENCIA,CONFIRMADA,6,Uñas esculturales forma almendra ,Uñas esculturales,380.0,2 hrs,2026-07-29 22:27:35.199248
3876,1498,2026-04-14 18:00:00,2026-03-22 18:00:00,11:00,TARJETA,CANCELADA,6,Uñas esculturales forma almendra ,Uñas esculturales,380.0,2 hrs,2026-07-29 22:27:50.873734
3895,1407,2026-04-14 18:00:00,2026-03-10 18:00:00,13:00,TARJETA,CONFIRMADA,3,Baño acrílico clásico,Baño de acrílico,200.0,1h,2026-07-29 22:27:25.500265
3985,,2026-04-14 18:00:00,2026-04-09 18:00:00,17:00,TARJETA,CONFIRMADA,8,Uñas esculturales forma cuadrada,Uñas esculturales,350.0,2hrs,
4212,1495,2026-04-14 18:00:00,2026-03-26 18:00:00,15:00,TRANSFERENCIA,CONFIRMADA,9,Laminado + depilación,Laminado de cejas,380.0,1h 30min,2026-07-29 22:27:50.076177
5040,,2026-04-14 18:00:00,2026-03-27 18:00:00,13:00,TARJETA,CONFIRMADA,8,Uñas esculturales forma cuadrada,Uñas esculturales,350.0,2hrs,
3286,1518,2026-04-14 18:00:00,2026-03-19 18:00:00,15:00,TRANSFERENCIA,CONFIRMADA,6,Uñas esculturales forma almendra ,Uñas esculturales,380.0,2 hrs,2026-07-29 22:27:56.524304
4038,1341,2026-04-14 18:00:00,2026-04-12 18:00:00,17:00,TRANSFERENCIA,CONFIRMADA,12,Pedicura macro clásica,Pedicura Macro,320.0,1h 30min,2026-07-29 22:27:07.677763
5157,1495,2026-04-14 18:00:00,2026-03-28 18:00:00,09:00,TARJETA,CONFIRMADA,9,Laminado + depilación,Laminado de cejas,380.0,1h 30min,2026-07-29 22:27:50.076177
4830,1218,2026-04-14 18:00:00,2026-03-21 18:00:00,17:00,TARJETA,CANCELADA,8,Uñas esculturales forma cuadrada,Uñas esculturales,350.0,2hrs,2026-07-29 22:26:34.360426
4059,1446,2026-04-14 18:00:00,2026-04-05 18:00:00,13:00,TARJETA,CONFIRMADA,11,Pedicura spa clásica ,Pedicura spa,280.0,1h 30min,2026-07-29 22:27:36.531878
4810,1301,2026-04-14 18:00:00,2026-04-05 18:00:00,15:00,TARJETA,CONFIRMADA,2,Laminado de cejas básico,Laminado de cejas,270.0,1h,2026-07-29 22:26:56.940016
4784,1441,2026-04-14 18:00:00,2026-03-23 18:00:00,17:00,TRANSFERENCIA,CANCELADA,13,Pedicura en seco básica,Pedicura en seco terminado spa,300.0,1h 15min,2026-07-29 22:27:35.199248
4132,1353,2026-04-14 18:00:00,2026-04-10 18:00:00,17:00,TRANSFERENCIA,CONFIRMADA,2,Laminado de cejas básico,Laminado de cejas,270.0,1h,2026-07-29 22:27:10.884273
3311,1361,2026-04-14 18:00:00,2026-03-16 18:00:00,13:00,TARJETA,CONFIRMADA,2,Laminado de cejas básico,Laminado de cejas,270.0,1h,2026-07-29 22:27:13.020767
15,5,2026-04-14 19:30:00,2026-04-12 03:10:24.216000,13:30,TARJETA,CONFIRMADA,1,Laminado de cejas con tinte,Laminado de cejas,350.0,1h 15min,2026-03-07 23:35:18.791000
3934,,2026-04-15 18:00:00,2026-04-03 18:00:00,15:00,TARJETA,CONFIRMADA,2,Laminado de cejas básico,Laminado de cejas,270.0,1h,
3493,1204,2026-04-15 18:00:00,2026-04-13 18:00:00,09:00,TARJETA,CONFIRMADA,9,Laminado + depilación,Laminado de cejas,380.0,1h 30min,2026-07-29 22:26:30.611432
4674,1283,2026-04-15 18:00:00,2026-04-09 18:00:00,11:00,TARJETA,CONFIRMADA,9,Laminado + depilación,Laminado de cejas,380.0,1h 30min,2026-07-29 22:26:52.128022
3523,1320,2026-04-15 18:00:00,2026-03-24 18:00:00,13:00,TARJETA,CANCELADA,8,Uñas esculturales forma cuadrada,Uñas esculturales,350.0,2hrs,2026-07-29 22:27:02.061316
4122,1439,2026-04-15 18:00:00,2026-04-03 18:00:00,09:00,TRANSFERENCIA,CONFIRMADA,5,Softgel natural,Uñas Softgel,300.0,1h 30min,2026-07-29 22:27:34.662721
4874,1457,2026-04-15 18:00:00,2026-04-05 18:00:00,11:00,TARJETA,CONFIRMADA,4,Polygel forma coffin ,Uñas polygel,400.0,2h 30min,2026-07-29 22:27:39.464495
3755,1390,2026-04-15 18:00:00,2026-03-18 18:00:00,13:00,TRANSFERENCIA,CONFIRMADA,12,Pedicura macro clásica,Pedicura Macro,320.0,1h 30min,2026-07-29 22:27:20.836618
13,5,2026-04-15 21:00:00,2026-04-02 08:34:15.227000,15:00,TARJETA,PENDIENTE,6,Uñas esculturales forma almendra ,Uñas esculturales,380.0,2 hrs,2026-03-07 23:35:18.791000
3399,1344,2026-04-16 18:00:00,2026-04-13 18:00:00,13:00,TRANSFERENCIA,CONFIRMADA,9,Laminado + depilación,Laminado de cejas,380.0,1h 30min,2026-07-29 22:27:08.477626
4630,1263,2026-04-16 18:00:00,2026-03-25 18:00:00,09:00,TARJETA,CANCELADA,2,Laminado de cejas básico,Laminado de cejas,270.0,1h,2026-07-29 22:26:46.743880
5039,1439,2026-04-16 18:00:00,2026-03-23 18:00:00,13:00,TARJETA,CONFIRMADA,2,Laminado de cejas básico,Laminado de cejas,270.0,1h,2026-07-29 22:27:34.662721
5117,1368,2026-04-16 18:00:00,2026-04-05 18:00:00,13:00,TARJETA,CONFIRMADA,6,Uñas esculturales forma almendra ,Uñas esculturales,380.0,2 hrs,2026-07-29 22:27:14.942280
3290,1303,2026-04-16 18:00:00,2026-04-03 18:00:00,11:00,TARJETA,CONFIRMADA,4,Polygel forma coffin ,Uñas polygel,400.0,2h 30min,2026-07-29 22:26:57.476011
4172,,2026-04-16 18:00:00,2026-04-07 18:00:00,09:00,TARJETA,CONFIRMADA,9,Laminado + depilación,Laminado de cejas,380.0,1h 30min,
4125,1376,2026-04-16 18:00:00,2026-04-07 18:00:00,09:00,TARJETA,CONFIRMADA,5,Softgel natural,Uñas Softgel,300.0,1h 30min,2026-07-29 22:27:17.082953
4952,1498,2026-04-17 18:00:00,2026-04-08 18:00:00,17:00,TRANSFERENCIA,CONFIRMADA,2,Laminado de cejas básico,Laminado de cejas,270.0,1h,2026-07-29 22:27:50.873734
4356,1212,2026-04-17 18:00:00,2026-03-22 18:00:00,09:00,TARJETA,CANCELADA,11,Pedicura spa clásica ,Pedicura spa,280.0,1h 30min,2026-07-29 22:26:32.753583
5111,1240,2026-04-17 18:00:00,2026-03-21 18:00:00,09:00,TARJETA,CONFIRMADA,2,Laminado de cejas básico,Laminado de cejas,270.0,1h,2026-07-29 22:26:40.238646
5097,1508,2026-04-18 18:00:00,2026-04-13 18:00:00,09:00,TARJETA,CONFIRMADA,9,Laminado + depilación,Laminado de cejas,380.0,1h 30min,2026-07-29 22:27:53.551629
5076,1421,2026-04-18 18:00:00,2026-03-24 18:00:00,15:00,TRANSFERENCIA,CONFIRMADA,13,Pedicura en seco básica,Pedicura en seco terminado spa,300.0,1h 15min,2026-07-29 22:27:29.857169
4791,1449,2026-04-18 18:00:00,2026-03-14 18:00:00,15:00,TARJETA,CONFIRMADA,6,Uñas esculturales forma almendra ,Uñas esculturales,380.0,2 hrs,2026-07-29 22:27:37.334677
4780,1358,2026-04-18 18:00:00,2026-04-04 18:00:00,13:00,TARJETA,CONFIRMADA,13,Pedicura en seco básica,Pedicura en seco terminado spa,300.0,1h 15min,2026-07-29 22:27:12.220366
4118,1346,2026-04-18 18:00:00,2026-04-10 18:00:00,09:00,TRANSFERENCIA,CONFIRMADA,6,Uñas esculturales forma almendra ,Uñas esculturales,380.0,2 hrs,2026-07-29 22:27:09.012255
4199,1394,2026-04-20 18:00:00,2026-04-05 18:00:00,17:00,TARJETA,CANCELADA,9,Laminado + depilación,Laminado de cejas,380.0,1h 30min,2026-07-29 22:27:21.916669
4401,1324,2026-04-20 18:00:00,2026-04-10 18:00:00,15:00,TARJETA,CONFIRMADA,8,Uñas esculturales forma cuadrada,Uñas esculturales,350.0,2hrs,2026-07-29 22:27:03.129540
4975,1359,2026-04-20 18:00:00,2026-04-03 18:00:00,11:00,TARJETA,CONFIRMADA,2,Laminado de cejas básico,Laminado de cejas,270.0,1h,2026-07-29 22:27:12.486285
3752,1248,2026-04-20 18:00:00,2026-04-11 18:00:00,09:00,TARJETA,CANCELADA,3,Baño acrílico clásico,Baño de acrílico,200.0,1h,2026-07-29 22:26:42.672551
3323,1211,2026-04-20 18:00:00,2026-04-01 18:00:00,13:00,TARJETA,CANCELADA,10,Lash lifting clásico,Lash lifting,350.0,1h,2026-07-29 22:26:32.485746
3190,1212,2026-04-20 18:00:00,2026-04-11 18:00:00,15:00,TARJETA,CONFIRMADA,4,Polygel forma coffin ,Uñas polygel,400.0,2h 30min,2026-07-29 22:26:32.753583
3268,1327,2026-04-20 18:00:00,2026-04-20 18:00:00,17:00,TARJETA,CONFIRMADA,3,Baño acrílico clásico,Baño de acrílico,200.0,1h,2026-07-29 22:27:03.927042
3614,1250,2026-04-20 18:00:00,2026-04-17 18:00:00,15:00,TRANSFERENCIA,CANCELADA,9,Laminado + depilación,Laminado de cejas,380.0,1h 30min,2026-07-29 22:26:43.205503
3352,1349,2026-04-20 18:00:00,2026-04-13 18:00:00,17:00,TARJETA,CONFIRMADA,10,Lash lifting clásico,Lash lifting,350.0,1h,2026-07-29 22:27:09.816414
4013,1382,2026-04-20 18:00:00,2026-03-26 18:00:00,17:00,TARJETA,CONFIRMADA,5,Softgel natural,Uñas Softgel,300.0,1h 30min,2026-07-29 22:27:18.697451
4274,1442,2026-04-20 18:00:00,2026-03-18 18:00:00,11:00,TRANSFERENCIA,CANCELADA,8,Uñas esculturales forma cuadrada,Uñas esculturales,350.0,2hrs,2026-07-29 22:27:35.465247
3661,1402,2026-04-20 18:00:00,2026-03-16 18:00:00,15:00,TARJETA,CONFIRMADA,5,Softgel natural,Uñas Softgel,300.0,1h 30min,2026-07-29 22:27:24.046481
4067,1388,2026-04-20 18:00:00,2026-04-09 18:00:00,13:00,TARJETA,CONFIRMADA,9,Laminado + depilación,Laminado de cejas,380.0,1h 30min,2026-07-29 22:27:20.302582
4496,1392,2026-04-20 18:00:00,2026-04-14 18:00:00,11:00,TARJETA,CONFIRMADA,5,Softgel natural,Uñas Softgel,300.0,1h 30min,2026-07-29 22:27:21.369299
176,7,2026-04-21 12:00:00,2026-07-20 02:20:19.987000,13:00,TRANSFERENCIA,COMPLETADA,10,Lash lifting clásico,Lash lifting,350.0,1h,2026-03-07 23:51:22.616000
4296,1214,2026-04-21 18:00:00,2026-03-31 18:00:00,11:00,TRANSFERENCIA,CONFIRMADA,4,Polygel forma coffin ,Uñas polygel,400.0,2h 30min,2026-07-29 22:26:33.288219
4370,1267,2026-04-21 18:00:00,2026-03-21 18:00:00,15:00,TARJETA,CONFIRMADA,3,Baño acrílico clásico,Baño de acrílico,200.0,1h,2026-07-29 22:26:47.814781
4281,1363,2026-04-21 18:00:00,2026-04-09 18:00:00,15:00,TRANSFERENCIA,CONFIRMADA,5,Softgel natural,Uñas Softgel,300.0,1h 30min,2026-07-29 22:27:13.553758
3344,1517,2026-04-22 18:00:00,2026-04-17 18:00:00,15:00,TARJETA,CONFIRMADA,10,Lash lifting clásico,Lash lifting,350.0,1h,2026-07-29 22:27:56.255876
4073,1260,2026-04-22 18:00:00,2026-03-26 18:00:00,09:00,TRANSFERENCIA,CONFIRMADA,9,Laminado + depilación,Laminado de cejas,380.0,1h 30min,2026-07-29 22:26:45.943932
3609,1406,2026-04-22 18:00:00,2026-03-24 18:00:00,13:00,TARJETA,CANCELADA,8,Uñas esculturales forma cuadrada,Uñas esculturales,350.0,2hrs,2026-07-29 22:27:25.113599
3727,1442,2026-04-22 18:00:00,2026-03-26 18:00:00,13:00,TRANSFERENCIA,CONFIRMADA,13,Pedicura en seco básica,Pedicura en seco terminado spa,300.0,1h 15min,2026-07-29 22:27:35.465247
3459,1311,2026-04-22 18:00:00,2026-03-21 18:00:00,13:00,TRANSFERENCIA,CONFIRMADA,12,Pedicura macro clásica,Pedicura Macro,320.0,1h 30min,2026-07-29 22:26:59.657682
3959,1340,2026-04-22 18:00:00,2026-03-19 18:00:00,13:00,TARJETA,CONFIRMADA,2,Laminado de cejas básico,Laminado de cejas,270.0,1h,2026-07-29 22:27:07.411281
3466,,2026-04-22 18:00:00,2026-04-17 18:00:00,11:00,EFECTIVO,CANCELADA,8,Uñas esculturales forma cuadrada,Uñas esculturales,350.0,2hrs,
4195,1356,2026-04-22 18:00:00,2026-04-03 18:00:00,13:00,TARJETA,CONFIRMADA,10,Lash lifting clásico,Lash lifting,350.0,1h,2026-07-29 22:27:11.683633
5085,1342,2026-04-22 18:00:00,2026-04-07 18:00:00,17:00,TRANSFERENCIA,CONFIRMADA,9,Laminado + depilación,Laminado de cejas,380.0,1h 30min,2026-07-29 22:27:07.945739
4220,,2026-04-23 18:00:00,2026-04-06 18:00:00,09:00,EFECTIVO,CANCELADA,5,Softgel natural,Uñas Softgel,300.0,1h 30min,
3515,1425,2026-04-23 18:00:00,2026-04-22 18:00:00,09:00,TRANSFERENCIA,CONFIRMADA,6,Uñas esculturales forma almendra ,Uñas esculturales,380.0,2 hrs,2026-07-29 22:27:30.925337
3494,1300,2026-04-23 18:00:00,2026-03-24 18:00:00,17:00,TARJETA,CONFIRMADA,12,Pedicura macro clásica,Pedicura Macro,320.0,1h 30min,2026-07-29 22:26:56.671380
4905,1457,2026-04-23 18:00:00,2026-04-03 18:00:00,11:00,TARJETA,CONFIRMADA,5,Softgel natural,Uñas Softgel,300.0,1h 30min,2026-07-29 22:27:39.464495
4164,1404,2026-04-23 18:00:00,2026-04-06 18:00:00,09:00,TRANSFERENCIA,CANCELADA,4,Polygel forma coffin ,Uñas polygel,400.0,2h 30min,2026-07-29 22:27:24.579439
3836,1307,2026-04-23 18:00:00,2026-03-22 18:00:00,15:00,TRANSFERENCIA,CONFIRMADA,13,Pedicura en seco básica,Pedicura en seco terminado spa,300.0,1h 15min,2026-07-29 22:26:58.540944
3410,1381,2026-04-23 18:00:00,2026-04-18 18:00:00,13:00,TARJETA,CONFIRMADA,2,Laminado de cejas básico,Laminado de cejas,270.0,1h,2026-07-29 22:27:18.430437
3667,1276,2026-04-23 18:00:00,2026-04-22 18:00:00,15:00,TARJETA,CONFIRMADA,3,Baño acrílico clásico,Baño de acrílico,200.0,1h,2026-07-29 22:26:50.249853
3452,1481,2026-04-24 18:00:00,2026-03-20 18:00:00,17:00,TARJETA,CANCELADA,4,Polygel forma coffin ,Uñas polygel,400.0,2h 30min,2026-07-29 22:27:46.329588
3623,1317,2026-04-24 18:00:00,2026-03-20 18:00:00,09:00,TARJETA,CONFIRMADA,10,Lash lifting clásico,Lash lifting,350.0,1h,2026-07-29 22:27:01.258547
4068,1387,2026-04-24 18:00:00,2026-04-07 18:00:00,11:00,TARJETA,CONFIRMADA,9,Laminado + depilación,Laminado de cejas,380.0,1h 30min,2026-07-29 22:27:20.035247
4350,1349,2026-04-24 18:00:00,2026-04-19 18:00:00,13:00,TARJETA,CONFIRMADA,10,Lash lifting clásico,Lash lifting,350.0,1h,2026-07-29 22:27:09.816414
4045,1399,2026-04-24 18:00:00,2026-03-26 18:00:00,13:00,TRANSFERENCIA,CANCELADA,6,Uñas esculturales forma almendra ,Uñas esculturales,380.0,2 hrs,2026-07-29 22:27:23.250454
5070,1435,2026-04-24 18:00:00,2026-04-08 18:00:00,09:00,TARJETA,CONFIRMADA,11,Pedicura spa clásica ,Pedicura spa,280.0,1h 30min,2026-07-29 22:27:33.594763
3968,1225,2026-04-24 18:00:00,2026-03-21 18:00:00,11:00,TARJETA,CONFIRMADA,9,Laminado + depilación,Laminado de cejas,380.0,1h 30min,2026-07-29 22:26:36.226527
3947,1246,2026-04-25 18:00:00,2026-04-11 18:00:00,11:00,TARJETA,CONFIRMADA,13,Pedicura en seco básica,Pedicura en seco terminado spa,300.0,1h 15min,2026-07-29 22:26:42.137262
3266,1439,2026-04-25 18:00:00,2026-04-20 18:00:00,17:00,TRANSFERENCIA,CONFIRMADA,5,Softgel natural,Uñas Softgel,300.0,1h 30min,2026-07-29 22:27:34.662721
4985,,2026-04-25 18:00:00,2026-04-25 18:00:00,15:00,TARJETA,CONFIRMADA,9,Laminado + depilación,Laminado de cejas,380.0,1h 30min,
4379,1473,2026-04-25 18:00:00,2026-04-06 18:00:00,15:00,TRANSFERENCIA,CONFIRMADA,9,Laminado + depilación,Laminado de cejas,380.0,1h 30min,2026-07-29 22:27:44.155196
5154,1439,2026-04-25 18:00:00,2026-04-16 18:00:00,15:00,TRANSFERENCIA,CONFIRMADA,8,Uñas esculturales forma cuadrada,Uñas esculturales,350.0,2hrs,2026-07-29 22:27:34.662721
4083,1262,2026-04-25 18:00:00,2026-04-05 18:00:00,15:00,TRANSFERENCIA,CANCELADA,8,Uñas esculturales forma cuadrada,Uñas esculturales,350.0,2hrs,2026-07-29 22:26:46.477301
3690,1330,2026-04-27 18:00:00,2026-04-09 18:00:00,11:00,TARJETA,CONFIRMADA,13,Pedicura en seco básica,Pedicura en seco terminado spa,300.0,1h 15min,2026-07-29 22:27:04.728757
4433,1500,2026-04-27 18:00:00,2026-04-25 18:00:00,17:00,TARJETA,CONFIRMADA,13,Pedicura en seco básica,Pedicura en seco terminado spa,300.0,1h 15min,2026-07-29 22:27:51.407001
4288,1423,2026-04-27 18:00:00,2026-04-05 18:00:00,11:00,TRANSFERENCIA,CANCELADA,4,Polygel forma coffin ,Uñas polygel,400.0,2h 30min,2026-07-29 22:27:30.391201
4933,1338,2026-04-27 18:00:00,2026-04-01 18:00:00,09:00,TARJETA,CONFIRMADA,5,Softgel natural,Uñas Softgel,300.0,1h 30min,2026-07-29 22:27:06.878104
4734,1246,2026-04-27 18:00:00,2026-04-25 18:00:00,13:00,TARJETA,CANCELADA,6,Uñas esculturales forma almendra ,Uñas esculturales,380.0,2 hrs,2026-07-29 22:26:42.137262
3986,1272,2026-04-27 18:00:00,2026-03-24 18:00:00,13:00,TRANSFERENCIA,CANCELADA,11,Pedicura spa clásica ,Pedicura spa,280.0,1h 30min,2026-07-29 22:26:49.179315
4218,1294,2026-04-27 18:00:00,2026-03-31 18:00:00,11:00,TRANSFERENCIA,CANCELADA,8,Uñas esculturales forma cuadrada,Uñas esculturales,350.0,2hrs,2026-07-29 22:26:55.064639
4543,1325,2026-04-27 18:00:00,2026-04-10 18:00:00,17:00,TARJETA,CONFIRMADA,10,Lash lifting clásico,Lash lifting,350.0,1h,2026-07-29 22:27:03.395498
3484,1344,2026-04-27 18:00:00,2026-03-30 18:00:00,11:00,TARJETA,CONFIRMADA,2,Laminado de cejas básico,Laminado de cejas,270.0,1h,2026-07-29 22:27:08.477626
4615,,2026-04-27 18:00:00,2026-04-22 18:00:00,17:00,EFECTIVO,CONFIRMADA,10,Lash lifting clásico,Lash lifting,350.0,1h,
4335,1276,2026-04-27 18:00:00,2026-04-24 18:00:00,11:00,TARJETA,CONFIRMADA,13,Pedicura en seco básica,Pedicura en seco terminado spa,300.0,1h 15min,2026-07-29 22:26:50.249853
3379,1457,2026-04-27 18:00:00,2026-04-27 18:00:00,09:00,TARJETA,CONFIRMADA,4,Polygel forma coffin ,Uñas polygel,400.0,2h 30min,2026-07-29 22:27:39.464495
4317,1273,2026-04-27 18:00:00,2026-04-15 18:00:00,11:00,TARJETA,CONFIRMADA,4,Polygel forma coffin ,Uñas polygel,400.0,2h 30min,2026-07-29 22:26:49.446252
5038,,2026-04-27 18:00:00,2026-04-16 18:00:00,13:00,EFECTIVO,CONFIRMADA,5,Softgel natural,Uñas Softgel,300.0,1h 30min,
4747,1439,2026-04-27 18:00:00,2026-04-14 18:00:00,15:00,TRANSFERENCIA,CONFIRMADA,10,Lash lifting clásico,Lash lifting,350.0,1h,2026-07-29 22:27:34.662721
3243,1434,2026-04-27 18:00:00,2026-03-27 18:00:00,17:00,TARJETA,CONFIRMADA,12,Pedicura macro clásica,Pedicura Macro,320.0,1h 30min,2026-07-29 22:27:33.329695
4704,,2026-04-27 18:00:00,2026-04-22 18:00:00,17:00,EFECTIVO,CANCELADA,12,Pedicura macro clásica,Pedicura Macro,320.0,1h 30min,
4546,1471,2026-04-27 18:00:00,2026-04-20 18:00:00,17:00,TARJETA,CONFIRMADA,8,Uñas esculturales forma cuadrada,Uñas esculturales,350.0,2hrs,2026-07-29 22:27:43.196392
3232,1306,2026-04-27 18:00:00,2026-03-24 18:00:00,17:00,TARJETA,CANCELADA,2,Laminado de cejas básico,Laminado de cejas,270.0,1h,2026-07-29 22:26:58.274595
4119,1397,2026-04-27 18:00:00,2026-04-17 18:00:00,11:00,TRANSFERENCIA,CONFIRMADA,5,Softgel natural,Uñas Softgel,300.0,1h 30min,2026-07-29 22:27:22.716820
5093,1500,2026-04-28 18:00:00,2026-03-26 18:00:00,13:00,TRANSFERENCIA,CONFIRMADA,13,Pedicura en seco básica,Pedicura en seco terminado spa,300.0,1h 15min,2026-07-29 22:27:51.407001
3955,1384,2026-04-28 18:00:00,2026-04-16 18:00:00,09:00,TRANSFERENCIA,CONFIRMADA,11,Pedicura spa clásica ,Pedicura spa,280.0,1h 30min,2026-07-29 22:27:19.231557
5079,1501,2026-04-28 18:00:00,2026-04-26 18:00:00,17:00,TARJETA,CANCELADA,2,Laminado de cejas básico,Laminado de cejas,270.0,1h,2026-07-29 22:27:51.677327
3797,1443,2026-04-28 18:00:00,2026-04-02 18:00:00,17:00,TRANSFERENCIA,CONFIRMADA,9,Laminado + depilación,Laminado de cejas,380.0,1h 30min,2026-07-29 22:27:35.731237
4725,1252,2026-04-28 18:00:00,2026-03-29 18:00:00,13:00,TARJETA,CONFIRMADA,13,Pedicura en seco básica,Pedicura en seco terminado spa,300.0,1h 15min,2026-07-29 22:26:43.740640
3549,1336,2026-04-28 18:00:00,2026-04-16 18:00:00,17:00,TRANSFERENCIA,CONFIRMADA,5,Softgel natural,Uñas Softgel,300.0,1h 30min,2026-07-29 22:27:06.335638
8,5,2026-04-28 19:30:00,2026-04-02 08:07:51.489000,13:30,TARJETA,PENDIENTE,6,Uñas esculturales forma almendra ,Uñas esculturales,380.0,2 hrs,2026-03-07 23:35:18.791000
12,5,2026-04-28 22:02:00,2026-04-02 08:33:20.093000,16:02,TARJETA,PENDIENTE,6,Uñas esculturales forma almendra ,Uñas esculturales,380.0,2 hrs,2026-03-07 23:35:18.791000
9,5,2026-04-29 00:00:00,2026-04-02 08:13:20.532000,18:00,TARJETA,PENDIENTE,6,Uñas esculturales forma almendra ,Uñas esculturales,380.0,2 hrs,2026-03-07 23:35:18.791000
11,5,2026-04-29 01:00:00,2026-04-02 08:23:58.372000,19:00,TARJETA,PENDIENTE,6,Uñas esculturales forma almendra ,Uñas esculturales,380.0,2 hrs,2026-03-07 23:35:18.791000
10,5,2026-04-29 05:18:00,2026-04-02 08:16:29.879000,23:18,TARJETA,PENDIENTE,6,Uñas esculturales forma almendra ,Uñas esculturales,380.0,2 hrs,2026-03-07 23:35:18.791000
3579,1477,2026-04-29 18:00:00,2026-04-18 18:00:00,15:00,TRANSFERENCIA,CONFIRMADA,6,Uñas esculturales forma almendra ,Uñas esculturales,380.0,2 hrs,2026-07-29 22:27:45.265346
4988,,2026-04-29 18:00:00,2026-04-27 18:00:00,17:00,TARJETA,CONFIRMADA,2,Laminado de cejas básico,Laminado de cejas,270.0,1h,
3481,1500,2026-04-29 18:00:00,2026-03-31 18:00:00,15:00,TRANSFERENCIA,CANCELADA,4,Polygel forma coffin ,Uñas polygel,400.0,2h 30min,2026-07-29 22:27:51.407001
4886,,2026-04-29 18:00:00,2026-04-28 18:00:00,13:00,EFECTIVO,CONFIRMADA,6,Uñas esculturales forma almendra ,Uñas esculturales,380.0,2 hrs,
4181,1498,2026-04-29 18:00:00,2026-04-17 18:00:00,11:00,TARJETA,CONFIRMADA,10,Lash lifting clásico,Lash lifting,350.0,1h,2026-07-29 22:27:50.873734
3970,1236,2026-04-29 18:00:00,2026-04-08 18:00:00,17:00,TRANSFERENCIA,CANCELADA,4,Polygel forma coffin ,Uñas polygel,400.0,2h 30min,2026-07-29 22:26:39.168143
14,5,2026-04-29 21:00:00,2026-04-08 08:54:18.456000,15:00,TARJETA,CONFIRMADA,6,Uñas esculturales forma almendra ,Uñas esculturales,380.0,2 hrs,2026-03-07 23:35:18.791000
4610,1270,2026-04-30 18:00:00,2026-03-28 18:00:00,13:00,TRANSFERENCIA,CONFIRMADA,6,Uñas esculturales forma almendra ,Uñas esculturales,380.0,2 hrs,2026-07-29 22:26:48.646780
4492,1437,2026-04-30 18:00:00,2026-03-28 18:00:00,11:00,TARJETA,CONFIRMADA,4,Polygel forma coffin ,Uñas polygel,400.0,2h 30min,2026-07-29 22:27:34.129170
3771,1242,2026-04-30 18:00:00,2026-04-07 18:00:00,13:00,TRANSFERENCIA,CANCELADA,3,Baño acrílico clásico,Baño de acrílico,200.0,1h,2026-07-29 22:26:40.774259
3512,1414,2026-04-30 18:00:00,2026-04-22 18:00:00,15:00,TRANSFERENCIA,CANCELADA,10,Lash lifting clásico,Lash lifting,350.0,1h,2026-07-29 22:27:27.647727
5090,1383,2026-04-30 18:00:00,2026-04-15 18:00:00,09:00,TARJETA,CONFIRMADA,2,Laminado de cejas básico,Laminado de cejas,270.0,1h,2026-07-29 22:27:18.964730
4981,1388,2026-04-30 18:00:00,2026-04-28 18:00:00,11:00,TRANSFERENCIA,CONFIRMADA,11,Pedicura spa clásica ,Pedicura spa,280.0,1h 30min,2026-07-29 22:27:20.302582
4661,1442,2026-04-30 18:00:00,2026-04-08 18:00:00,11:00,TARJETA,CONFIRMADA,8,Uñas esculturales forma cuadrada,Uñas esculturales,350.0,2hrs,2026-07-29 22:27:35.465247
3892,,2026-04-30 18:00:00,2026-04-06 18:00:00,17:00,EFECTIVO,CONFIRMADA,11,Pedicura spa clásica ,Pedicura spa,280.0,1h 30min,
16,5,2026-04-30 21:00:00,2026-04-13 23:13:11.124000,15:00,TARJETA,CONFIRMADA,1,Laminado de cejas con tinte,Laminado de cejas,350.0,1h 15min,2026-03-07 23:35:18.791000
4451,1296,2026-05-01 18:00:00,2026-04-11 18:00:00,09:00,TRANSFERENCIA,CONFIRMADA,5,Softgel natural,Uñas Softgel,300.0,1h 30min,2026-07-29 22:26:55.600356
3326,1304,2026-05-01 18:00:00,2026-04-14 18:00:00,13:00,TRANSFERENCIA,CONFIRMADA,12,Pedicura macro clásica,Pedicura Macro,320.0,1h 30min,2026-07-29 22:26:57.741506
3643,1337,2026-05-01 18:00:00,2026-04-27 18:00:00,11:00,TARJETA,CONFIRMADA,4,Polygel forma coffin ,Uñas polygel,400.0,2h 30min,2026-07-29 22:27:06.604814
3702,1239,2026-05-01 18:00:00,2026-03-27 18:00:00,13:00,TARJETA,CONFIRMADA,6,Uñas esculturales forma almendra ,Uñas esculturales,380.0,2 hrs,2026-07-29 22:26:39.972688
3536,1372,2026-05-01 18:00:00,2026-03-30 18:00:00,13:00,TARJETA,CONFIRMADA,4,Polygel forma coffin ,Uñas polygel,400.0,2h 30min,2026-07-29 22:27:16.009882
4143,1453,2026-05-01 18:00:00,2026-04-21 18:00:00,11:00,TARJETA,CONFIRMADA,6,Uñas esculturales forma almendra ,Uñas esculturales,380.0,2 hrs,2026-07-29 22:27:38.395478
3580,1323,2026-05-01 18:00:00,2026-04-29 18:00:00,11:00,TARJETA,CONFIRMADA,4,Polygel forma coffin ,Uñas polygel,400.0,2h 30min,2026-07-29 22:27:02.862022
3621,1243,2026-05-01 18:00:00,2026-04-10 18:00:00,15:00,TRANSFERENCIA,CONFIRMADA,4,Polygel forma coffin ,Uñas polygel,400.0,2h 30min,2026-07-29 22:26:41.041652
4862,1298,2026-05-02 18:00:00,2026-03-31 18:00:00,15:00,TRANSFERENCIA,CANCELADA,2,Laminado de cejas básico,Laminado de cejas,270.0,1h,2026-07-29 22:26:56.136434
4387,1294,2026-05-02 18:00:00,2026-04-02 18:00:00,13:00,TARJETA,CONFIRMADA,2,Laminado de cejas básico,Laminado de cejas,270.0,1h,2026-07-29 22:26:55.064639
4121,1215,2026-05-02 18:00:00,2026-04-29 18:00:00,13:00,TARJETA,CONFIRMADA,3,Baño acrílico clásico,Baño de acrílico,200.0,1h,2026-07-29 22:26:33.566158
5080,1355,2026-05-02 18:00:00,2026-04-18 18:00:00,15:00,TARJETA,CONFIRMADA,13,Pedicura en seco básica,Pedicura en seco terminado spa,300.0,1h 15min,2026-07-29 22:27:11.416886
3208,1376,2026-05-02 18:00:00,2026-04-23 18:00:00,11:00,TARJETA,CONFIRMADA,5,Softgel natural,Uñas Softgel,300.0,1h 30min,2026-07-29 22:27:17.082953
3957,1223,2026-05-02 18:00:00,2026-04-14 18:00:00,17:00,TARJETA,CONFIRMADA,6,Uñas esculturales forma almendra ,Uñas esculturales,380.0,2 hrs,2026-07-29 22:26:35.692893
4501,1242,2026-05-02 18:00:00,2026-04-12 18:00:00,11:00,TRANSFERENCIA,CONFIRMADA,9,Laminado + depilación,Laminado de cejas,380.0,1h 30min,2026-07-29 22:26:40.774259
4149,1510,2026-05-02 18:00:00,2026-03-29 18:00:00,17:00,TARJETA,CONFIRMADA,5,Softgel natural,Uñas Softgel,300.0,1h 30min,2026-07-29 22:27:54.083340
996,8,2026-05-04 12:00:00,2026-07-20 02:20:26.033000,09:00,EFECTIVO,COMPLETADA,5,Softgel natural,Uñas Softgel,300.0,1h 30min,2026-03-08 20:36:16.390000
4585,1282,2026-05-04 18:00:00,2026-04-29 18:00:00,11:00,TARJETA,CONFIRMADA,2,Laminado de cejas básico,Laminado de cejas,270.0,1h,2026-07-29 22:26:51.861513
3827,1482,2026-05-04 18:00:00,2026-04-30 18:00:00,17:00,TRANSFERENCIA,CONFIRMADA,9,Laminado + depilación,Laminado de cejas,380.0,1h 30min,2026-07-29 22:27:46.602817
3214,1402,2026-05-04 18:00:00,2026-05-04 18:00:00,15:00,TARJETA,CONFIRMADA,6,Uñas esculturales forma almendra ,Uñas esculturales,380.0,2 hrs,2026-07-29 22:27:24.046481
3264,1347,2026-05-04 18:00:00,2026-05-04 18:00:00,11:00,TARJETA,CANCELADA,11,Pedicura spa clásica ,Pedicura spa,280.0,1h 30min,2026-07-29 22:27:09.280751
3852,1405,2026-05-04 18:00:00,2026-04-20 18:00:00,09:00,TARJETA,CONFIRMADA,6,Uñas esculturales forma almendra ,Uñas esculturales,380.0,2 hrs,2026-07-29 22:27:24.844581
4458,1267,2026-05-04 18:00:00,2026-04-27 18:00:00,17:00,TARJETA,CONFIRMADA,2,Laminado de cejas básico,Laminado de cejas,270.0,1h,2026-07-29 22:26:47.814781
4425,1316,2026-05-04 18:00:00,2026-04-10 18:00:00,11:00,TARJETA,CONFIRMADA,2,Laminado de cejas básico,Laminado de cejas,270.0,1h,2026-07-29 22:27:00.991123
4813,1299,2026-05-04 18:00:00,2026-04-25 18:00:00,09:00,TARJETA,CONFIRMADA,13,Pedicura en seco básica,Pedicura en seco terminado spa,300.0,1h 15min,2026-07-29 22:26:56.403473
4808,1295,2026-05-04 18:00:00,2026-04-18 18:00:00,11:00,TRANSFERENCIA,CONFIRMADA,12,Pedicura macro clásica,Pedicura Macro,320.0,1h 30min,2026-07-29 22:26:55.332162
3222,1467,2026-05-04 18:00:00,2026-03-30 18:00:00,09:00,TARJETA,CONFIRMADA,5,Softgel natural,Uñas Softgel,300.0,1h 30min,2026-07-29 22:27:42.133697
4790,1214,2026-05-04 18:00:00,2026-03-30 18:00:00,17:00,TRANSFERENCIA,CONFIRMADA,11,Pedicura spa clásica ,Pedicura spa,280.0,1h 30min,2026-07-29 22:26:33.288219
4637,1388,2026-05-04 18:00:00,2026-05-02 18:00:00,17:00,TARJETA,CONFIRMADA,3,Baño acrílico clásico,Baño de acrílico,200.0,1h,2026-07-29 22:27:20.302582
4909,1402,2026-05-04 18:00:00,2026-04-13 18:00:00,17:00,TRANSFERENCIA,CONFIRMADA,2,Laminado de cejas básico,Laminado de cejas,270.0,1h,2026-07-29 22:27:24.046481
3884,1220,2026-05-04 18:00:00,2026-04-02 18:00:00,11:00,TARJETA,CONFIRMADA,6,Uñas esculturales forma almendra ,Uñas esculturales,380.0,2 hrs,2026-07-29 22:26:34.891352
4937,1395,2026-05-04 18:00:00,2026-04-08 18:00:00,11:00,TARJETA,CANCELADA,13,Pedicura en seco básica,Pedicura en seco terminado spa,300.0,1h 15min,2026-07-29 22:27:22.182588
3900,1377,2026-05-04 18:00:00,2026-05-03 18:00:00,17:00,TARJETA,CONFIRMADA,6,Uñas esculturales forma almendra ,Uñas esculturales,380.0,2 hrs,2026-07-29 22:27:17.351536
5110,,2026-05-04 18:00:00,2026-04-22 18:00:00,11:00,TARJETA,CONFIRMADA,12,Pedicura macro clásica,Pedicura Macro,320.0,1h 30min,
3921,1393,2026-05-04 18:00:00,2026-04-26 18:00:00,15:00,TARJETA,CANCELADA,12,Pedicura macro clásica,Pedicura Macro,320.0,1h 30min,2026-07-29 22:27:21.637577
4461,1332,2026-05-05 18:00:00,2026-04-01 18:00:00,11:00,TARJETA,CONFIRMADA,12,Pedicura macro clásica,Pedicura Macro,320.0,1h 30min,2026-07-29 22:27:05.264636
5017,1419,2026-05-05 18:00:00,2026-03-31 18:00:00,13:00,TARJETA,CANCELADA,2,Laminado de cejas básico,Laminado de cejas,270.0,1h,2026-07-29 22:27:29.267744
5086,1448,2026-05-05 18:00:00,2026-05-04 18:00:00,11:00,TARJETA,CONFIRMADA,3,Baño acrílico clásico,Baño de acrílico,200.0,1h,2026-07-29 22:27:37.064339
4683,1473,2026-05-05 18:00:00,2026-05-05 18:00:00,13:00,TARJETA,CONFIRMADA,8,Uñas esculturales forma cuadrada,Uñas esculturales,350.0,2hrs,2026-07-29 22:27:44.155196
4635,1387,2026-05-05 18:00:00,2026-04-24 18:00:00,17:00,TARJETA,CONFIRMADA,11,Pedicura spa clásica ,Pedicura spa,280.0,1h 30min,2026-07-29 22:27:20.035247
3927,1361,2026-05-05 18:00:00,2026-05-03 18:00:00,17:00,TRANSFERENCIA,CONFIRMADA,8,Uñas esculturales forma cuadrada,Uñas esculturales,350.0,2hrs,2026-07-29 22:27:13.020767
3950,1514,2026-05-05 18:00:00,2026-04-23 18:00:00,17:00,TARJETA,CONFIRMADA,11,Pedicura spa clásica ,Pedicura spa,280.0,1h 30min,2026-07-29 22:27:55.154924
3295,1418,2026-05-05 18:00:00,2026-04-13 18:00:00,09:00,TARJETA,CONFIRMADA,4,Polygel forma coffin ,Uñas polygel,400.0,2h 30min,2026-07-29 22:27:29.002155
4434,1344,2026-05-05 18:00:00,2026-04-04 18:00:00,17:00,TRANSFERENCIA,CONFIRMADA,8,Uñas esculturales forma cuadrada,Uñas esculturales,350.0,2hrs,2026-07-29 22:27:08.477626
3770,1403,2026-05-05 18:00:00,2026-04-06 18:00:00,15:00,TARJETA,CONFIRMADA,12,Pedicura macro clásica,Pedicura Macro,320.0,1h 30min,2026-07-29 22:27:24.311489
4340,1253,2026-05-06 18:00:00,2026-05-02 18:00:00,13:00,TRANSFERENCIA,CONFIRMADA,4,Polygel forma coffin ,Uñas polygel,400.0,2h 30min,2026-07-29 22:26:44.007138
4554,1356,2026-05-06 18:00:00,2026-04-13 18:00:00,13:00,TRANSFERENCIA,CONFIRMADA,8,Uñas esculturales forma cuadrada,Uñas esculturales,350.0,2hrs,2026-07-29 22:27:11.683633
3828,1386,2026-05-06 18:00:00,2026-05-03 18:00:00,11:00,TRANSFERENCIA,CONFIRMADA,5,Softgel natural,Uñas Softgel,300.0,1h 30min,2026-07-29 22:27:19.764470
3553,1399,2026-05-06 18:00:00,2026-04-07 18:00:00,17:00,TARJETA,CANCELADA,8,Uñas esculturales forma cuadrada,Uñas esculturales,350.0,2hrs,2026-07-29 22:27:23.250454
5015,1437,2026-05-06 18:00:00,2026-04-16 18:00:00,15:00,TARJETA,CONFIRMADA,13,Pedicura en seco básica,Pedicura en seco terminado spa,300.0,1h 15min,2026-07-29 22:27:34.129170
3585,1370,2026-05-06 18:00:00,2026-04-19 18:00:00,15:00,TRANSFERENCIA,CONFIRMADA,12,Pedicura macro clásica,Pedicura Macro,320.0,1h 30min,2026-07-29 22:27:15.477404
3587,,2026-05-06 18:00:00,2026-04-30 18:00:00,17:00,TARJETA,CONFIRMADA,9,Laminado + depilación,Laminado de cejas,380.0,1h 30min,
3227,1222,2026-05-07 18:00:00,2026-04-10 18:00:00,17:00,TARJETA,CONFIRMADA,9,Laminado + depilación,Laminado de cejas,380.0,1h 30min,2026-07-29 22:26:35.424769
4741,1327,2026-05-07 18:00:00,2026-04-27 18:00:00,11:00,TRANSFERENCIA,CONFIRMADA,5,Softgel natural,Uñas Softgel,300.0,1h 30min,2026-07-29 22:27:03.927042
4141,1228,2026-05-07 18:00:00,2026-04-15 18:00:00,13:00,TARJETA,CONFIRMADA,12,Pedicura macro clásica,Pedicura Macro,320.0,1h 30min,2026-07-29 22:26:37.027464
3230,1504,2026-05-07 18:00:00,2026-04-17 18:00:00,11:00,TARJETA,CONFIRMADA,11,Pedicura spa clásica ,Pedicura spa,280.0,1h 30min,2026-07-29 22:27:52.485584
4548,1510,2026-05-07 18:00:00,2026-04-04 18:00:00,11:00,TARJETA,CONFIRMADA,3,Baño acrílico clásico,Baño de acrílico,200.0,1h,2026-07-29 22:27:54.083340
4232,,2026-05-07 18:00:00,2026-04-30 18:00:00,11:00,EFECTIVO,CONFIRMADA,13,Pedicura en seco básica,Pedicura en seco terminado spa,300.0,1h 15min,
3213,1377,2026-05-07 18:00:00,2026-05-07 18:00:00,13:00,TARJETA,CONFIRMADA,2,Laminado de cejas básico,Laminado de cejas,270.0,1h,2026-07-29 22:27:17.351536
4367,1397,2026-05-07 18:00:00,2026-05-05 18:00:00,15:00,TARJETA,CONFIRMADA,13,Pedicura en seco básica,Pedicura en seco terminado spa,300.0,1h 15min,2026-07-29 22:27:22.716820
3221,1434,2026-05-07 18:00:00,2026-05-04 18:00:00,17:00,TARJETA,CONFIRMADA,4,Polygel forma coffin ,Uñas polygel,400.0,2h 30min,2026-07-29 22:27:33.329695
4606,,2026-05-07 18:00:00,2026-04-27 18:00:00,09:00,EFECTIVO,CONFIRMADA,11,Pedicura spa clásica ,Pedicura spa,280.0,1h 30min,
4653,1224,2026-05-07 18:00:00,2026-04-27 18:00:00,09:00,TARJETA,CONFIRMADA,8,Uñas esculturales forma cuadrada,Uñas esculturales,350.0,2hrs,2026-07-29 22:26:35.960494
3557,1293,2026-05-08 18:00:00,2026-04-06 18:00:00,17:00,TARJETA,CONFIRMADA,5,Softgel natural,Uñas Softgel,300.0,1h 30min,2026-07-29 22:26:54.797840
4226,1384,2026-05-08 18:00:00,2026-04-10 18:00:00,17:00,TARJETA,CONFIRMADA,12,Pedicura macro clásica,Pedicura Macro,320.0,1h 30min,2026-07-29 22:27:19.231557
4238,1226,2026-05-08 18:00:00,2026-04-22 18:00:00,17:00,TARJETA,CONFIRMADA,11,Pedicura spa clásica ,Pedicura spa,280.0,1h 30min,2026-07-29 22:26:36.493948
4372,,2026-05-09 18:00:00,2026-04-15 18:00:00,13:00,EFECTIVO,CANCELADA,12,Pedicura macro clásica,Pedicura Macro,320.0,1h 30min,
4547,1383,2026-05-09 18:00:00,2026-04-25 18:00:00,09:00,TARJETA,CONFIRMADA,11,Pedicura spa clásica ,Pedicura spa,280.0,1h 30min,2026-07-29 22:27:18.964730
4034,1318,2026-05-09 18:00:00,2026-04-30 18:00:00,11:00,TRANSFERENCIA,CONFIRMADA,9,Laminado + depilación,Laminado de cejas,380.0,1h 30min,2026-07-29 22:27:01.525108
4093,1283,2026-05-09 18:00:00,2026-05-06 18:00:00,11:00,TARJETA,CONFIRMADA,10,Lash lifting clásico,Lash lifting,350.0,1h,2026-07-29 22:26:52.128022
3624,1266,2026-05-09 18:00:00,2026-04-27 18:00:00,13:00,TRANSFERENCIA,CONFIRMADA,2,Laminado de cejas básico,Laminado de cejas,270.0,1h,2026-07-29 22:26:47.548748
644,23,2026-05-11 12:00:00,2026-07-20 02:20:23.402000,17:00,EFECTIVO,CANCELADA,4,Polygel forma coffin ,Uñas polygel,400.0,2h 30min,2026-04-16 02:10:54.846869
4302,1499,2026-05-11 18:00:00,2026-04-14 18:00:00,09:00,TRANSFERENCIA,CANCELADA,9,Laminado + depilación,Laminado de cejas,380.0,1h 30min,2026-07-29 22:27:51.140174
5053,1484,2026-05-11 18:00:00,2026-04-29 18:00:00,17:00,TRANSFERENCIA,CANCELADA,3,Baño acrílico clásico,Baño de acrílico,200.0,1h,2026-07-29 22:27:47.134906
3550,,2026-05-11 18:00:00,2026-04-15 18:00:00,13:00,EFECTIVO,CONFIRMADA,6,Uñas esculturales forma almendra ,Uñas esculturales,380.0,2 hrs,
4809,,2026-05-11 18:00:00,2026-05-05 18:00:00,11:00,EFECTIVO,CONFIRMADA,11,Pedicura spa clásica ,Pedicura spa,280.0,1h 30min,
3773,1319,2026-05-11 18:00:00,2026-04-16 18:00:00,15:00,TRANSFERENCIA,CONFIRMADA,12,Pedicura macro clásica,Pedicura Macro,320.0,1h 30min,2026-07-29 22:27:01.792669
4224,1413,2026-05-11 18:00:00,2026-04-27 18:00:00,15:00,TARJETA,CONFIRMADA,5,Softgel natural,Uñas Softgel,300.0,1h 30min,2026-07-29 22:27:27.382115
3171,1287,2026-05-11 18:00:00,2026-04-30 18:00:00,17:00,TARJETA,CONFIRMADA,13,Pedicura en seco básica,Pedicura en seco terminado spa,300.0,1h 15min,2026-07-29 22:26:53.197711
3873,1271,2026-05-11 18:00:00,2026-04-22 18:00:00,11:00,TARJETA,CONFIRMADA,3,Baño acrílico clásico,Baño de acrílico,200.0,1h,2026-07-29 22:26:48.912738
4380,1369,2026-05-11 18:00:00,2026-04-16 18:00:00,17:00,TRANSFERENCIA,CONFIRMADA,4,Polygel forma coffin ,Uñas polygel,400.0,2h 30min,2026-07-29 22:27:15.210352
3726,,2026-05-11 18:00:00,2026-05-02 18:00:00,11:00,TARJETA,CONFIRMADA,6,Uñas esculturales forma almendra ,Uñas esculturales,380.0,2 hrs,
4307,1448,2026-05-11 18:00:00,2026-04-11 18:00:00,11:00,TARJETA,CONFIRMADA,11,Pedicura spa clásica ,Pedicura spa,280.0,1h 30min,2026-07-29 22:27:37.064339
3343,1275,2026-05-11 18:00:00,2026-04-24 18:00:00,15:00,TARJETA,CONFIRMADA,3,Baño acrílico clásico,Baño de acrílico,200.0,1h,2026-07-29 22:26:49.982876
4173,1446,2026-05-11 18:00:00,2026-04-06 18:00:00,13:00,TRANSFERENCIA,CONFIRMADA,13,Pedicura en seco básica,Pedicura en seco terminado spa,300.0,1h 15min,2026-07-29 22:27:36.531878
5138,1318,2026-05-11 18:00:00,2026-04-17 18:00:00,17:00,TRANSFERENCIA,CONFIRMADA,2,Laminado de cejas básico,Laminado de cejas,270.0,1h,2026-07-29 22:27:01.525108
3996,1456,2026-05-11 18:00:00,2026-05-05 18:00:00,17:00,TARJETA,CONFIRMADA,12,Pedicura macro clásica,Pedicura Macro,320.0,1h 30min,2026-07-29 22:27:39.197474
4840,1399,2026-05-11 18:00:00,2026-05-04 18:00:00,15:00,TARJETA,CONFIRMADA,5,Softgel natural,Uñas Softgel,300.0,1h 30min,2026-07-29 22:27:23.250454
4561,1481,2026-05-12 18:00:00,2026-05-12 18:00:00,11:00,TRANSFERENCIA,CONFIRMADA,4,Polygel forma coffin ,Uñas polygel,400.0,2h 30min,2026-07-29 22:27:46.329588
3602,1245,2026-05-12 18:00:00,2026-04-23 18:00:00,09:00,TARJETA,CONFIRMADA,3,Baño acrílico clásico,Baño de acrílico,200.0,1h,2026-07-29 22:26:41.870244
4993,1293,2026-05-12 18:00:00,2026-04-11 18:00:00,17:00,TRANSFERENCIA,CONFIRMADA,12,Pedicura macro clásica,Pedicura Macro,320.0,1h 30min,2026-07-29 22:26:54.797840
3281,1202,2026-05-12 18:00:00,2026-04-25 18:00:00,15:00,TARJETA,CONFIRMADA,4,Polygel forma coffin ,Uñas polygel,400.0,2h 30min,2026-07-29 22:26:30.077457
3988,1201,2026-05-12 18:00:00,2026-04-26 18:00:00,13:00,TRANSFERENCIA,CONFIRMADA,11,Pedicura spa clásica ,Pedicura spa,280.0,1h 30min,2026-07-29 22:26:29.808823
3855,1220,2026-05-12 18:00:00,2026-04-15 18:00:00,17:00,TRANSFERENCIA,CONFIRMADA,10,Lash lifting clásico,Lash lifting,350.0,1h,2026-07-29 22:26:34.891352
4756,1395,2026-05-12 18:00:00,2026-04-15 18:00:00,15:00,TARJETA,CANCELADA,10,Lash lifting clásico,Lash lifting,350.0,1h,2026-07-29 22:27:22.182588
3710,1377,2026-05-12 18:00:00,2026-04-15 18:00:00,17:00,TRANSFERENCIA,CONFIRMADA,6,Uñas esculturales forma almendra ,Uñas esculturales,380.0,2 hrs,2026-07-29 22:27:17.351536
4345,1369,2026-05-12 18:00:00,2026-04-11 18:00:00,15:00,TRANSFERENCIA,CONFIRMADA,3,Baño acrílico clásico,Baño de acrílico,200.0,1h,2026-07-29 22:27:15.210352
4537,1273,2026-05-12 18:00:00,2026-04-19 18:00:00,15:00,TARJETA,CONFIRMADA,6,Uñas esculturales forma almendra ,Uñas esculturales,380.0,2 hrs,2026-07-29 22:26:49.446252
3180,1302,2026-05-12 18:00:00,2026-04-26 18:00:00,15:00,TARJETA,CANCELADA,8,Uñas esculturales forma cuadrada,Uñas esculturales,350.0,2hrs,2026-07-29 22:26:57.207498
4959,1445,2026-05-13 18:00:00,2026-04-12 18:00:00,09:00,TRANSFERENCIA,CONFIRMADA,9,Laminado + depilación,Laminado de cejas,380.0,1h 30min,2026-07-29 22:27:36.264836
4623,1460,2026-05-13 18:00:00,2026-04-12 18:00:00,15:00,TRANSFERENCIA,CANCELADA,5,Softgel natural,Uñas Softgel,300.0,1h 30min,2026-07-29 22:27:40.267678
3233,1232,2026-05-13 18:00:00,2026-04-30 18:00:00,17:00,TARJETA,CONFIRMADA,3,Baño acrílico clásico,Baño de acrílico,200.0,1h,2026-07-29 22:26:38.100047
3396,1491,2026-05-13 18:00:00,2026-05-04 18:00:00,11:00,TARJETA,CONFIRMADA,11,Pedicura spa clásica ,Pedicura spa,280.0,1h 30min,2026-07-29 22:27:49.008770
3746,1256,2026-05-13 18:00:00,2026-04-11 18:00:00,11:00,TARJETA,CONFIRMADA,2,Laminado de cejas básico,Laminado de cejas,270.0,1h,2026-07-29 22:26:44.865558
574,7,2026-05-14 12:00:00,2026-07-20 02:20:23.024000,17:00,EFECTIVO,COMPLETADA,8,Uñas esculturales forma cuadrada,Uñas esculturales,350.0,2hrs,2026-03-07 23:51:22.616000
4572,1373,2026-05-14 18:00:00,2026-05-07 18:00:00,11:00,TARJETA,CONFIRMADA,4,Polygel forma coffin ,Uñas polygel,400.0,2h 30min,2026-07-29 22:27:16.281370
3447,1501,2026-05-14 18:00:00,2026-04-19 18:00:00,17:00,TRANSFERENCIA,CANCELADA,11,Pedicura spa clásica ,Pedicura spa,280.0,1h 30min,2026-07-29 22:27:51.677327
3519,1208,2026-05-14 18:00:00,2026-05-13 18:00:00,09:00,TRANSFERENCIA,CANCELADA,8,Uñas esculturales forma cuadrada,Uñas esculturales,350.0,2hrs,2026-07-29 22:26:31.681632
4396,1487,2026-05-14 18:00:00,2026-04-16 18:00:00,13:00,TARJETA,CONFIRMADA,5,Softgel natural,Uñas Softgel,300.0,1h 30min,2026-07-29 22:27:47.936136
3502,1214,2026-05-14 18:00:00,2026-04-20 18:00:00,13:00,TARJETA,CONFIRMADA,3,Baño acrílico clásico,Baño de acrílico,200.0,1h,2026-07-29 22:26:33.288219
3598,1484,2026-05-14 18:00:00,2026-04-09 18:00:00,15:00,TARJETA,CONFIRMADA,9,Laminado + depilación,Laminado de cejas,380.0,1h 30min,2026-07-29 22:27:47.134906
3846,,2026-05-14 18:00:00,2026-04-24 18:00:00,13:00,EFECTIVO,CONFIRMADA,6,Uñas esculturales forma almendra ,Uñas esculturales,380.0,2 hrs,
3784,,2026-05-14 18:00:00,2026-05-03 18:00:00,17:00,EFECTIVO,CONFIRMADA,3,Baño acrílico clásico,Baño de acrílico,200.0,1h,
3706,1519,2026-05-14 18:00:00,2026-04-29 18:00:00,17:00,TARJETA,CONFIRMADA,5,Softgel natural,Uñas Softgel,300.0,1h 30min,2026-07-29 22:27:56.791372
4449,1285,2026-05-14 18:00:00,2026-05-04 18:00:00,13:00,TARJETA,CONFIRMADA,13,Pedicura en seco básica,Pedicura en seco terminado spa,300.0,1h 15min,2026-07-29 22:26:52.662237
4516,1274,2026-05-14 18:00:00,2026-05-11 18:00:00,11:00,TRANSFERENCIA,CONFIRMADA,3,Baño acrílico clásico,Baño de acrílico,200.0,1h,2026-07-29 22:26:49.715855
4127,1467,2026-05-14 18:00:00,2026-05-03 18:00:00,11:00,TRANSFERENCIA,CONFIRMADA,3,Baño acrílico clásico,Baño de acrílico,200.0,1h,2026-07-29 22:27:42.133697
3906,1294,2026-05-14 18:00:00,2026-04-23 18:00:00,17:00,TARJETA,CONFIRMADA,2,Laminado de cejas básico,Laminado de cejas,270.0,1h,2026-07-29 22:26:55.064639
5107,1267,2026-05-14 18:00:00,2026-04-19 18:00:00,11:00,TRANSFERENCIA,CONFIRMADA,13,Pedicura en seco básica,Pedicura en seco terminado spa,300.0,1h 15min,2026-07-29 22:26:47.814781
4720,1429,2026-05-14 18:00:00,2026-04-27 18:00:00,13:00,TARJETA,CONFIRMADA,4,Polygel forma coffin ,Uñas polygel,400.0,2h 30min,2026-07-29 22:27:31.992973
4162,1376,2026-05-14 18:00:00,2026-04-18 18:00:00,15:00,TARJETA,CONFIRMADA,5,Softgel natural,Uñas Softgel,300.0,1h 30min,2026-07-29 22:27:17.082953
3633,1259,2026-05-15 18:00:00,2026-04-27 18:00:00,15:00,TARJETA,CONFIRMADA,6,Uñas esculturales forma almendra ,Uñas esculturales,380.0,2 hrs,2026-07-29 22:26:45.677615
5121,1431,2026-05-15 18:00:00,2026-04-20 18:00:00,11:00,TARJETA,CONFIRMADA,6,Uñas esculturales forma almendra ,Uñas esculturales,380.0,2 hrs,2026-07-29 22:27:32.528066
5000,1505,2026-05-15 18:00:00,2026-05-01 18:00:00,09:00,TARJETA,CANCELADA,8,Uñas esculturales forma cuadrada,Uñas esculturales,350.0,2hrs,2026-07-29 22:27:52.752296
5058,1434,2026-05-15 18:00:00,2026-04-16 18:00:00,09:00,TARJETA,CANCELADA,13,Pedicura en seco básica,Pedicura en seco terminado spa,300.0,1h 15min,2026-07-29 22:27:33.329695
4368,1228,2026-05-15 18:00:00,2026-04-15 18:00:00,13:00,TARJETA,CONFIRMADA,3,Baño acrílico clásico,Baño de acrílico,200.0,1h,2026-07-29 22:26:37.027464
4995,1310,2026-05-16 18:00:00,2026-04-23 18:00:00,09:00,TARJETA,CONFIRMADA,6,Uñas esculturales forma almendra ,Uñas esculturales,380.0,2 hrs,2026-07-29 22:26:59.392211
4248,1401,2026-05-16 18:00:00,2026-05-16 18:00:00,17:00,TARJETA,CONFIRMADA,3,Baño acrílico clásico,Baño de acrílico,200.0,1h,2026-07-29 22:27:23.782621
4835,1455,2026-05-16 18:00:00,2026-04-14 18:00:00,13:00,TARJETA,CONFIRMADA,12,Pedicura macro clásica,Pedicura Macro,320.0,1h 30min,2026-07-29 22:27:38.929502
3704,1352,2026-05-16 18:00:00,2026-04-16 18:00:00,09:00,TRANSFERENCIA,CONFIRMADA,4,Polygel forma coffin ,Uñas polygel,400.0,2h 30min,2026-07-29 22:27:10.617864
4942,1286,2026-05-16 18:00:00,2026-05-08 18:00:00,09:00,TRANSFERENCIA,CONFIRMADA,9,Laminado + depilación,Laminado de cejas,380.0,1h 30min,2026-07-29 22:26:52.931779
4061,1354,2026-05-16 18:00:00,2026-05-02 18:00:00,17:00,TARJETA,CONFIRMADA,9,Laminado + depilación,Laminado de cejas,380.0,1h 30min,2026-07-29 22:27:11.150947
3185,,2026-05-16 18:00:00,2026-05-14 18:00:00,15:00,EFECTIVO,CONFIRMADA,10,Lash lifting clásico,Lash lifting,350.0,1h,
4325,1384,2026-05-16 18:00:00,2026-04-16 18:00:00,09:00,TARJETA,CONFIRMADA,3,Baño acrílico clásico,Baño de acrílico,200.0,1h,2026-07-29 22:27:19.231557
3817,1505,2026-05-18 18:00:00,2026-05-07 18:00:00,17:00,TARJETA,CANCELADA,4,Polygel forma coffin ,Uñas polygel,400.0,2h 30min,2026-07-29 22:27:52.752296
3478,1518,2026-05-18 18:00:00,2026-05-06 18:00:00,17:00,TARJETA,CONFIRMADA,9,Laminado + depilación,Laminado de cejas,380.0,1h 30min,2026-07-29 22:27:56.524304
3669,1243,2026-05-18 18:00:00,2026-05-17 18:00:00,11:00,TARJETA,CONFIRMADA,5,Softgel natural,Uñas Softgel,300.0,1h 30min,2026-07-29 22:26:41.041652
3954,1251,2026-05-18 18:00:00,2026-05-17 18:00:00,13:00,TRANSFERENCIA,CONFIRMADA,6,Uñas esculturales forma almendra ,Uñas esculturales,380.0,2 hrs,2026-07-29 22:26:43.473866
4005,1444,2026-05-18 18:00:00,2026-05-14 18:00:00,17:00,TARJETA,CONFIRMADA,5,Softgel natural,Uñas Softgel,300.0,1h 30min,2026-07-29 22:27:35.997836
4915,1473,2026-05-18 18:00:00,2026-04-13 18:00:00,09:00,TARJETA,CONFIRMADA,4,Polygel forma coffin ,Uñas polygel,400.0,2h 30min,2026-07-29 22:27:44.155196
3888,1507,2026-05-18 18:00:00,2026-04-28 18:00:00,15:00,TARJETA,CANCELADA,9,Laminado + depilación,Laminado de cejas,380.0,1h 30min,2026-07-29 22:27:53.285561
4112,,2026-05-18 18:00:00,2026-05-08 18:00:00,13:00,EFECTIVO,CANCELADA,5,Softgel natural,Uñas Softgel,300.0,1h 30min,
3617,1353,2026-05-18 18:00:00,2026-05-14 18:00:00,09:00,TARJETA,CONFIRMADA,4,Polygel forma coffin ,Uñas polygel,400.0,2h 30min,2026-07-29 22:27:10.884273
3943,1383,2026-05-18 18:00:00,2026-05-08 18:00:00,17:00,TARJETA,CANCELADA,10,Lash lifting clásico,Lash lifting,350.0,1h,2026-07-29 22:27:18.964730
3815,1468,2026-05-18 18:00:00,2026-04-23 18:00:00,15:00,TARJETA,CONFIRMADA,11,Pedicura spa clásica ,Pedicura spa,280.0,1h 30min,2026-07-29 22:27:42.399971
5044,1499,2026-05-19 18:00:00,2026-04-27 18:00:00,15:00,TRANSFERENCIA,CONFIRMADA,13,Pedicura en seco básica,Pedicura en seco terminado spa,300.0,1h 15min,2026-07-29 22:27:51.140174
4954,1282,2026-05-19 18:00:00,2026-04-25 18:00:00,15:00,TARJETA,CONFIRMADA,13,Pedicura en seco básica,Pedicura en seco terminado spa,300.0,1h 15min,2026-07-29 22:26:51.861513
4754,1354,2026-05-19 18:00:00,2026-04-22 18:00:00,17:00,TRANSFERENCIA,CANCELADA,12,Pedicura macro clásica,Pedicura Macro,320.0,1h 30min,2026-07-29 22:27:11.150947
3545,,2026-05-19 18:00:00,2026-05-08 18:00:00,17:00,EFECTIVO,CONFIRMADA,8,Uñas esculturales forma cuadrada,Uñas esculturales,350.0,2hrs,
3593,1202,2026-05-19 18:00:00,2026-04-16 18:00:00,13:00,TARJETA,CONFIRMADA,2,Laminado de cejas básico,Laminado de cejas,270.0,1h,2026-07-29 22:26:30.077457
4366,1386,2026-05-19 18:00:00,2026-05-09 18:00:00,13:00,TARJETA,CONFIRMADA,8,Uñas esculturales forma cuadrada,Uñas esculturales,350.0,2hrs,2026-07-29 22:27:19.764470
4647,1377,2026-05-19 18:00:00,2026-05-08 18:00:00,09:00,TRANSFERENCIA,CONFIRMADA,10,Lash lifting clásico,Lash lifting,350.0,1h,2026-07-29 22:27:17.351536
4003,1494,2026-05-19 18:00:00,2026-05-07 18:00:00,13:00,TARJETA,CONFIRMADA,3,Baño acrílico clásico,Baño de acrílico,200.0,1h,2026-07-29 22:27:49.810746
3592,1230,2026-05-20 18:00:00,2026-05-13 18:00:00,13:00,TARJETA,CONFIRMADA,8,Uñas esculturales forma cuadrada,Uñas esculturales,350.0,2hrs,2026-07-29 22:26:37.565033
3641,1433,2026-05-20 18:00:00,2026-05-20 18:00:00,09:00,TRANSFERENCIA,CANCELADA,12,Pedicura macro clásica,Pedicura Macro,320.0,1h 30min,2026-07-29 22:27:33.065155
4419,1414,2026-05-20 18:00:00,2026-05-16 18:00:00,15:00,TARJETA,CANCELADA,9,Laminado + depilación,Laminado de cejas,380.0,1h 30min,2026-07-29 22:27:27.647727
972,23,2026-05-21 12:00:00,2026-07-20 02:20:26.033000,17:00,EFECTIVO,COMPLETADA,6,Uñas esculturales forma almendra ,Uñas esculturales,380.0,2 hrs,2026-04-16 02:10:54.846869
4322,1450,2026-05-21 18:00:00,2026-05-16 18:00:00,13:00,TARJETA,CONFIRMADA,9,Laminado + depilación,Laminado de cejas,380.0,1h 30min,2026-07-29 22:27:37.599805
3499,1318,2026-05-21 18:00:00,2026-05-18 18:00:00,15:00,TARJETA,CONFIRMADA,11,Pedicura spa clásica ,Pedicura spa,280.0,1h 30min,2026-07-29 22:27:01.525108
4489,1201,2026-05-21 18:00:00,2026-04-18 18:00:00,13:00,TARJETA,CONFIRMADA,9,Laminado + depilación,Laminado de cejas,380.0,1h 30min,2026-07-29 22:26:29.808823
3590,1250,2026-05-21 18:00:00,2026-04-24 18:00:00,13:00,TRANSFERENCIA,CONFIRMADA,3,Baño acrílico clásico,Baño de acrílico,200.0,1h,2026-07-29 22:26:43.205503
3807,1240,2026-05-21 18:00:00,2026-05-14 18:00:00,15:00,TARJETA,CONFIRMADA,13,Pedicura en seco básica,Pedicura en seco terminado spa,300.0,1h 15min,2026-07-29 22:26:40.238646
3333,1389,2026-05-21 18:00:00,2026-05-05 18:00:00,13:00,TARJETA,CONFIRMADA,6,Uñas esculturales forma almendra ,Uñas esculturales,380.0,2 hrs,2026-07-29 22:27:20.569096
3958,1386,2026-05-21 18:00:00,2026-04-25 18:00:00,11:00,TARJETA,CANCELADA,3,Baño acrílico clásico,Baño de acrílico,200.0,1h,2026-07-29 22:27:19.764470
5115,1501,2026-05-21 18:00:00,2026-05-13 18:00:00,13:00,TARJETA,CONFIRMADA,6,Uñas esculturales forma almendra ,Uñas esculturales,380.0,2 hrs,2026-07-29 22:27:51.677327
3992,,2026-05-21 18:00:00,2026-04-26 18:00:00,13:00,EFECTIVO,CANCELADA,12,Pedicura macro clásica,Pedicura Macro,320.0,1h 30min,
3461,1355,2026-05-21 18:00:00,2026-05-20 18:00:00,17:00,TARJETA,CONFIRMADA,12,Pedicura macro clásica,Pedicura Macro,320.0,1h 30min,2026-07-29 22:27:11.416886
4128,1388,2026-05-21 18:00:00,2026-04-25 18:00:00,11:00,TARJETA,CONFIRMADA,10,Lash lifting clásico,Lash lifting,350.0,1h,2026-07-29 22:27:20.302582
3759,,2026-05-21 18:00:00,2026-04-16 18:00:00,09:00,EFECTIVO,CANCELADA,4,Polygel forma coffin ,Uñas polygel,400.0,2h 30min,
4082,1307,2026-05-21 18:00:00,2026-05-19 18:00:00,09:00,TARJETA,CONFIRMADA,5,Softgel natural,Uñas Softgel,300.0,1h 30min,2026-07-29 22:26:58.540944
5048,1485,2026-05-22 18:00:00,2026-05-12 18:00:00,09:00,TARJETA,CONFIRMADA,8,Uñas esculturales forma cuadrada,Uñas esculturales,350.0,2hrs,2026-07-29 22:27:47.402601
3983,1254,2026-05-22 18:00:00,2026-05-06 18:00:00,17:00,TARJETA,CONFIRMADA,6,Uñas esculturales forma almendra ,Uñas esculturales,380.0,2 hrs,2026-07-29 22:26:44.332176
4327,1216,2026-05-22 18:00:00,2026-05-06 18:00:00,17:00,TARJETA,CONFIRMADA,9,Laminado + depilación,Laminado de cejas,380.0,1h 30min,2026-07-29 22:26:33.831042
4092,1278,2026-05-22 18:00:00,2026-05-21 18:00:00,09:00,TRANSFERENCIA,CONFIRMADA,6,Uñas esculturales forma almendra ,Uñas esculturales,380.0,2 hrs,2026-07-29 22:26:50.785840
4064,1441,2026-05-23 18:00:00,2026-04-19 18:00:00,11:00,TARJETA,CONFIRMADA,2,Laminado de cejas básico,Laminado de cejas,270.0,1h,2026-07-29 22:27:35.199248
3717,1451,2026-05-23 18:00:00,2026-04-22 18:00:00,15:00,TARJETA,CONFIRMADA,10,Lash lifting clásico,Lash lifting,350.0,1h,2026-07-29 22:27:37.865260
4815,1226,2026-05-23 18:00:00,2026-04-25 18:00:00,11:00,TRANSFERENCIA,CONFIRMADA,6,Uñas esculturales forma almendra ,Uñas esculturales,380.0,2 hrs,2026-07-29 22:26:36.493948
4235,1281,2026-05-25 18:00:00,2026-05-18 18:00:00,17:00,TARJETA,CONFIRMADA,13,Pedicura en seco básica,Pedicura en seco terminado spa,300.0,1h 15min,2026-07-29 22:26:51.586486
4949,1347,2026-05-25 18:00:00,2026-05-23 18:00:00,09:00,TARJETA,CONFIRMADA,4,Polygel forma coffin ,Uñas polygel,400.0,2h 30min,2026-07-29 22:27:09.280751
4509,1373,2026-05-25 18:00:00,2026-04-30 18:00:00,13:00,TRANSFERENCIA,CANCELADA,8,Uñas esculturales forma cuadrada,Uñas esculturales,350.0,2hrs,2026-07-29 22:27:16.281370
4478,1233,2026-05-25 18:00:00,2026-05-19 18:00:00,17:00,TRANSFERENCIA,CONFIRMADA,8,Uñas esculturales forma cuadrada,Uñas esculturales,350.0,2hrs,2026-07-29 22:26:38.368030
4467,1459,2026-05-25 18:00:00,2026-05-03 18:00:00,15:00,TRANSFERENCIA,CONFIRMADA,11,Pedicura spa clásica ,Pedicura spa,280.0,1h 30min,2026-07-29 22:27:40.000650
3785,,2026-05-25 18:00:00,2026-05-24 18:00:00,11:00,EFECTIVO,CONFIRMADA,8,Uñas esculturales forma cuadrada,Uñas esculturales,350.0,2hrs,
3799,1504,2026-05-25 18:00:00,2026-05-09 18:00:00,17:00,TARJETA,CONFIRMADA,5,Softgel natural,Uñas Softgel,300.0,1h 30min,2026-07-29 22:27:52.485584
3839,1343,2026-05-25 18:00:00,2026-04-27 18:00:00,15:00,TRANSFERENCIA,CANCELADA,8,Uñas esculturales forma cuadrada,Uñas esculturales,350.0,2hrs,2026-07-29 22:27:08.211214
5016,,2026-05-25 18:00:00,2026-04-26 18:00:00,17:00,TARJETA,CONFIRMADA,5,Softgel natural,Uñas Softgel,300.0,1h 30min,
4010,1228,2026-05-25 18:00:00,2026-05-25 18:00:00,13:00,TRANSFERENCIA,CONFIRMADA,13,Pedicura en seco básica,Pedicura en seco terminado spa,300.0,1h 15min,2026-07-29 22:26:37.027464
4364,1484,2026-05-25 18:00:00,2026-05-25 18:00:00,09:00,TARJETA,CONFIRMADA,9,Laminado + depilación,Laminado de cejas,380.0,1h 30min,2026-07-29 22:27:47.134906
4308,1493,2026-05-25 18:00:00,2026-04-20 18:00:00,11:00,TARJETA,CANCELADA,10,Lash lifting clásico,Lash lifting,350.0,1h,2026-07-29 22:27:49.543315
3933,1374,2026-05-26 18:00:00,2026-05-23 18:00:00,09:00,TARJETA,CONFIRMADA,10,Lash lifting clásico,Lash lifting,350.0,1h,2026-07-29 22:27:16.547357
5109,1310,2026-05-26 18:00:00,2026-04-24 18:00:00,13:00,TRANSFERENCIA,CONFIRMADA,8,Uñas esculturales forma cuadrada,Uñas esculturales,350.0,2hrs,2026-07-29 22:26:59.392211
3835,1425,2026-05-26 18:00:00,2026-05-07 18:00:00,17:00,TARJETA,CONFIRMADA,11,Pedicura spa clásica ,Pedicura spa,280.0,1h 30min,2026-07-29 22:27:30.925337
3904,1484,2026-05-26 18:00:00,2026-04-29 18:00:00,15:00,TARJETA,CANCELADA,2,Laminado de cejas básico,Laminado de cejas,270.0,1h,2026-07-29 22:27:47.134906
4208,1294,2026-05-26 18:00:00,2026-05-17 18:00:00,09:00,TARJETA,CONFIRMADA,12,Pedicura macro clásica,Pedicura Macro,320.0,1h 30min,2026-07-29 22:26:55.064639
3591,1371,2026-05-26 18:00:00,2026-05-16 18:00:00,15:00,TARJETA,CONFIRMADA,10,Lash lifting clásico,Lash lifting,350.0,1h,2026-07-29 22:27:15.743971
3535,1402,2026-05-26 18:00:00,2026-04-30 18:00:00,15:00,TRANSFERENCIA,CONFIRMADA,4,Polygel forma coffin ,Uñas polygel,400.0,2h 30min,2026-07-29 22:27:24.046481
3665,1223,2026-05-26 18:00:00,2026-04-26 18:00:00,15:00,TARJETA,CONFIRMADA,12,Pedicura macro clásica,Pedicura Macro,320.0,1h 30min,2026-07-29 22:26:35.692893
4031,,2026-05-26 18:00:00,2026-05-06 18:00:00,13:00,TARJETA,CONFIRMADA,4,Polygel forma coffin ,Uñas polygel,400.0,2h 30min,
4726,1366,2026-05-26 18:00:00,2026-05-06 18:00:00,13:00,TARJETA,CONFIRMADA,6,Uñas esculturales forma almendra ,Uñas esculturales,380.0,2 hrs,2026-07-29 22:27:14.354396
4911,1518,2026-05-26 18:00:00,2026-05-05 18:00:00,15:00,TARJETA,CONFIRMADA,10,Lash lifting clásico,Lash lifting,350.0,1h,2026-07-29 22:27:56.524304
3196,1288,2026-05-26 18:00:00,2026-05-04 18:00:00,17:00,TARJETA,CANCELADA,5,Softgel natural,Uñas Softgel,300.0,1h 30min,2026-07-29 22:26:53.465308
4849,1469,2026-05-27 18:00:00,2026-05-18 18:00:00,17:00,TARJETA,CONFIRMADA,5,Softgel natural,Uñas Softgel,300.0,1h 30min,2026-07-29 22:27:42.667831
4056,1328,2026-05-27 18:00:00,2026-04-23 18:00:00,13:00,TARJETA,CANCELADA,5,Softgel natural,Uñas Softgel,300.0,1h 30min,2026-07-29 22:27:04.194278
4566,1305,2026-05-27 18:00:00,2026-04-25 18:00:00,13:00,TRANSFERENCIA,CONFIRMADA,9,Laminado + depilación,Laminado de cejas,380.0,1h 30min,2026-07-29 22:26:58.009014
4111,1465,2026-05-27 18:00:00,2026-05-16 18:00:00,09:00,TARJETA,CONFIRMADA,4,Polygel forma coffin ,Uñas polygel,400.0,2h 30min,2026-07-29 22:27:41.600021
4867,1475,2026-05-27 18:00:00,2026-05-09 18:00:00,13:00,TRANSFERENCIA,CONFIRMADA,12,Pedicura macro clásica,Pedicura Macro,320.0,1h 30min,2026-07-29 22:27:44.683786
3262,,2026-05-27 18:00:00,2026-05-04 18:00:00,11:00,EFECTIVO,CANCELADA,2,Laminado de cejas básico,Laminado de cejas,270.0,1h,
3164,1281,2026-05-27 18:00:00,2026-05-23 18:00:00,11:00,TARJETA,CONFIRMADA,2,Laminado de cejas básico,Laminado de cejas,270.0,1h,2026-07-29 22:26:51.586486
5037,1388,2026-05-27 18:00:00,2026-05-22 18:00:00,13:00,TRANSFERENCIA,CANCELADA,2,Laminado de cejas básico,Laminado de cejas,270.0,1h,2026-07-29 22:27:20.302582
4102,1340,2026-05-27 18:00:00,2026-05-14 18:00:00,17:00,TARJETA,CONFIRMADA,8,Uñas esculturales forma cuadrada,Uñas esculturales,350.0,2hrs,2026-07-29 22:27:07.411281
4442,1284,2026-05-27 18:00:00,2026-05-12 18:00:00,09:00,TARJETA,CONFIRMADA,4,Polygel forma coffin ,Uñas polygel,400.0,2h 30min,2026-07-29 22:26:52.394271
3363,,2026-05-28 18:00:00,2026-05-06 18:00:00,11:00,EFECTIVO,CANCELADA,2,Laminado de cejas básico,Laminado de cejas,270.0,1h,
3589,1463,2026-05-28 18:00:00,2026-05-18 18:00:00,11:00,TARJETA,CONFIRMADA,3,Baño acrílico clásico,Baño de acrílico,200.0,1h,2026-07-29 22:27:41.066615
3576,1371,2026-05-28 18:00:00,2026-05-21 18:00:00,11:00,TARJETA,CONFIRMADA,12,Pedicura macro clásica,Pedicura Macro,320.0,1h 30min,2026-07-29 22:27:15.743971
3849,1324,2026-05-28 18:00:00,2026-05-03 18:00:00,15:00,TRANSFERENCIA,CONFIRMADA,5,Softgel natural,Uñas Softgel,300.0,1h 30min,2026-07-29 22:27:03.129540
4272,1297,2026-05-28 18:00:00,2026-05-18 18:00:00,09:00,TRANSFERENCIA,CANCELADA,6,Uñas esculturales forma almendra ,Uñas esculturales,380.0,2 hrs,2026-07-29 22:26:55.868864
4618,1369,2026-05-28 18:00:00,2026-05-07 18:00:00,15:00,TRANSFERENCIA,CONFIRMADA,6,Uñas esculturales forma almendra ,Uñas esculturales,380.0,2 hrs,2026-07-29 22:27:15.210352
4925,1353,2026-05-28 18:00:00,2026-05-25 18:00:00,15:00,TARJETA,CONFIRMADA,8,Uñas esculturales forma cuadrada,Uñas esculturales,350.0,2hrs,2026-07-29 22:27:10.884273
4879,1445,2026-05-28 18:00:00,2026-05-20 18:00:00,11:00,TARJETA,CONFIRMADA,11,Pedicura spa clásica ,Pedicura spa,280.0,1h 30min,2026-07-29 22:27:36.264836
4883,,2026-05-28 18:00:00,2026-04-28 18:00:00,09:00,EFECTIVO,CANCELADA,4,Polygel forma coffin ,Uñas polygel,400.0,2h 30min,
4129,1396,2026-05-29 18:00:00,2026-05-22 18:00:00,15:00,TRANSFERENCIA,CONFIRMADA,12,Pedicura macro clásica,Pedicura Macro,320.0,1h 30min,2026-07-29 22:27:22.449818
3428,1418,2026-05-29 18:00:00,2026-05-22 18:00:00,11:00,TARJETA,CONFIRMADA,11,Pedicura spa clásica ,Pedicura spa,280.0,1h 30min,2026-07-29 22:27:29.002155
4295,1362,2026-05-29 18:00:00,2026-05-24 18:00:00,13:00,TRANSFERENCIA,CONFIRMADA,11,Pedicura spa clásica ,Pedicura spa,280.0,1h 30min,2026-07-29 22:27:13.287175
5046,1478,2026-05-30 18:00:00,2026-05-11 18:00:00,13:00,TARJETA,CONFIRMADA,6,Uñas esculturales forma almendra ,Uñas esculturales,380.0,2 hrs,2026-07-29 22:27:45.530442
3648,1283,2026-05-30 18:00:00,2026-04-25 18:00:00,15:00,TRANSFERENCIA,CANCELADA,11,Pedicura spa clásica ,Pedicura spa,280.0,1h 30min,2026-07-29 22:26:52.128022
3260,1448,2026-05-30 18:00:00,2026-05-06 18:00:00,15:00,TARJETA,CONFIRMADA,9,Laminado + depilación,Laminado de cejas,380.0,1h 30min,2026-07-29 22:27:37.064339
4178,1510,2026-05-30 18:00:00,2026-05-01 18:00:00,17:00,TARJETA,CONFIRMADA,3,Baño acrílico clásico,Baño de acrílico,200.0,1h,2026-07-29 22:27:54.083340
4471,1488,2026-05-30 18:00:00,2026-05-01 18:00:00,11:00,TARJETA,CONFIRMADA,10,Lash lifting clásico,Lash lifting,350.0,1h,2026-07-29 22:27:48.203762
4525,1403,2026-05-30 18:00:00,2026-04-26 18:00:00,15:00,TRANSFERENCIA,CANCELADA,2,Laminado de cejas básico,Laminado de cejas,270.0,1h,2026-07-29 22:27:24.311489
3832,1238,2026-05-30 18:00:00,2026-05-01 18:00:00,17:00,TARJETA,CONFIRMADA,2,Laminado de cejas básico,Laminado de cejas,270.0,1h,2026-07-29 22:26:39.704665
3756,1444,2026-05-30 18:00:00,2026-05-13 18:00:00,15:00,TARJETA,CANCELADA,8,Uñas esculturales forma cuadrada,Uñas esculturales,350.0,2hrs,2026-07-29 22:27:35.997836
3350,1345,2026-05-30 18:00:00,2026-05-29 18:00:00,17:00,TARJETA,CONFIRMADA,13,Pedicura en seco básica,Pedicura en seco terminado spa,300.0,1h 15min,2026-07-29 22:27:08.742753
3995,1382,2026-05-30 18:00:00,2026-05-02 18:00:00,09:00,TARJETA,CONFIRMADA,11,Pedicura spa clásica ,Pedicura spa,280.0,1h 30min,2026-07-29 22:27:18.697451
4513,1381,2026-05-30 18:00:00,2026-04-28 18:00:00,09:00,TRANSFERENCIA,CONFIRMADA,11,Pedicura spa clásica ,Pedicura spa,280.0,1h 30min,2026-07-29 22:27:18.430437
4542,1210,2026-05-30 18:00:00,2026-05-16 18:00:00,09:00,TRANSFERENCIA,CONFIRMADA,2,Laminado de cejas básico,Laminado de cejas,270.0,1h,2026-07-29 22:26:32.217561
4723,1311,2026-06-01 18:00:00,2026-05-15 18:00:00,11:00,TARJETA,CONFIRMADA,6,Uñas esculturales forma almendra ,Uñas esculturales,380.0,2 hrs,2026-07-29 22:26:59.657682
4968,1359,2026-06-01 18:00:00,2026-05-27 18:00:00,11:00,TRANSFERENCIA,CONFIRMADA,11,Pedicura spa clásica ,Pedicura spa,280.0,1h 30min,2026-07-29 22:27:12.486285
4147,1233,2026-06-01 18:00:00,2026-05-13 18:00:00,13:00,TRANSFERENCIA,CONFIRMADA,11,Pedicura spa clásica ,Pedicura spa,280.0,1h 30min,2026-07-29 22:26:38.368030
3387,,2026-06-01 18:00:00,2026-05-08 18:00:00,17:00,TARJETA,CONFIRMADA,8,Uñas esculturales forma cuadrada,Uñas esculturales,350.0,2hrs,
4982,1288,2026-06-01 18:00:00,2026-04-29 18:00:00,17:00,TRANSFERENCIA,CONFIRMADA,3,Baño acrílico clásico,Baño de acrílico,200.0,1h,2026-07-29 22:26:53.465308
4209,1421,2026-06-01 18:00:00,2026-05-06 18:00:00,11:00,TARJETA,CONFIRMADA,2,Laminado de cejas básico,Laminado de cejas,270.0,1h,2026-07-29 22:27:29.857169
4303,1431,2026-06-01 18:00:00,2026-05-25 18:00:00,17:00,TARJETA,CONFIRMADA,4,Polygel forma coffin ,Uñas polygel,400.0,2h 30min,2026-07-29 22:27:32.528066
5119,1271,2026-06-01 18:00:00,2026-05-12 18:00:00,13:00,TARJETA,CONFIRMADA,10,Lash lifting clásico,Lash lifting,350.0,1h,2026-07-29 22:26:48.912738
3733,1481,2026-06-01 18:00:00,2026-05-09 18:00:00,17:00,TARJETA,CANCELADA,11,Pedicura spa clásica ,Pedicura spa,280.0,1h 30min,2026-07-29 22:27:46.329588
3462,1218,2026-06-01 18:00:00,2026-05-18 18:00:00,17:00,TARJETA,CONFIRMADA,11,Pedicura spa clásica ,Pedicura spa,280.0,1h 30min,2026-07-29 22:26:34.360426
4497,1454,2026-06-01 18:00:00,2026-05-23 18:00:00,09:00,TRANSFERENCIA,CONFIRMADA,9,Laminado + depilación,Laminado de cejas,380.0,1h 30min,2026-07-29 22:27:38.663229
5104,,2026-06-01 18:00:00,2026-05-11 18:00:00,13:00,EFECTIVO,CANCELADA,5,Softgel natural,Uñas Softgel,300.0,1h 30min,
3551,1407,2026-06-01 18:00:00,2026-05-05 18:00:00,17:00,TARJETA,CONFIRMADA,9,Laminado + depilación,Laminado de cejas,380.0,1h 30min,2026-07-29 22:27:25.500265
3982,1464,2026-06-02 18:00:00,2026-04-30 18:00:00,17:00,TARJETA,CONFIRMADA,2,Laminado de cejas básico,Laminado de cejas,270.0,1h,2026-07-29 22:27:41.333196
4462,1396,2026-06-02 18:00:00,2026-05-17 18:00:00,15:00,TARJETA,CONFIRMADA,5,Softgel natural,Uñas Softgel,300.0,1h 30min,2026-07-29 22:27:22.449818
3246,1341,2026-06-02 18:00:00,2026-04-28 18:00:00,09:00,TARJETA,CONFIRMADA,11,Pedicura spa clásica ,Pedicura spa,280.0,1h 30min,2026-07-29 22:27:07.677763
3421,1418,2026-06-02 18:00:00,2026-06-01 18:00:00,13:00,TARJETA,CONFIRMADA,12,Pedicura macro clásica,Pedicura Macro,320.0,1h 30min,2026-07-29 22:27:29.002155
3693,1266,2026-06-02 18:00:00,2026-05-06 18:00:00,13:00,TARJETA,CANCELADA,13,Pedicura en seco básica,Pedicura en seco terminado spa,300.0,1h 15min,2026-07-29 22:26:47.548748
4834,1501,2026-06-02 18:00:00,2026-06-02 18:00:00,17:00,TARJETA,CONFIRMADA,6,Uñas esculturales forma almendra ,Uñas esculturales,380.0,2 hrs,2026-07-29 22:27:51.677327
3252,1501,2026-06-02 18:00:00,2026-04-28 18:00:00,13:00,TRANSFERENCIA,CONFIRMADA,4,Polygel forma coffin ,Uñas polygel,400.0,2h 30min,2026-07-29 22:27:51.677327
3994,1494,2026-06-02 18:00:00,2026-05-18 18:00:00,13:00,TARJETA,CONFIRMADA,9,Laminado + depilación,Laminado de cejas,380.0,1h 30min,2026-07-29 22:27:49.810746
4532,,2026-06-03 18:00:00,2026-06-02 18:00:00,17:00,EFECTIVO,CONFIRMADA,3,Baño acrílico clásico,Baño de acrílico,200.0,1h,
3181,1329,2026-06-03 18:00:00,2026-06-03 18:00:00,17:00,TRANSFERENCIA,CONFIRMADA,6,Uñas esculturales forma almendra ,Uñas esculturales,380.0,2 hrs,2026-07-29 22:27:04.462144
3730,1250,2026-06-03 18:00:00,2026-05-04 18:00:00,13:00,TARJETA,CONFIRMADA,8,Uñas esculturales forma cuadrada,Uñas esculturales,350.0,2hrs,2026-07-29 22:26:43.205503
4048,1252,2026-06-03 18:00:00,2026-05-09 18:00:00,15:00,TARJETA,CONFIRMADA,10,Lash lifting clásico,Lash lifting,350.0,1h,2026-07-29 22:26:43.740640
4979,1463,2026-06-03 18:00:00,2026-05-21 18:00:00,11:00,TARJETA,CONFIRMADA,5,Softgel natural,Uñas Softgel,300.0,1h 30min,2026-07-29 22:27:41.066615
3509,1345,2026-06-03 18:00:00,2026-05-07 18:00:00,17:00,TARJETA,CONFIRMADA,4,Polygel forma coffin ,Uñas polygel,400.0,2h 30min,2026-07-29 22:27:08.742753
4344,1352,2026-06-03 18:00:00,2026-05-28 18:00:00,13:00,TRANSFERENCIA,CONFIRMADA,3,Baño acrílico clásico,Baño de acrílico,200.0,1h,2026-07-29 22:27:10.617864
3870,1232,2026-06-03 18:00:00,2026-05-22 18:00:00,13:00,TRANSFERENCIA,CANCELADA,6,Uñas esculturales forma almendra ,Uñas esculturales,380.0,2 hrs,2026-07-29 22:26:38.100047
4631,1336,2026-06-04 18:00:00,2026-06-02 18:00:00,13:00,TRANSFERENCIA,CONFIRMADA,9,Laminado + depilación,Laminado de cejas,380.0,1h 30min,2026-07-29 22:27:06.335638
4666,,2026-06-04 18:00:00,2026-05-30 18:00:00,15:00,EFECTIVO,CANCELADA,5,Softgel natural,Uñas Softgel,300.0,1h 30min,
3346,1245,2026-06-04 18:00:00,2026-05-23 18:00:00,09:00,TARJETA,CONFIRMADA,12,Pedicura macro clásica,Pedicura Macro,320.0,1h 30min,2026-07-29 22:26:41.870244
3808,1371,2026-06-04 18:00:00,2026-05-17 18:00:00,13:00,TARJETA,CONFIRMADA,2,Laminado de cejas básico,Laminado de cejas,270.0,1h,2026-07-29 22:27:15.743971
3626,1391,2026-06-04 18:00:00,2026-05-15 18:00:00,09:00,TARJETA,CANCELADA,9,Laminado + depilación,Laminado de cejas,380.0,1h 30min,2026-07-29 22:27:21.102352
3760,1349,2026-06-04 18:00:00,2026-05-07 18:00:00,17:00,TARJETA,CONFIRMADA,12,Pedicura macro clásica,Pedicura Macro,320.0,1h 30min,2026-07-29 22:27:09.816414
4472,1367,2026-06-05 18:00:00,2026-05-11 18:00:00,09:00,TRANSFERENCIA,CONFIRMADA,13,Pedicura en seco básica,Pedicura en seco terminado spa,300.0,1h 15min,2026-07-29 22:27:14.675340
3453,1490,2026-06-05 18:00:00,2026-05-22 18:00:00,13:00,TRANSFERENCIA,CANCELADA,4,Polygel forma coffin ,Uñas polygel,400.0,2h 30min,2026-07-29 22:27:48.740719
3416,1290,2026-06-05 18:00:00,2026-06-03 18:00:00,17:00,TRANSFERENCIA,CONFIRMADA,4,Polygel forma coffin ,Uñas polygel,400.0,2h 30min,2026-07-29 22:26:53.997308
4802,1309,2026-06-05 18:00:00,2026-05-20 18:00:00,11:00,TRANSFERENCIA,CONFIRMADA,12,Pedicura macro clásica,Pedicura Macro,320.0,1h 30min,2026-07-29 22:26:59.071497
4453,1336,2026-06-05 18:00:00,2026-05-25 18:00:00,15:00,TARJETA,CANCELADA,11,Pedicura spa clásica ,Pedicura spa,280.0,1h 30min,2026-07-29 22:27:06.335638
4154,,2026-06-05 18:00:00,2026-06-01 18:00:00,15:00,EFECTIVO,CONFIRMADA,13,Pedicura en seco básica,Pedicura en seco terminado spa,300.0,1h 15min,
5004,1498,2026-06-05 18:00:00,2026-05-05 18:00:00,11:00,TARJETA,CANCELADA,13,Pedicura en seco básica,Pedicura en seco terminado spa,300.0,1h 15min,2026-07-29 22:27:50.873734
3542,1471,2026-06-05 18:00:00,2026-05-15 18:00:00,11:00,TARJETA,CANCELADA,10,Lash lifting clásico,Lash lifting,350.0,1h,2026-07-29 22:27:43.196392
4207,1455,2026-06-05 18:00:00,2026-05-17 18:00:00,11:00,TARJETA,CANCELADA,13,Pedicura en seco básica,Pedicura en seco terminado spa,300.0,1h 15min,2026-07-29 22:27:38.929502
4053,1288,2026-06-05 18:00:00,2026-05-23 18:00:00,17:00,TARJETA,CONFIRMADA,12,Pedicura macro clásica,Pedicura Macro,320.0,1h 30min,2026-07-29 22:26:53.465308
4225,1275,2026-06-05 18:00:00,2026-05-07 18:00:00,11:00,TARJETA,CONFIRMADA,4,Polygel forma coffin ,Uñas polygel,400.0,2h 30min,2026-07-29 22:26:49.982876
4444,,2026-06-06 18:00:00,2026-05-11 18:00:00,15:00,EFECTIVO,CANCELADA,11,Pedicura spa clásica ,Pedicura spa,280.0,1h 30min,
5036,1240,2026-06-06 18:00:00,2026-05-07 18:00:00,11:00,TARJETA,CANCELADA,11,Pedicura spa clásica ,Pedicura spa,280.0,1h 30min,2026-07-29 22:26:40.238646
3345,1349,2026-06-06 18:00:00,2026-05-26 18:00:00,09:00,TARJETA,CONFIRMADA,10,Lash lifting clásico,Lash lifting,350.0,1h,2026-07-29 22:27:09.816414
3738,1276,2026-06-06 18:00:00,2026-05-31 18:00:00,09:00,TRANSFERENCIA,CONFIRMADA,8,Uñas esculturales forma cuadrada,Uñas esculturales,350.0,2hrs,2026-07-29 22:26:50.249853
3646,1237,2026-06-06 18:00:00,2026-05-24 18:00:00,15:00,TARJETA,CONFIRMADA,10,Lash lifting clásico,Lash lifting,350.0,1h,2026-07-29 22:26:39.437205
4655,1324,2026-06-06 18:00:00,2026-05-18 18:00:00,11:00,TARJETA,CONFIRMADA,11,Pedicura spa clásica ,Pedicura spa,280.0,1h 30min,2026-07-29 22:27:03.129540
4030,1477,2026-06-06 18:00:00,2026-05-19 18:00:00,15:00,TARJETA,CONFIRMADA,3,Baño acrílico clásico,Baño de acrílico,200.0,1h,2026-07-29 22:27:45.265346
5137,1351,2026-06-06 18:00:00,2026-05-10 18:00:00,13:00,TRANSFERENCIA,CONFIRMADA,11,Pedicura spa clásica ,Pedicura spa,280.0,1h 30min,2026-07-29 22:27:10.349870
4265,1376,2026-06-06 18:00:00,2026-05-13 18:00:00,17:00,TRANSFERENCIA,CANCELADA,4,Polygel forma coffin ,Uñas polygel,400.0,2h 30min,2026-07-29 22:27:17.082953
3398,1230,2026-06-06 18:00:00,2026-05-17 18:00:00,09:00,TARJETA,CONFIRMADA,6,Uñas esculturales forma almendra ,Uñas esculturales,380.0,2 hrs,2026-07-29 22:26:37.565033
3822,1358,2026-06-06 18:00:00,2026-05-08 18:00:00,13:00,TARJETA,CONFIRMADA,8,Uñas esculturales forma cuadrada,Uñas esculturales,350.0,2hrs,2026-07-29 22:27:12.220366
3283,1289,2026-06-06 18:00:00,2026-05-18 18:00:00,11:00,TARJETA,CONFIRMADA,5,Softgel natural,Uñas Softgel,300.0,1h 30min,2026-07-29 22:26:53.732293
4085,1335,2026-06-06 18:00:00,2026-05-20 18:00:00,11:00,TARJETA,CONFIRMADA,5,Softgel natural,Uñas Softgel,300.0,1h 30min,2026-07-29 22:27:06.070151
4477,1240,2026-06-08 18:00:00,2026-06-05 18:00:00,17:00,TARJETA,CONFIRMADA,12,Pedicura macro clásica,Pedicura Macro,320.0,1h 30min,2026-07-29 22:26:40.238646
3327,1383,2026-06-08 18:00:00,2026-05-19 18:00:00,17:00,TRANSFERENCIA,CANCELADA,5,Softgel natural,Uñas Softgel,300.0,1h 30min,2026-07-29 22:27:18.964730
4446,1300,2026-06-08 18:00:00,2026-05-29 18:00:00,17:00,TARJETA,CONFIRMADA,10,Lash lifting clásico,Lash lifting,350.0,1h,2026-07-29 22:26:56.671380
4657,1401,2026-06-08 18:00:00,2026-05-23 18:00:00,17:00,TARJETA,CONFIRMADA,3,Baño acrílico clásico,Baño de acrílico,200.0,1h,2026-07-29 22:27:23.782621
4058,1372,2026-06-08 18:00:00,2026-05-17 18:00:00,11:00,TARJETA,CONFIRMADA,11,Pedicura spa clásica ,Pedicura spa,280.0,1h 30min,2026-07-29 22:27:16.009882
4017,1466,2026-06-08 18:00:00,2026-05-06 18:00:00,17:00,TRANSFERENCIA,CANCELADA,4,Polygel forma coffin ,Uñas polygel,400.0,2h 30min,2026-07-29 22:27:41.865073
3278,,2026-06-08 18:00:00,2026-05-13 18:00:00,11:00,TARJETA,CONFIRMADA,11,Pedicura spa clásica ,Pedicura spa,280.0,1h 30min,
4521,1335,2026-06-08 18:00:00,2026-05-25 18:00:00,15:00,TARJETA,CONFIRMADA,5,Softgel natural,Uñas Softgel,300.0,1h 30min,2026-07-29 22:27:06.070151
3741,1451,2026-06-08 18:00:00,2026-05-20 18:00:00,13:00,TARJETA,CONFIRMADA,9,Laminado + depilación,Laminado de cejas,380.0,1h 30min,2026-07-29 22:27:37.865260
3922,1404,2026-06-08 18:00:00,2026-06-03 18:00:00,17:00,TRANSFERENCIA,CONFIRMADA,3,Baño acrílico clásico,Baño de acrílico,200.0,1h,2026-07-29 22:27:24.579439
4432,1317,2026-06-08 18:00:00,2026-05-31 18:00:00,13:00,TARJETA,CONFIRMADA,2,Laminado de cejas básico,Laminado de cejas,270.0,1h,2026-07-29 22:27:01.258547
3871,1372,2026-06-08 18:00:00,2026-05-21 18:00:00,13:00,TARJETA,CONFIRMADA,2,Laminado de cejas básico,Laminado de cejas,270.0,1h,2026-07-29 22:27:16.009882
4065,1238,2026-06-09 18:00:00,2026-06-07 18:00:00,09:00,TRANSFERENCIA,CONFIRMADA,9,Laminado + depilación,Laminado de cejas,380.0,1h 30min,2026-07-29 22:26:39.704665
4507,1224,2026-06-09 18:00:00,2026-05-20 18:00:00,17:00,TARJETA,CONFIRMADA,4,Polygel forma coffin ,Uñas polygel,400.0,2h 30min,2026-07-29 22:26:35.960494
4569,1303,2026-06-09 18:00:00,2026-05-14 18:00:00,11:00,TARJETA,CONFIRMADA,8,Uñas esculturales forma cuadrada,Uñas esculturales,350.0,2hrs,2026-07-29 22:26:57.476011
3990,1202,2026-06-09 18:00:00,2026-06-06 18:00:00,11:00,TRANSFERENCIA,CONFIRMADA,2,Laminado de cejas básico,Laminado de cejas,270.0,1h,2026-07-29 22:26:30.077457
3636,,2026-06-09 18:00:00,2026-05-23 18:00:00,11:00,TARJETA,CONFIRMADA,4,Polygel forma coffin ,Uñas polygel,400.0,2h 30min,
5118,1376,2026-06-09 18:00:00,2026-06-06 18:00:00,15:00,TARJETA,CANCELADA,10,Lash lifting clásico,Lash lifting,350.0,1h,2026-07-29 22:27:17.082953
186,7,2026-06-10 12:00:00,2026-07-20 02:20:19.987000,15:00,TRANSFERENCIA,CANCELADA,2,Laminado de cejas básico,Laminado de cejas,270.0,1h,2026-03-07 23:51:22.616000
4729,1422,2026-06-10 18:00:00,2026-06-04 18:00:00,11:00,TARJETA,CONFIRMADA,12,Pedicura macro clásica,Pedicura Macro,320.0,1h 30min,2026-07-29 22:27:30.125311
3729,1217,2026-06-10 18:00:00,2026-05-18 18:00:00,15:00,TARJETA,CONFIRMADA,2,Laminado de cejas básico,Laminado de cejas,270.0,1h,2026-07-29 22:26:34.095882
4246,1485,2026-06-10 18:00:00,2026-06-09 18:00:00,11:00,TRANSFERENCIA,CANCELADA,5,Softgel natural,Uñas Softgel,300.0,1h 30min,2026-07-29 22:27:47.402601
3920,,2026-06-10 18:00:00,2026-05-18 18:00:00,13:00,EFECTIVO,CANCELADA,10,Lash lifting clásico,Lash lifting,350.0,1h,
4924,1488,2026-06-10 18:00:00,2026-06-03 18:00:00,11:00,TRANSFERENCIA,CONFIRMADA,12,Pedicura macro clásica,Pedicura Macro,320.0,1h 30min,2026-07-29 22:27:48.203762
3819,1267,2026-06-10 18:00:00,2026-05-10 18:00:00,15:00,TARJETA,CONFIRMADA,10,Lash lifting clásico,Lash lifting,350.0,1h,2026-07-29 22:26:47.814781
3273,1258,2026-06-10 18:00:00,2026-06-02 18:00:00,13:00,TRANSFERENCIA,CONFIRMADA,10,Lash lifting clásico,Lash lifting,350.0,1h,2026-07-29 22:26:45.410178
4857,1472,2026-06-10 18:00:00,2026-05-15 18:00:00,17:00,TARJETA,CONFIRMADA,13,Pedicura en seco básica,Pedicura en seco terminado spa,300.0,1h 15min,2026-07-29 22:27:43.836124
4955,1213,2026-06-11 18:00:00,2026-05-19 18:00:00,15:00,TARJETA,CONFIRMADA,5,Softgel natural,Uñas Softgel,300.0,1h 30min,2026-07-29 22:26:33.021262
3408,1352,2026-06-11 18:00:00,2026-06-04 18:00:00,15:00,TARJETA,CONFIRMADA,3,Baño acrílico clásico,Baño de acrílico,200.0,1h,2026-07-29 22:27:10.617864
3483,1428,2026-06-11 18:00:00,2026-05-19 18:00:00,11:00,TARJETA,CANCELADA,6,Uñas esculturales forma almendra ,Uñas esculturales,380.0,2 hrs,2026-07-29 22:27:31.726865
3924,1416,2026-06-11 18:00:00,2026-05-16 18:00:00,17:00,TARJETA,CONFIRMADA,8,Uñas esculturales forma cuadrada,Uñas esculturales,350.0,2hrs,2026-07-29 22:27:28.464575
3605,1432,2026-06-11 18:00:00,2026-06-07 18:00:00,13:00,TARJETA,CONFIRMADA,12,Pedicura macro clásica,Pedicura Macro,320.0,1h 30min,2026-07-29 22:27:32.793375
4415,1513,2026-06-11 18:00:00,2026-05-13 18:00:00,11:00,TARJETA,CONFIRMADA,13,Pedicura en seco básica,Pedicura en seco terminado spa,300.0,1h 15min,2026-07-29 22:27:54.882069
3673,1313,2026-06-11 18:00:00,2026-05-15 18:00:00,11:00,TARJETA,CONFIRMADA,11,Pedicura spa clásica ,Pedicura spa,280.0,1h 30min,2026-07-29 22:27:00.191541
976,23,2026-06-12 12:00:00,2026-07-20 02:20:26.033000,15:00,EFECTIVO,COMPLETADA,6,Uñas esculturales forma almendra ,Uñas esculturales,380.0,2 hrs,2026-04-16 02:10:54.846869
442,16,2026-06-12 12:00:00,2026-07-20 02:20:21.885000,09:00,EFECTIVO,COMPLETADA,6,Uñas esculturales forma almendra ,Uñas esculturales,380.0,2 hrs,2026-03-16 02:10:33.282926
3195,1395,2026-06-12 18:00:00,2026-05-09 18:00:00,13:00,TARJETA,CANCELADA,5,Softgel natural,Uñas Softgel,300.0,1h 30min,2026-07-29 22:27:22.182588
4352,1343,2026-06-12 18:00:00,2026-05-28 18:00:00,13:00,TARJETA,CANCELADA,12,Pedicura macro clásica,Pedicura Macro,320.0,1h 30min,2026-07-29 22:27:08.211214
4684,1362,2026-06-12 18:00:00,2026-05-13 18:00:00,09:00,TRANSFERENCIA,CANCELADA,9,Laminado + depilación,Laminado de cejas,380.0,1h 30min,2026-07-29 22:27:13.287175
3965,1245,2026-06-12 18:00:00,2026-05-15 18:00:00,09:00,TARJETA,CONFIRMADA,13,Pedicura en seco básica,Pedicura en seco terminado spa,300.0,1h 15min,2026-07-29 22:26:41.870244
4514,1338,2026-06-12 18:00:00,2026-06-12 18:00:00,09:00,TARJETA,CONFIRMADA,12,Pedicura macro clásica,Pedicura Macro,320.0,1h 30min,2026-07-29 22:27:06.878104
4046,1365,2026-06-12 18:00:00,2026-05-31 18:00:00,17:00,TARJETA,CONFIRMADA,13,Pedicura en seco básica,Pedicura en seco terminado spa,300.0,1h 15min,2026-07-29 22:27:14.086840
3670,1447,2026-06-12 18:00:00,2026-05-13 18:00:00,11:00,TARJETA,CONFIRMADA,2,Laminado de cejas básico,Laminado de cejas,270.0,1h,2026-07-29 22:27:36.796818
4550,1211,2026-06-12 18:00:00,2026-05-11 18:00:00,13:00,TRANSFERENCIA,CANCELADA,2,Laminado de cejas básico,Laminado de cejas,270.0,1h,2026-07-29 22:26:32.485746
3796,1292,2026-06-13 18:00:00,2026-05-31 18:00:00,09:00,TRANSFERENCIA,CONFIRMADA,13,Pedicura en seco básica,Pedicura en seco terminado spa,300.0,1h 15min,2026-07-29 22:26:54.530407
4811,1427,2026-06-13 18:00:00,2026-05-13 18:00:00,11:00,TARJETA,CANCELADA,5,Softgel natural,Uñas Softgel,300.0,1h 30min,2026-07-29 22:27:31.458812
4096,1212,2026-06-13 18:00:00,2026-06-03 18:00:00,13:00,TARJETA,CONFIRMADA,2,Laminado de cejas básico,Laminado de cejas,270.0,1h,2026-07-29 22:26:32.753583
4116,1391,2026-06-13 18:00:00,2026-06-01 18:00:00,09:00,TARJETA,CONFIRMADA,11,Pedicura spa clásica ,Pedicura spa,280.0,1h 30min,2026-07-29 22:27:21.102352
3961,1235,2026-06-15 18:00:00,2026-06-07 18:00:00,11:00,TARJETA,CONFIRMADA,11,Pedicura spa clásica ,Pedicura spa,280.0,1h 30min,2026-07-29 22:26:38.900603
4219,1447,2026-06-15 18:00:00,2026-06-09 18:00:00,15:00,TARJETA,CONFIRMADA,9,Laminado + depilación,Laminado de cejas,380.0,1h 30min,2026-07-29 22:27:36.796818
4947,1274,2026-06-15 18:00:00,2026-05-22 18:00:00,15:00,TARJETA,CONFIRMADA,8,Uñas esculturales forma cuadrada,Uñas esculturales,350.0,2hrs,2026-07-29 22:26:49.715855
5161,1335,2026-06-15 18:00:00,2026-05-13 18:00:00,17:00,TARJETA,CONFIRMADA,12,Pedicura macro clásica,Pedicura Macro,320.0,1h 30min,2026-07-29 22:27:06.070151
4881,1317,2026-06-15 18:00:00,2026-05-31 18:00:00,13:00,TARJETA,CONFIRMADA,5,Softgel natural,Uñas Softgel,300.0,1h 30min,2026-07-29 22:27:01.258547
4885,1273,2026-06-15 18:00:00,2026-05-22 18:00:00,11:00,TRANSFERENCIA,CONFIRMADA,8,Uñas esculturales forma cuadrada,Uñas esculturales,350.0,2hrs,2026-07-29 22:26:49.446252
4753,1348,2026-06-15 18:00:00,2026-05-17 18:00:00,17:00,TARJETA,CONFIRMADA,3,Baño acrílico clásico,Baño de acrílico,200.0,1h,2026-07-29 22:27:09.547227
4807,1296,2026-06-15 18:00:00,2026-05-30 18:00:00,13:00,TARJETA,CONFIRMADA,13,Pedicura en seco básica,Pedicura en seco terminado spa,300.0,1h 15min,2026-07-29 22:26:55.600356
5152,1331,2026-06-15 18:00:00,2026-06-03 18:00:00,09:00,TARJETA,CONFIRMADA,8,Uñas esculturales forma cuadrada,Uñas esculturales,350.0,2hrs,2026-07-29 22:27:04.997139
4163,1291,2026-06-15 18:00:00,2026-05-25 18:00:00,13:00,TARJETA,CONFIRMADA,9,Laminado + depilación,Laminado de cejas,380.0,1h 30min,2026-07-29 22:26:54.263571
4682,1474,2026-06-15 18:00:00,2026-05-17 18:00:00,15:00,TARJETA,CONFIRMADA,13,Pedicura en seco básica,Pedicura en seco terminado spa,300.0,1h 15min,2026-07-29 22:27:44.418074
4530,1480,2026-06-15 18:00:00,2026-05-19 18:00:00,11:00,TARJETA,CANCELADA,6,Uñas esculturales forma almendra ,Uñas esculturales,380.0,2 hrs,2026-07-29 22:27:46.064460
3708,1401,2026-06-16 18:00:00,2026-05-26 18:00:00,11:00,TARJETA,CANCELADA,10,Lash lifting clásico,Lash lifting,350.0,1h,2026-07-29 22:27:23.782621
4171,1405,2026-06-16 18:00:00,2026-06-02 18:00:00,13:00,TARJETA,CONFIRMADA,10,Lash lifting clásico,Lash lifting,350.0,1h,2026-07-29 22:27:24.844581
4580,1401,2026-06-16 18:00:00,2026-05-29 18:00:00,11:00,TARJETA,CONFIRMADA,10,Lash lifting clásico,Lash lifting,350.0,1h,2026-07-29 22:27:23.782621
4555,1508,2026-06-16 18:00:00,2026-05-24 18:00:00,17:00,TRANSFERENCIA,CONFIRMADA,9,Laminado + depilación,Laminado de cejas,380.0,1h 30min,2026-07-29 22:27:53.551629
3650,1311,2026-06-16 18:00:00,2026-06-04 18:00:00,09:00,TARJETA,CONFIRMADA,8,Uñas esculturales forma cuadrada,Uñas esculturales,350.0,2hrs,2026-07-29 22:26:59.657682
3969,1354,2026-06-16 18:00:00,2026-05-23 18:00:00,13:00,TRANSFERENCIA,CONFIRMADA,6,Uñas esculturales forma almendra ,Uñas esculturales,380.0,2 hrs,2026-07-29 22:27:11.150947
5120,1265,2026-06-16 18:00:00,2026-06-14 18:00:00,15:00,TARJETA,CONFIRMADA,6,Uñas esculturales forma almendra ,Uñas esculturales,380.0,2 hrs,2026-07-29 22:26:47.278967
3989,1457,2026-06-16 18:00:00,2026-05-28 18:00:00,13:00,TARJETA,CONFIRMADA,6,Uñas esculturales forma almendra ,Uñas esculturales,380.0,2 hrs,2026-07-29 22:27:39.464495
3249,1257,2026-06-16 18:00:00,2026-06-02 18:00:00,13:00,TARJETA,CONFIRMADA,3,Baño acrílico clásico,Baño de acrílico,200.0,1h,2026-07-29 22:26:45.132119
3899,1419,2026-06-16 18:00:00,2026-06-04 18:00:00,11:00,TARJETA,CONFIRMADA,9,Laminado + depilación,Laminado de cejas,380.0,1h 30min,2026-07-29 22:27:29.267744
4107,1433,2026-06-17 18:00:00,2026-05-15 18:00:00,15:00,TARJETA,CANCELADA,12,Pedicura macro clásica,Pedicura Macro,320.0,1h 30min,2026-07-29 22:27:33.065155
4076,1218,2026-06-17 18:00:00,2026-05-27 18:00:00,13:00,TRANSFERENCIA,CANCELADA,10,Lash lifting clásico,Lash lifting,350.0,1h,2026-07-29 22:26:34.360426
4019,1464,2026-06-17 18:00:00,2026-06-02 18:00:00,09:00,TRANSFERENCIA,CONFIRMADA,2,Laminado de cejas básico,Laminado de cejas,270.0,1h,2026-07-29 22:27:41.333196
4929,1202,2026-06-17 18:00:00,2026-05-31 18:00:00,17:00,TARJETA,CONFIRMADA,13,Pedicura en seco básica,Pedicura en seco terminado spa,300.0,1h 15min,2026-07-29 22:26:30.077457
5029,1236,2026-06-17 18:00:00,2026-06-06 18:00:00,13:00,TARJETA,CANCELADA,10,Lash lifting clásico,Lash lifting,350.0,1h,2026-07-29 22:26:39.168143
3434,,2026-06-17 18:00:00,2026-06-04 18:00:00,13:00,EFECTIVO,CANCELADA,9,Laminado + depilación,Laminado de cejas,380.0,1h 30min,
3307,1203,2026-06-17 18:00:00,2026-05-15 18:00:00,17:00,TARJETA,CONFIRMADA,4,Polygel forma coffin ,Uñas polygel,400.0,2h 30min,2026-07-29 22:26:30.343863
4455,1456,2026-06-17 18:00:00,2026-06-06 18:00:00,15:00,TRANSFERENCIA,CONFIRMADA,5,Softgel natural,Uñas Softgel,300.0,1h 30min,2026-07-29 22:27:39.197474
4605,1338,2026-06-17 18:00:00,2026-06-01 18:00:00,17:00,TRANSFERENCIA,CONFIRMADA,8,Uñas esculturales forma cuadrada,Uñas esculturales,350.0,2hrs,2026-07-29 22:27:06.878104
217,9,2026-06-18 12:00:00,2026-07-20 02:20:20.361000,15:00,TRANSFERENCIA,COMPLETADA,2,Laminado de cejas básico,Laminado de cejas,270.0,1h,2026-03-09 22:57:04.462000
3676,1424,2026-06-18 18:00:00,2026-06-04 18:00:00,09:00,TRANSFERENCIA,CONFIRMADA,12,Pedicura macro clásica,Pedicura Macro,320.0,1h 30min,2026-07-29 22:27:30.658333
3703,,2026-06-18 18:00:00,2026-06-05 18:00:00,17:00,EFECTIVO,CONFIRMADA,6,Uñas esculturales forma almendra ,Uñas esculturales,380.0,2 hrs,
4711,1497,2026-06-19 18:00:00,2026-05-22 18:00:00,13:00,TARJETA,CANCELADA,8,Uñas esculturales forma cuadrada,Uñas esculturales,350.0,2hrs,2026-07-29 22:27:50.608683
4746,1286,2026-06-19 18:00:00,2026-05-28 18:00:00,15:00,TARJETA,CONFIRMADA,13,Pedicura en seco básica,Pedicura en seco terminado spa,300.0,1h 15min,2026-07-29 22:26:52.931779
3497,1443,2026-06-19 18:00:00,2026-06-13 18:00:00,13:00,TRANSFERENCIA,CONFIRMADA,9,Laminado + depilación,Laminado de cejas,380.0,1h 30min,2026-07-29 22:27:35.731237
3498,1291,2026-06-19 18:00:00,2026-06-15 18:00:00,17:00,TRANSFERENCIA,CONFIRMADA,4,Polygel forma coffin ,Uñas polygel,400.0,2h 30min,2026-07-29 22:26:54.263571
3619,1311,2026-06-19 18:00:00,2026-06-07 18:00:00,17:00,TARJETA,CONFIRMADA,3,Baño acrílico clásico,Baño de acrílico,200.0,1h,2026-07-29 22:26:59.657682
4499,1280,2026-06-19 18:00:00,2026-05-24 18:00:00,11:00,TARJETA,CONFIRMADA,12,Pedicura macro clásica,Pedicura Macro,320.0,1h 30min,2026-07-29 22:26:51.319857
4941,1284,2026-06-19 18:00:00,2026-05-21 18:00:00,13:00,TRANSFERENCIA,CONFIRMADA,8,Uñas esculturales forma cuadrada,Uñas esculturales,350.0,2hrs,2026-07-29 22:26:52.394271
3681,1444,2026-06-19 18:00:00,2026-06-14 18:00:00,09:00,TARJETA,CANCELADA,3,Baño acrílico clásico,Baño de acrílico,200.0,1h,2026-07-29 22:27:35.997836
4989,,2026-06-19 18:00:00,2026-06-08 18:00:00,17:00,EFECTIVO,CANCELADA,11,Pedicura spa clásica ,Pedicura spa,280.0,1h 30min,
4254,1245,2026-06-19 18:00:00,2026-06-12 18:00:00,09:00,TRANSFERENCIA,CANCELADA,13,Pedicura en seco básica,Pedicura en seco terminado spa,300.0,1h 15min,2026-07-29 22:26:41.870244
4418,1482,2026-06-19 18:00:00,2026-05-17 18:00:00,17:00,TRANSFERENCIA,CONFIRMADA,4,Polygel forma coffin ,Uñas polygel,400.0,2h 30min,2026-07-29 22:27:46.602817
5141,1519,2026-06-20 18:00:00,2026-05-17 18:00:00,13:00,TARJETA,CONFIRMADA,6,Uñas esculturales forma almendra ,Uñas esculturales,380.0,2 hrs,2026-07-29 22:27:56.791372
3301,1518,2026-06-20 18:00:00,2026-05-29 18:00:00,11:00,TRANSFERENCIA,CONFIRMADA,9,Laminado + depilación,Laminado de cejas,380.0,1h 30min,2026-07-29 22:27:56.524304
4148,1251,2026-06-20 18:00:00,2026-06-01 18:00:00,09:00,TARJETA,CONFIRMADA,5,Softgel natural,Uñas Softgel,300.0,1h 30min,2026-07-29 22:26:43.473866
3402,1268,2026-06-20 18:00:00,2026-05-24 18:00:00,09:00,TARJETA,CANCELADA,11,Pedicura spa clásica ,Pedicura spa,280.0,1h 30min,2026-07-29 22:26:48.107787
3913,1220,2026-06-20 18:00:00,2026-06-12 18:00:00,13:00,TRANSFERENCIA,CONFIRMADA,11,Pedicura spa clásica ,Pedicura spa,280.0,1h 30min,2026-07-29 22:26:34.891352
4487,1286,2026-06-20 18:00:00,2026-05-28 18:00:00,13:00,TRANSFERENCIA,CONFIRMADA,6,Uñas esculturales forma almendra ,Uñas esculturales,380.0,2 hrs,2026-07-29 22:26:52.931779
4054,1247,2026-06-20 18:00:00,2026-06-17 18:00:00,13:00,TARJETA,CONFIRMADA,2,Laminado de cejas básico,Laminado de cejas,270.0,1h,2026-07-29 22:26:42.404566
4506,1268,2026-06-20 18:00:00,2026-05-31 18:00:00,09:00,TARJETA,CANCELADA,2,Laminado de cejas básico,Laminado de cejas,270.0,1h,2026-07-29 22:26:48.107787
5136,1376,2026-06-20 18:00:00,2026-06-09 18:00:00,17:00,TRANSFERENCIA,CANCELADA,5,Softgel natural,Uñas Softgel,300.0,1h 30min,2026-07-29 22:27:17.082953
5066,1262,2026-06-20 18:00:00,2026-05-22 18:00:00,11:00,TARJETA,CONFIRMADA,11,Pedicura spa clásica ,Pedicura spa,280.0,1h 30min,2026-07-29 22:26:46.477301
5074,1517,2026-06-20 18:00:00,2026-06-20 18:00:00,13:00,TRANSFERENCIA,CONFIRMADA,9,Laminado + depilación,Laminado de cejas,380.0,1h 30min,2026-07-29 22:27:56.255876
4294,1509,2026-06-20 18:00:00,2026-05-27 18:00:00,17:00,TRANSFERENCIA,CANCELADA,12,Pedicura macro clásica,Pedicura Macro,320.0,1h 30min,2026-07-29 22:27:53.817578
3654,1348,2026-06-20 18:00:00,2026-06-02 18:00:00,13:00,TRANSFERENCIA,CONFIRMADA,8,Uñas esculturales forma cuadrada,Uñas esculturales,350.0,2hrs,2026-07-29 22:27:09.547227
666,6,2026-06-22 12:00:00,2026-07-20 02:20:23.777000,17:00,EFECTIVO,CANCELADA,3,Baño acrílico clásico,Baño de acrílico,200.0,1h,2026-03-07 23:37:37.183000
4036,1384,2026-06-22 18:00:00,2026-06-20 18:00:00,13:00,TRANSFERENCIA,CONFIRMADA,2,Laminado de cejas básico,Laminado de cejas,270.0,1h,2026-07-29 22:27:19.231557
4261,1286,2026-06-22 18:00:00,2026-06-18 18:00:00,15:00,TARJETA,CONFIRMADA,10,Lash lifting clásico,Lash lifting,350.0,1h,2026-07-29 22:26:52.931779
3806,1422,2026-06-22 18:00:00,2026-05-22 18:00:00,15:00,TRANSFERENCIA,CONFIRMADA,5,Softgel natural,Uñas Softgel,300.0,1h 30min,2026-07-29 22:27:30.125311
4510,1486,2026-06-22 18:00:00,2026-05-29 18:00:00,09:00,TARJETA,CANCELADA,5,Softgel natural,Uñas Softgel,300.0,1h 30min,2026-07-29 22:27:47.670694
4177,1275,2026-06-22 18:00:00,2026-06-02 18:00:00,17:00,TRANSFERENCIA,CONFIRMADA,13,Pedicura en seco básica,Pedicura en seco terminado spa,300.0,1h 15min,2026-07-29 22:26:49.982876
5065,1412,2026-06-22 18:00:00,2026-06-10 18:00:00,13:00,TRANSFERENCIA,CONFIRMADA,3,Baño acrílico clásico,Baño de acrílico,200.0,1h,2026-07-29 22:27:27.115180
4966,1275,2026-06-22 18:00:00,2026-06-14 18:00:00,09:00,TARJETA,CANCELADA,5,Softgel natural,Uñas Softgel,300.0,1h 30min,2026-07-29 22:26:49.982876
3562,1287,2026-06-22 18:00:00,2026-05-31 18:00:00,15:00,TARJETA,CONFIRMADA,12,Pedicura macro clásica,Pedicura Macro,320.0,1h 30min,2026-07-29 22:26:53.197711
4124,1411,2026-06-22 18:00:00,2026-06-12 18:00:00,15:00,TARJETA,CONFIRMADA,8,Uñas esculturales forma cuadrada,Uñas esculturales,350.0,2hrs,2026-07-29 22:27:26.568072
3304,1224,2026-06-22 18:00:00,2026-05-22 18:00:00,17:00,TARJETA,CONFIRMADA,6,Uñas esculturales forma almendra ,Uñas esculturales,380.0,2 hrs,2026-07-29 22:26:35.960494
3381,1297,2026-06-22 18:00:00,2026-05-18 18:00:00,13:00,TARJETA,CANCELADA,10,Lash lifting clásico,Lash lifting,350.0,1h,2026-07-29 22:26:55.868864
4880,1485,2026-06-22 18:00:00,2026-06-17 18:00:00,17:00,TARJETA,CANCELADA,3,Baño acrílico clásico,Baño de acrílico,200.0,1h,2026-07-29 22:27:47.402601
4583,1462,2026-06-23 18:00:00,2026-06-20 18:00:00,11:00,TARJETA,CONFIRMADA,13,Pedicura en seco básica,Pedicura en seco terminado spa,300.0,1h 15min,2026-07-29 22:27:40.799967
4004,1456,2026-06-23 18:00:00,2026-05-24 18:00:00,11:00,TRANSFERENCIA,CONFIRMADA,2,Laminado de cejas básico,Laminado de cejas,270.0,1h,2026-07-29 22:27:39.197474
3194,1319,2026-06-23 18:00:00,2026-06-13 18:00:00,09:00,TARJETA,CANCELADA,8,Uñas esculturales forma cuadrada,Uñas esculturales,350.0,2hrs,2026-07-29 22:27:01.792669
4600,1514,2026-06-23 18:00:00,2026-06-06 18:00:00,15:00,TRANSFERENCIA,CANCELADA,5,Softgel natural,Uñas Softgel,300.0,1h 30min,2026-07-29 22:27:55.154924
4907,1284,2026-06-23 18:00:00,2026-05-21 18:00:00,15:00,TARJETA,CONFIRMADA,10,Lash lifting clásico,Lash lifting,350.0,1h,2026-07-29 22:26:52.394271
3864,1229,2026-06-23 18:00:00,2026-05-19 18:00:00,09:00,TARJETA,CANCELADA,2,Laminado de cejas básico,Laminado de cejas,270.0,1h,2026-07-29 22:26:37.296512
4536,1397,2026-06-24 18:00:00,2026-05-27 18:00:00,15:00,TARJETA,CANCELADA,8,Uñas esculturales forma cuadrada,Uñas esculturales,350.0,2hrs,2026-07-29 22:27:22.716820
3254,1518,2026-06-24 18:00:00,2026-06-19 18:00:00,11:00,TARJETA,CONFIRMADA,11,Pedicura spa clásica ,Pedicura spa,280.0,1h 30min,2026-07-29 22:27:56.524304
4778,1320,2026-06-24 18:00:00,2026-05-20 18:00:00,11:00,TARJETA,CONFIRMADA,6,Uñas esculturales forma almendra ,Uñas esculturales,380.0,2 hrs,2026-07-29 22:27:02.061316
3705,1274,2026-06-24 18:00:00,2026-06-16 18:00:00,09:00,TARJETA,CANCELADA,9,Laminado + depilación,Laminado de cejas,380.0,1h 30min,2026-07-29 22:26:49.715855
4740,1296,2026-06-24 18:00:00,2026-05-24 18:00:00,15:00,TARJETA,CONFIRMADA,5,Softgel natural,Uñas Softgel,300.0,1h 30min,2026-07-29 22:26:55.600356
3314,1302,2026-06-25 18:00:00,2026-06-07 18:00:00,17:00,TRANSFERENCIA,CANCELADA,2,Laminado de cejas básico,Laminado de cejas,270.0,1h,2026-07-29 22:26:57.207498
3572,1493,2026-06-25 18:00:00,2026-05-24 18:00:00,17:00,TARJETA,CONFIRMADA,2,Laminado de cejas básico,Laminado de cejas,270.0,1h,2026-07-29 22:27:49.543315
4887,1395,2026-06-25 18:00:00,2026-06-02 18:00:00,17:00,TARJETA,CANCELADA,9,Laminado + depilación,Laminado de cejas,380.0,1h 30min,2026-07-29 22:27:22.182588
4167,,2026-06-25 18:00:00,2026-06-23 18:00:00,11:00,TARJETA,CONFIRMADA,5,Softgel natural,Uñas Softgel,300.0,1h 30min,
3713,1420,2026-06-25 18:00:00,2026-06-24 18:00:00,15:00,TARJETA,CONFIRMADA,3,Baño acrílico clásico,Baño de acrílico,200.0,1h,2026-07-29 22:27:29.536267
3777,1267,2026-06-25 18:00:00,2026-06-23 18:00:00,11:00,TARJETA,CONFIRMADA,9,Laminado + depilación,Laminado de cejas,380.0,1h 30min,2026-07-29 22:26:47.814781
4816,1515,2026-06-25 18:00:00,2026-06-23 18:00:00,13:00,TRANSFERENCIA,CONFIRMADA,9,Laminado + depilación,Laminado de cejas,380.0,1h 30min,2026-07-29 22:27:55.720694
4771,1401,2026-06-25 18:00:00,2026-06-25 18:00:00,13:00,TARJETA,CONFIRMADA,12,Pedicura macro clásica,Pedicura Macro,320.0,1h 30min,2026-07-29 22:27:23.782621
4893,1266,2026-06-26 18:00:00,2026-06-24 18:00:00,17:00,TARJETA,CONFIRMADA,11,Pedicura spa clásica ,Pedicura spa,280.0,1h 30min,2026-07-29 22:26:47.548748
4783,1386,2026-06-26 18:00:00,2026-06-24 18:00:00,17:00,TARJETA,CONFIRMADA,13,Pedicura en seco básica,Pedicura en seco terminado spa,300.0,1h 15min,2026-07-29 22:27:19.764470
3679,1373,2026-06-26 18:00:00,2026-06-11 18:00:00,15:00,TRANSFERENCIA,CANCELADA,9,Laminado + depilación,Laminado de cejas,380.0,1h 30min,2026-07-29 22:27:16.281370
5041,1493,2026-06-26 18:00:00,2026-06-17 18:00:00,09:00,TRANSFERENCIA,CONFIRMADA,5,Softgel natural,Uñas Softgel,300.0,1h 30min,2026-07-29 22:27:49.543315
4280,1473,2026-06-26 18:00:00,2026-06-21 18:00:00,13:00,TRANSFERENCIA,CONFIRMADA,2,Laminado de cejas básico,Laminado de cejas,270.0,1h,2026-07-29 22:27:44.155196
3172,1351,2026-06-26 18:00:00,2026-05-26 18:00:00,17:00,TRANSFERENCIA,CANCELADA,13,Pedicura en seco básica,Pedicura en seco terminado spa,300.0,1h 15min,2026-07-29 22:27:10.349870
4349,1320,2026-06-27 18:00:00,2026-06-17 18:00:00,17:00,TRANSFERENCIA,CONFIRMADA,9,Laminado + depilación,Laminado de cejas,380.0,1h 30min,2026-07-29 22:27:02.061316
3182,1347,2026-06-27 18:00:00,2026-06-26 18:00:00,13:00,TARJETA,CONFIRMADA,8,Uñas esculturales forma cuadrada,Uñas esculturales,350.0,2hrs,2026-07-29 22:27:09.280751
3455,1447,2026-06-27 18:00:00,2026-06-19 18:00:00,17:00,TRANSFERENCIA,CONFIRMADA,8,Uñas esculturales forma cuadrada,Uñas esculturales,350.0,2hrs,2026-07-29 22:27:36.796818
5062,,2026-06-27 18:00:00,2026-06-25 18:00:00,17:00,EFECTIVO,CONFIRMADA,4,Polygel forma coffin ,Uñas polygel,400.0,2h 30min,
3578,1447,2026-06-27 18:00:00,2026-06-11 18:00:00,17:00,TRANSFERENCIA,CONFIRMADA,12,Pedicura macro clásica,Pedicura Macro,320.0,1h 30min,2026-07-29 22:27:36.796818
3485,1509,2026-06-27 18:00:00,2026-06-07 18:00:00,15:00,TARJETA,CANCELADA,11,Pedicura spa clásica ,Pedicura spa,280.0,1h 30min,2026-07-29 22:27:53.817578
4793,1280,2026-06-27 18:00:00,2026-06-25 18:00:00,13:00,TRANSFERENCIA,CONFIRMADA,6,Uñas esculturales forma almendra ,Uñas esculturales,380.0,2 hrs,2026-07-29 22:26:51.319857
4782,1374,2026-06-27 18:00:00,2026-05-25 18:00:00,17:00,TRANSFERENCIA,CONFIRMADA,5,Softgel natural,Uñas Softgel,300.0,1h 30min,2026-07-29 22:27:16.547357
3919,,2026-06-27 18:00:00,2026-06-04 18:00:00,11:00,EFECTIVO,CANCELADA,3,Baño acrílico clásico,Baño de acrílico,200.0,1h,
4766,,2026-06-27 18:00:00,2026-06-09 18:00:00,09:00,EFECTIVO,CANCELADA,10,Lash lifting clásico,Lash lifting,350.0,1h,
4470,1492,2026-06-29 18:00:00,2026-06-21 18:00:00,11:00,TARJETA,CONFIRMADA,8,Uñas esculturales forma cuadrada,Uñas esculturales,350.0,2hrs,2026-07-29 22:27:49.275703
4011,1395,2026-06-29 18:00:00,2026-05-29 18:00:00,11:00,TARJETA,CONFIRMADA,2,Laminado de cejas básico,Laminado de cejas,270.0,1h,2026-07-29 22:27:22.182588
3284,1497,2026-06-29 18:00:00,2026-06-06 18:00:00,11:00,TARJETA,CONFIRMADA,6,Uñas esculturales forma almendra ,Uñas esculturales,380.0,2 hrs,2026-07-29 22:27:50.608683
4138,1394,2026-06-29 18:00:00,2026-06-15 18:00:00,17:00,TARJETA,CONFIRMADA,5,Softgel natural,Uñas Softgel,300.0,1h 30min,2026-07-29 22:27:21.916669
4255,1209,2026-06-29 18:00:00,2026-06-06 18:00:00,15:00,TARJETA,CONFIRMADA,10,Lash lifting clásico,Lash lifting,350.0,1h,2026-07-29 22:26:31.949502
4198,1406,2026-06-29 18:00:00,2026-05-31 18:00:00,11:00,TRANSFERENCIA,CANCELADA,12,Pedicura macro clásica,Pedicura Macro,320.0,1h 30min,2026-07-29 22:27:25.113599
3375,1448,2026-06-29 18:00:00,2026-06-23 18:00:00,17:00,TARJETA,CONFIRMADA,11,Pedicura spa clásica ,Pedicura spa,280.0,1h 30min,2026-07-29 22:27:37.064339
4703,1473,2026-06-29 18:00:00,2026-06-03 18:00:00,17:00,TARJETA,CONFIRMADA,9,Laminado + depilación,Laminado de cejas,380.0,1h 30min,2026-07-29 22:27:44.155196
5002,1495,2026-06-29 18:00:00,2026-05-29 18:00:00,17:00,TARJETA,CONFIRMADA,9,Laminado + depilación,Laminado de cejas,380.0,1h 30min,2026-07-29 22:27:50.076177
3426,,2026-06-29 18:00:00,2026-06-15 18:00:00,11:00,EFECTIVO,CONFIRMADA,6,Uñas esculturales forma almendra ,Uñas esculturales,380.0,2 hrs,
3925,1262,2026-06-29 18:00:00,2026-05-27 18:00:00,15:00,TARJETA,CANCELADA,6,Uñas esculturales forma almendra ,Uñas esculturales,380.0,2 hrs,2026-07-29 22:26:46.477301
3791,1382,2026-06-29 18:00:00,2026-06-25 18:00:00,13:00,TARJETA,CONFIRMADA,12,Pedicura macro clásica,Pedicura Macro,320.0,1h 30min,2026-07-29 22:27:18.697451
3320,1386,2026-06-29 18:00:00,2026-06-10 18:00:00,15:00,TRANSFERENCIA,CONFIRMADA,4,Polygel forma coffin ,Uñas polygel,400.0,2h 30min,2026-07-29 22:27:19.764470
4692,1299,2026-06-29 18:00:00,2026-06-16 18:00:00,13:00,TARJETA,CONFIRMADA,10,Lash lifting clásico,Lash lifting,350.0,1h,2026-07-29 22:26:56.403473
3743,,2026-06-29 18:00:00,2026-06-24 18:00:00,11:00,TARJETA,CONFIRMADA,2,Laminado de cejas básico,Laminado de cejas,270.0,1h,
4814,1446,2026-06-29 18:00:00,2026-06-17 18:00:00,17:00,TRANSFERENCIA,CONFIRMADA,11,Pedicura spa clásica ,Pedicura spa,280.0,1h 30min,2026-07-29 22:27:36.531878
5033,1415,2026-06-29 18:00:00,2026-06-14 18:00:00,09:00,TARJETA,CONFIRMADA,4,Polygel forma coffin ,Uñas polygel,400.0,2h 30min,2026-07-29 22:27:28.197749
3241,1376,2026-06-29 18:00:00,2026-06-25 18:00:00,15:00,TRANSFERENCIA,CONFIRMADA,13,Pedicura en seco básica,Pedicura en seco terminado spa,300.0,1h 15min,2026-07-29 22:27:17.082953
3903,1292,2026-06-29 18:00:00,2026-05-30 18:00:00,17:00,TARJETA,CONFIRMADA,5,Softgel natural,Uñas Softgel,300.0,1h 30min,2026-07-29 22:26:54.530407
3543,1282,2026-06-30 18:00:00,2026-06-08 18:00:00,13:00,TARJETA,CONFIRMADA,3,Baño acrílico clásico,Baño de acrílico,200.0,1h,2026-07-29 22:26:51.861513
3552,1401,2026-06-30 18:00:00,2026-06-25 18:00:00,13:00,TARJETA,CANCELADA,8,Uñas esculturales forma cuadrada,Uñas esculturales,350.0,2hrs,2026-07-29 22:27:23.782621
4710,1450,2026-06-30 18:00:00,2026-06-24 18:00:00,17:00,TARJETA,CONFIRMADA,13,Pedicura en seco básica,Pedicura en seco terminado spa,300.0,1h 15min,2026-07-29 22:27:37.599805
3226,1233,2026-06-30 18:00:00,2026-06-19 18:00:00,09:00,TARJETA,CONFIRMADA,11,Pedicura spa clásica ,Pedicura spa,280.0,1h 30min,2026-07-29 22:26:38.368030
4137,1461,2026-06-30 18:00:00,2026-05-29 18:00:00,15:00,TARJETA,CANCELADA,4,Polygel forma coffin ,Uñas polygel,400.0,2h 30min,2026-07-29 22:27:40.533740
5056,1365,2026-06-30 18:00:00,2026-06-14 18:00:00,15:00,TRANSFERENCIA,CONFIRMADA,11,Pedicura spa clásica ,Pedicura spa,280.0,1h 30min,2026-07-29 22:27:14.086840
4033,1242,2026-06-30 18:00:00,2026-05-31 18:00:00,13:00,TRANSFERENCIA,CONFIRMADA,4,Polygel forma coffin ,Uñas polygel,400.0,2h 30min,2026-07-29 22:26:40.774259
3735,1486,2026-06-30 18:00:00,2026-05-31 18:00:00,17:00,TARJETA,CONFIRMADA,3,Baño acrílico clásico,Baño de acrílico,200.0,1h,2026-07-29 22:27:47.670694
3446,1475,2026-06-30 18:00:00,2026-06-22 18:00:00,15:00,TARJETA,CONFIRMADA,12,Pedicura macro clásica,Pedicura Macro,320.0,1h 30min,2026-07-29 22:27:44.683786
4588,1407,2026-06-30 18:00:00,2026-06-30 18:00:00,11:00,TRANSFERENCIA,CONFIRMADA,9,Laminado + depilación,Laminado de cejas,380.0,1h 30min,2026-07-29 22:27:25.500265
24,5,2026-06-30 19:30:00,2026-06-30 18:57:27.990000,19:30,TRANSFERENCIA,CONFIRMADA,2,Laminado de cejas básico,Laminado de cejas,270.0,1h,2026-03-07 23:35:18.791000
23,5,2026-06-30 21:00:00,2026-06-28 05:36:15.486000,15:00,TRANSFERENCIA,PENDIENTE,9,Laminado + depilación,Laminado de cejas,380.0,1h 30min,2026-03-07 23:35:18.791000
25,5,2026-07-01 10:00:00,2026-07-01 04:39:20.818000,10:00,TRANSFERENCIA,CONFIRMADA,11,Pedicura spa clásica ,Pedicura spa,280.0,1h 30min,2026-03-07 23:35:18.791000
4967,1389,2026-07-01 18:00:00,2026-06-29 18:00:00,17:00,TARJETA,CONFIRMADA,5,Softgel natural,Uñas Softgel,300.0,1h 30min,2026-07-29 22:27:20.569096
4822,1390,2026-07-01 18:00:00,2026-06-02 18:00:00,09:00,TRANSFERENCIA,CANCELADA,6,Uñas esculturales forma almendra ,Uñas esculturales,380.0,2 hrs,2026-07-29 22:27:20.836618
4018,,2026-07-01 18:00:00,2026-06-24 18:00:00,17:00,EFECTIVO,CONFIRMADA,12,Pedicura macro clásica,Pedicura Macro,320.0,1h 30min,
3391,,2026-07-01 18:00:00,2026-06-05 18:00:00,17:00,TARJETA,CONFIRMADA,13,Pedicura en seco básica,Pedicura en seco terminado spa,300.0,1h 15min,
4665,1403,2026-07-01 18:00:00,2026-07-01 18:00:00,11:00,TARJETA,CONFIRMADA,2,Laminado de cejas básico,Laminado de cejas,270.0,1h,2026-07-29 22:27:24.311489
3359,,2026-07-01 18:00:00,2026-06-05 18:00:00,11:00,TARJETA,CONFIRMADA,13,Pedicura en seco básica,Pedicura en seco terminado spa,300.0,1h 15min,
3945,1233,2026-07-01 18:00:00,2026-06-20 18:00:00,17:00,TRANSFERENCIA,CONFIRMADA,5,Softgel natural,Uñas Softgel,300.0,1h 30min,2026-07-29 22:26:38.368030
3976,1332,2026-07-02 18:00:00,2026-06-25 18:00:00,17:00,TRANSFERENCIA,CONFIRMADA,5,Softgel natural,Uñas Softgel,300.0,1h 30min,2026-07-29 22:27:05.264636
4622,1289,2026-07-02 18:00:00,2026-06-25 18:00:00,09:00,TRANSFERENCIA,CONFIRMADA,8,Uñas esculturales forma cuadrada,Uñas esculturales,350.0,2hrs,2026-07-29 22:26:53.732293
3757,1229,2026-07-02 18:00:00,2026-06-25 18:00:00,13:00,TARJETA,CONFIRMADA,4,Polygel forma coffin ,Uñas polygel,400.0,2h 30min,2026-07-29 22:26:37.296512
4708,1410,2026-07-02 18:00:00,2026-05-31 18:00:00,11:00,TRANSFERENCIA,CONFIRMADA,5,Softgel natural,Uñas Softgel,300.0,1h 30min,2026-07-29 22:27:26.302776
3348,1445,2026-07-03 18:00:00,2026-05-30 18:00:00,15:00,TRANSFERENCIA,CONFIRMADA,6,Uñas esculturales forma almendra ,Uñas esculturales,380.0,2 hrs,2026-07-29 22:27:36.264836
4142,1263,2026-07-03 18:00:00,2026-06-14 18:00:00,15:00,TARJETA,CANCELADA,3,Baño acrílico clásico,Baño de acrílico,200.0,1h,2026-07-29 22:26:46.743880
5011,1323,2026-07-03 18:00:00,2026-06-19 18:00:00,15:00,TARJETA,CONFIRMADA,2,Laminado de cejas básico,Laminado de cejas,270.0,1h,2026-07-29 22:27:02.862022
4051,1266,2026-07-03 18:00:00,2026-06-28 18:00:00,15:00,TARJETA,CONFIRMADA,11,Pedicura spa clásica ,Pedicura spa,280.0,1h 30min,2026-07-29 22:26:47.548748
4155,1334,2026-07-03 18:00:00,2026-06-24 18:00:00,11:00,TARJETA,CONFIRMADA,3,Baño acrílico clásico,Baño de acrílico,200.0,1h,2026-07-29 22:27:05.801696
4974,1415,2026-07-03 18:00:00,2026-06-23 18:00:00,09:00,TRANSFERENCIA,CONFIRMADA,4,Polygel forma coffin ,Uñas polygel,400.0,2h 30min,2026-07-29 22:27:28.197749
3341,1315,2026-07-03 18:00:00,2026-06-24 18:00:00,11:00,TARJETA,CONFIRMADA,4,Polygel forma coffin ,Uñas polygel,400.0,2h 30min,2026-07-29 22:27:00.724138
4582,1358,2026-07-03 18:00:00,2026-06-07 18:00:00,15:00,TARJETA,CONFIRMADA,9,Laminado + depilación,Laminado de cejas,380.0,1h 30min,2026-07-29 22:27:12.220366
4891,1456,2026-07-03 18:00:00,2026-06-20 18:00:00,13:00,TRANSFERENCIA,CONFIRMADA,6,Uñas esculturales forma almendra ,Uñas esculturales,380.0,2 hrs,2026-07-29 22:27:39.197474
4106,,2026-07-03 18:00:00,2026-06-23 18:00:00,11:00,EFECTIVO,CONFIRMADA,13,Pedicura en seco básica,Pedicura en seco terminado spa,300.0,1h 15min,
3608,,2026-07-03 18:00:00,2026-05-29 18:00:00,15:00,EFECTIVO,CONFIRMADA,3,Baño acrílico clásico,Baño de acrílico,200.0,1h,
3458,1447,2026-07-04 18:00:00,2026-06-04 18:00:00,09:00,TRANSFERENCIA,CONFIRMADA,10,Lash lifting clásico,Lash lifting,350.0,1h,2026-07-29 22:27:36.796818
4405,1399,2026-07-04 18:00:00,2026-06-13 18:00:00,09:00,TRANSFERENCIA,CANCELADA,5,Softgel natural,Uñas Softgel,300.0,1h 30min,2026-07-29 22:27:23.250454
4247,1489,2026-07-04 18:00:00,2026-06-01 18:00:00,11:00,TARJETA,CONFIRMADA,6,Uñas esculturales forma almendra ,Uñas esculturales,380.0,2 hrs,2026-07-29 22:27:48.474297
4676,1295,2026-07-04 18:00:00,2026-06-20 18:00:00,11:00,TARJETA,CONFIRMADA,10,Lash lifting clásico,Lash lifting,350.0,1h,2026-07-29 22:26:55.332162
3530,1338,2026-07-04 18:00:00,2026-05-31 18:00:00,11:00,TARJETA,CONFIRMADA,12,Pedicura macro clásica,Pedicura Macro,320.0,1h 30min,2026-07-29 22:27:06.878104
4014,1487,2026-07-06 18:00:00,2026-06-09 18:00:00,15:00,TARJETA,CONFIRMADA,8,Uñas esculturales forma cuadrada,Uñas esculturales,350.0,2hrs,2026-07-29 22:27:47.936136
3331,1266,2026-07-06 18:00:00,2026-06-11 18:00:00,17:00,TARJETA,CONFIRMADA,2,Laminado de cejas básico,Laminado de cejas,270.0,1h,2026-07-29 22:26:47.548748
4768,1441,2026-07-06 18:00:00,2026-06-24 18:00:00,17:00,TARJETA,CANCELADA,8,Uñas esculturales forma cuadrada,Uñas esculturales,350.0,2hrs,2026-07-29 22:27:35.199248
5001,1382,2026-07-06 18:00:00,2026-06-22 18:00:00,09:00,TRANSFERENCIA,CONFIRMADA,8,Uñas esculturales forma cuadrada,Uñas esculturales,350.0,2hrs,2026-07-29 22:27:18.697451
3845,1369,2026-07-06 18:00:00,2026-06-18 18:00:00,13:00,TARJETA,CONFIRMADA,3,Baño acrílico clásico,Baño de acrílico,200.0,1h,2026-07-29 22:27:15.210352
4541,1479,2026-07-06 18:00:00,2026-06-08 18:00:00,17:00,TRANSFERENCIA,CANCELADA,11,Pedicura spa clásica ,Pedicura spa,280.0,1h 30min,2026-07-29 22:27:45.796937
4787,1379,2026-07-06 18:00:00,2026-06-22 18:00:00,17:00,TRANSFERENCIA,CONFIRMADA,12,Pedicura macro clásica,Pedicura Macro,320.0,1h 30min,2026-07-29 22:27:17.893997
3489,1363,2026-07-06 18:00:00,2026-07-02 18:00:00,09:00,TRANSFERENCIA,CONFIRMADA,11,Pedicura spa clásica ,Pedicura spa,280.0,1h 30min,2026-07-29 22:27:13.553758
4088,1469,2026-07-06 18:00:00,2026-06-24 18:00:00,11:00,TARJETA,CONFIRMADA,4,Polygel forma coffin ,Uñas polygel,400.0,2h 30min,2026-07-29 22:27:42.667831
4500,1336,2026-07-06 18:00:00,2026-06-25 18:00:00,17:00,TARJETA,CONFIRMADA,11,Pedicura spa clásica ,Pedicura spa,280.0,1h 30min,2026-07-29 22:27:06.335638
3571,1404,2026-07-06 18:00:00,2026-06-29 18:00:00,17:00,TRANSFERENCIA,CONFIRMADA,12,Pedicura macro clásica,Pedicura Macro,320.0,1h 30min,2026-07-29 22:27:24.579439
3468,1390,2026-07-06 18:00:00,2026-06-04 18:00:00,15:00,TRANSFERENCIA,CANCELADA,13,Pedicura en seco básica,Pedicura en seco terminado spa,300.0,1h 15min,2026-07-29 22:27:20.836618
3377,1344,2026-07-06 18:00:00,2026-07-06 18:00:00,17:00,TARJETA,CONFIRMADA,10,Lash lifting clásico,Lash lifting,350.0,1h,2026-07-29 22:27:08.477626
4980,1520,2026-07-06 18:00:00,2026-06-07 18:00:00,17:00,TARJETA,CONFIRMADA,6,Uñas esculturales forma almendra ,Uñas esculturales,380.0,2 hrs,2026-07-29 22:27:57.057299
3638,1346,2026-07-06 18:00:00,2026-06-20 18:00:00,09:00,TARJETA,CANCELADA,4,Polygel forma coffin ,Uñas polygel,400.0,2h 30min,2026-07-29 22:27:09.012255
3639,1499,2026-07-06 18:00:00,2026-06-07 18:00:00,11:00,TARJETA,CANCELADA,5,Softgel natural,Uñas Softgel,300.0,1h 30min,2026-07-29 22:27:51.140174
3653,1246,2026-07-06 18:00:00,2026-06-04 18:00:00,11:00,TARJETA,CONFIRMADA,12,Pedicura macro clásica,Pedicura Macro,320.0,1h 30min,2026-07-29 22:26:42.137262
3696,1452,2026-07-06 18:00:00,2026-07-02 18:00:00,11:00,TARJETA,CONFIRMADA,5,Softgel natural,Uñas Softgel,300.0,1h 30min,2026-07-29 22:27:38.130399
3202,1375,2026-07-06 18:00:00,2026-06-20 18:00:00,11:00,TRANSFERENCIA,CONFIRMADA,13,Pedicura en seco básica,Pedicura en seco terminado spa,300.0,1h 15min,2026-07-29 22:27:16.813876
4601,1312,2026-07-06 18:00:00,2026-06-02 18:00:00,15:00,TARJETA,CONFIRMADA,9,Laminado + depilación,Laminado de cejas,380.0,1h 30min,2026-07-29 22:26:59.924427
28,24,2026-07-07 13:00:00,2026-07-07 06:00:25.232000,13:00,TRANSFERENCIA,PENDIENTE,9,Laminado + depilación,Laminado de cejas,380.0,1h 30min,2026-07-07 05:20:37.047054
3510,1349,2026-07-07 18:00:00,2026-06-19 18:00:00,11:00,TARJETA,CONFIRMADA,4,Polygel forma coffin ,Uñas polygel,400.0,2h 30min,2026-07-29 22:27:09.816414
4459,1496,2026-07-07 18:00:00,2026-07-07 18:00:00,11:00,TARJETA,CONFIRMADA,13,Pedicura en seco básica,Pedicura en seco terminado spa,300.0,1h 15min,2026-07-29 22:27:50.342204
3652,1402,2026-07-07 18:00:00,2026-07-02 18:00:00,09:00,TARJETA,CONFIRMADA,9,Laminado + depilación,Laminado de cejas,380.0,1h 30min,2026-07-29 22:27:24.046481
3902,1226,2026-07-07 18:00:00,2026-06-14 18:00:00,17:00,TRANSFERENCIA,CONFIRMADA,6,Uñas esculturales forma almendra ,Uñas esculturales,380.0,2 hrs,2026-07-29 22:26:36.493948
3723,1410,2026-07-07 18:00:00,2026-06-26 18:00:00,09:00,TARJETA,CONFIRMADA,9,Laminado + depilación,Laminado de cejas,380.0,1h 30min,2026-07-29 22:27:26.302776
29,24,2026-07-07 19:00:00,2026-07-07 06:00:54.622000,19:00,TRANSFERENCIA,FINALIZADA,2,Laminado de cejas básico,Laminado de cejas,270.0,1h,2026-07-07 05:20:37.047054
34,5,2026-07-07 19:30:00,2026-07-08 01:03:46.623000,19:30,TRANSFERENCIA,CONFIRMADA,9,Laminado + depilación,Laminado de cejas,380.0,1h 30min,2026-03-07 23:35:18.791000
30,24,2026-07-07 23:18:00,2026-07-07 06:01:19.771000,23:18,TRANSFERENCIA,PENDIENTE,12,Pedicura macro clásica,Pedicura Macro,320.0,1h 30min,2026-07-07 05:20:37.047054
4156,1462,2026-07-08 18:00:00,2026-06-04 18:00:00,13:00,TARJETA,CANCELADA,2,Laminado de cejas básico,Laminado de cejas,270.0,1h,2026-07-29 22:27:40.799967
4251,1492,2026-07-08 18:00:00,2026-06-29 18:00:00,13:00,TARJETA,CONFIRMADA,13,Pedicura en seco básica,Pedicura en seco terminado spa,300.0,1h 15min,2026-07-29 22:27:49.275703
3776,1338,2026-07-08 18:00:00,2026-06-12 18:00:00,17:00,TARJETA,CONFIRMADA,10,Lash lifting clásico,Lash lifting,350.0,1h,2026-07-29 22:27:06.878104
4468,1291,2026-07-08 18:00:00,2026-06-17 18:00:00,15:00,TRANSFERENCIA,CONFIRMADA,9,Laminado + depilación,Laminado de cejas,380.0,1h 30min,2026-07-29 22:26:54.263571
4263,1366,2026-07-08 18:00:00,2026-06-26 18:00:00,15:00,TRANSFERENCIA,CONFIRMADA,12,Pedicura macro clásica,Pedicura Macro,320.0,1h 30min,2026-07-29 22:27:14.354396
4960,1347,2026-07-08 18:00:00,2026-06-03 18:00:00,11:00,TRANSFERENCIA,CONFIRMADA,12,Pedicura macro clásica,Pedicura Macro,320.0,1h 30min,2026-07-29 22:27:09.280751
4015,1223,2026-07-08 18:00:00,2026-06-04 18:00:00,15:00,TRANSFERENCIA,CANCELADA,4,Polygel forma coffin ,Uñas polygel,400.0,2h 30min,2026-07-29 22:26:35.692893
3606,1235,2026-07-08 18:00:00,2026-06-09 18:00:00,15:00,TARJETA,CONFIRMADA,11,Pedicura spa clásica ,Pedicura spa,280.0,1h 30min,2026-07-29 22:26:38.900603
4681,1478,2026-07-08 18:00:00,2026-07-03 18:00:00,17:00,TARJETA,CONFIRMADA,12,Pedicura macro clásica,Pedicura Macro,320.0,1h 30min,2026-07-29 22:27:45.530442
157,7,2026-07-09 12:00:00,2026-07-20 02:20:19.987000,17:00,,COMPLETADA,2,Laminado de cejas básico,Laminado de cejas,270.0,1h,2026-03-07 23:51:22.616000
4594,1261,2026-07-09 18:00:00,2026-06-29 18:00:00,09:00,TRANSFERENCIA,CONFIRMADA,8,Uñas esculturales forma cuadrada,Uñas esculturales,350.0,2hrs,2026-07-29 22:26:46.211062
4343,1342,2026-07-09 18:00:00,2026-06-26 18:00:00,11:00,TRANSFERENCIA,CONFIRMADA,6,Uñas esculturales forma almendra ,Uñas esculturales,380.0,2 hrs,2026-07-29 22:27:07.945739
3475,,2026-07-09 18:00:00,2026-07-08 18:00:00,17:00,TARJETA,CONFIRMADA,2,Laminado de cejas básico,Laminado de cejas,270.0,1h,
3259,1474,2026-07-09 18:00:00,2026-06-30 18:00:00,15:00,TARJETA,CONFIRMADA,4,Polygel forma coffin ,Uñas polygel,400.0,2h 30min,2026-07-29 22:27:44.418074
4026,1344,2026-07-09 18:00:00,2026-06-10 18:00:00,13:00,TARJETA,CONFIRMADA,5,Softgel natural,Uñas Softgel,300.0,1h 30min,2026-07-29 22:27:08.477626
4616,1344,2026-07-09 18:00:00,2026-06-05 18:00:00,17:00,TARJETA,CONFIRMADA,10,Lash lifting clásico,Lash lifting,350.0,1h,2026-07-29 22:27:08.477626
165,6,2026-07-10 12:00:00,2026-07-20 02:20:19.987000,09:00,EFECTIVO,CANCELADA,10,Lash lifting clásico,Lash lifting,350.0,1h,2026-03-07 23:37:37.183000
3269,1277,2026-07-10 18:00:00,2026-06-21 18:00:00,17:00,TARJETA,CANCELADA,12,Pedicura macro clásica,Pedicura Macro,320.0,1h 30min,2026-07-29 22:26:50.518851
3415,1512,2026-07-10 18:00:00,2026-06-27 18:00:00,17:00,TARJETA,CONFIRMADA,8,Uñas esculturales forma cuadrada,Uñas esculturales,350.0,2hrs,2026-07-29 22:27:54.616307
4293,1294,2026-07-10 18:00:00,2026-06-11 18:00:00,17:00,TARJETA,CONFIRMADA,6,Uñas esculturales forma almendra ,Uñas esculturales,380.0,2 hrs,2026-07-29 22:26:55.064639
4313,1216,2026-07-10 18:00:00,2026-06-22 18:00:00,17:00,TARJETA,CONFIRMADA,2,Laminado de cejas básico,Laminado de cejas,270.0,1h,2026-07-29 22:26:33.831042
4786,1286,2026-07-10 18:00:00,2026-06-26 18:00:00,09:00,TRANSFERENCIA,CONFIRMADA,2,Laminado de cejas básico,Laminado de cejas,270.0,1h,2026-07-29 22:26:52.931779
3789,1283,2026-07-10 18:00:00,2026-07-06 18:00:00,17:00,TARJETA,CONFIRMADA,3,Baño acrílico clásico,Baño de acrílico,200.0,1h,2026-07-29 22:26:52.128022
4466,1483,2026-07-10 18:00:00,2026-06-27 18:00:00,09:00,TARJETA,CONFIRMADA,11,Pedicura spa clásica ,Pedicura spa,280.0,1h 30min,2026-07-29 22:27:46.869138
145,6,2026-07-11 12:00:00,2026-07-20 02:20:19.615000,13:00,TRANSFERENCIA,CANCELADA,4,Polygel forma coffin ,Uñas polygel,400.0,2h 30min,2026-03-07 23:37:37.183000
3429,1381,2026-07-11 18:00:00,2026-06-29 18:00:00,13:00,TARJETA,CONFIRMADA,9,Laminado + depilación,Laminado de cejas,380.0,1h 30min,2026-07-29 22:27:18.430437
3364,1334,2026-07-11 18:00:00,2026-06-25 18:00:00,09:00,TARJETA,CONFIRMADA,10,Lash lifting clásico,Lash lifting,350.0,1h,2026-07-29 22:27:05.801696
3294,1493,2026-07-11 18:00:00,2026-07-01 18:00:00,13:00,TARJETA,CONFIRMADA,8,Uñas esculturales forma cuadrada,Uñas esculturales,350.0,2hrs,2026-07-29 22:27:49.543315
3280,1282,2026-07-11 18:00:00,2026-07-06 18:00:00,15:00,TARJETA,CONFIRMADA,2,Laminado de cejas básico,Laminado de cejas,270.0,1h,2026-07-29 22:26:51.861513
4108,1422,2026-07-11 18:00:00,2026-06-17 18:00:00,13:00,TRANSFERENCIA,CONFIRMADA,5,Softgel natural,Uñas Softgel,300.0,1h 30min,2026-07-29 22:27:30.125311
3779,1259,2026-07-11 18:00:00,2026-06-07 18:00:00,17:00,TRANSFERENCIA,CONFIRMADA,9,Laminado + depilación,Laminado de cejas,380.0,1h 30min,2026-07-29 22:26:45.677615
36,6,2026-07-11 18:00:00,2026-07-11 23:14:27.016000,18:00,EFECTIVO,CANCELADA,3,Baño acrílico clásico,Baño de acrílico,200.0,1h,2026-03-07 23:37:37.183000
3787,1241,2026-07-11 18:00:00,2026-07-03 18:00:00,11:00,TARJETA,CONFIRMADA,4,Polygel forma coffin ,Uñas polygel,400.0,2h 30min,2026-07-29 22:26:40.505203
4785,1345,2026-07-11 18:00:00,2026-07-09 18:00:00,15:00,TRANSFERENCIA,CONFIRMADA,6,Uñas esculturales forma almendra ,Uñas esculturales,380.0,2 hrs,2026-07-29 22:27:08.742753
43,24,2026-07-13 12:00:00,2026-07-13 01:29:16.580000,12:00,TRANSFERENCIA,FINALIZADA,13,Pedicura en seco básica,Pedicura en seco terminado spa,300.0,1h 15min,2026-07-07 05:20:37.047054
42,24,2026-07-13 16:30:00,2026-07-13 01:28:36.059000,16:30,TRANSFERENCIA,FINALIZADA,12,Pedicura macro clásica,Pedicura Macro,320.0,1h 30min,2026-07-07 05:20:37.047054
3520,1276,2026-07-13 18:00:00,2026-07-06 18:00:00,11:00,TARJETA,CONFIRMADA,11,Pedicura spa clásica ,Pedicura spa,280.0,1h 30min,2026-07-29 22:26:50.249853
3445,1514,2026-07-13 18:00:00,2026-06-18 18:00:00,15:00,TARJETA,CANCELADA,4,Polygel forma coffin ,Uñas polygel,400.0,2h 30min,2026-07-29 22:27:55.154924
3547,1286,2026-07-13 18:00:00,2026-07-11 18:00:00,15:00,TARJETA,CONFIRMADA,4,Polygel forma coffin ,Uñas polygel,400.0,2h 30min,2026-07-29 22:26:52.931779
4268,1319,2026-07-13 18:00:00,2026-06-13 18:00:00,15:00,TARJETA,CONFIRMADA,2,Laminado de cejas básico,Laminado de cejas,270.0,1h,2026-07-29 22:27:01.792669
4972,1216,2026-07-13 18:00:00,2026-07-09 18:00:00,11:00,TARJETA,CONFIRMADA,10,Lash lifting clásico,Lash lifting,350.0,1h,2026-07-29 22:26:33.831042
5018,1233,2026-07-13 18:00:00,2026-06-16 18:00:00,13:00,TARJETA,CONFIRMADA,11,Pedicura spa clásica ,Pedicura spa,280.0,1h 30min,2026-07-29 22:26:38.368030
3368,1396,2026-07-13 18:00:00,2026-06-28 18:00:00,09:00,TARJETA,CONFIRMADA,10,Lash lifting clásico,Lash lifting,350.0,1h,2026-07-29 22:27:22.449818
4411,1278,2026-07-13 18:00:00,2026-07-09 18:00:00,09:00,TARJETA,CONFIRMADA,10,Lash lifting clásico,Lash lifting,350.0,1h,2026-07-29 22:26:50.785840
5049,1438,2026-07-13 18:00:00,2026-06-27 18:00:00,15:00,TARJETA,CONFIRMADA,8,Uñas esculturales forma cuadrada,Uñas esculturales,350.0,2hrs,2026-07-29 22:27:34.395680
3522,1251,2026-07-13 18:00:00,2026-06-23 18:00:00,13:00,TARJETA,CANCELADA,5,Softgel natural,Uñas Softgel,300.0,1h 30min,2026-07-29 22:26:43.473866
5160,1423,2026-07-13 18:00:00,2026-07-12 18:00:00,15:00,TARJETA,CONFIRMADA,11,Pedicura spa clásica ,Pedicura spa,280.0,1h 30min,2026-07-29 22:27:30.391201
3604,1407,2026-07-13 18:00:00,2026-07-07 18:00:00,15:00,TARJETA,CONFIRMADA,10,Lash lifting clásico,Lash lifting,350.0,1h,2026-07-29 22:27:25.500265
3851,1311,2026-07-13 18:00:00,2026-06-12 18:00:00,15:00,TARJETA,CANCELADA,5,Softgel natural,Uñas Softgel,300.0,1h 30min,2026-07-29 22:26:59.657682
38,24,2026-07-13 18:30:00,2026-07-13 01:26:22.334000,18:30,TRANSFERENCIA,PENDIENTE,6,Uñas esculturales forma almendra ,Uñas esculturales,380.0,2 hrs,2026-07-07 05:20:37.047054
37,24,2026-07-13 19:30:00,2026-07-13 01:25:32.782000,19:30,TRANSFERENCIA,PENDIENTE,5,Softgel natural,Uñas Softgel,300.0,1h 30min,2026-07-07 05:20:37.047054
229,23,2026-07-14 12:00:00,2026-07-20 02:20:20.361000,15:00,TARJETA,COMPLETADA,5,Softgel natural,Uñas Softgel,300.0,1h 30min,2026-04-16 02:10:54.846869
3166,1457,2026-07-14 18:00:00,2026-06-13 18:00:00,13:00,TARJETA,CONFIRMADA,12,Pedicura macro clásica,Pedicura Macro,320.0,1h 30min,2026-07-29 22:27:39.464495
4523,1416,2026-07-14 18:00:00,2026-07-09 18:00:00,09:00,TARJETA,CONFIRMADA,11,Pedicura spa clásica ,Pedicura spa,280.0,1h 30min,2026-07-29 22:27:28.464575
3270,1288,2026-07-14 18:00:00,2026-06-29 18:00:00,15:00,TRANSFERENCIA,CONFIRMADA,13,Pedicura en seco básica,Pedicura en seco terminado spa,300.0,1h 15min,2026-07-29 22:26:53.465308
4074,1439,2026-07-14 18:00:00,2026-06-24 18:00:00,17:00,TRANSFERENCIA,CONFIRMADA,4,Polygel forma coffin ,Uñas polygel,400.0,2h 30min,2026-07-29 22:27:34.662721
3427,1473,2026-07-14 18:00:00,2026-07-13 18:00:00,13:00,TARJETA,CONFIRMADA,5,Softgel natural,Uñas Softgel,300.0,1h 30min,2026-07-29 22:27:44.155196
3228,1353,2026-07-14 18:00:00,2026-06-30 18:00:00,13:00,TARJETA,CONFIRMADA,6,Uñas esculturales forma almendra ,Uñas esculturales,380.0,2 hrs,2026-07-29 22:27:10.884273
3362,1283,2026-07-14 18:00:00,2026-06-27 18:00:00,11:00,TRANSFERENCIA,CONFIRMADA,3,Baño acrílico clásico,Baño de acrílico,200.0,1h,2026-07-29 22:26:52.128022
4473,1283,2026-07-14 18:00:00,2026-06-10 18:00:00,09:00,TARJETA,CONFIRMADA,12,Pedicura macro clásica,Pedicura Macro,320.0,1h 30min,2026-07-29 22:26:52.128022
40,24,2026-07-15 13:00:00,2026-07-13 01:27:27.514000,13:00,TRANSFERENCIA,PENDIENTE,2,Laminado de cejas básico,Laminado de cejas,270.0,1h,2026-07-07 05:20:37.047054
39,24,2026-07-15 17:30:00,2026-07-13 01:27:00.482000,17:30,TRANSFERENCIA,PENDIENTE,4,Polygel forma coffin ,Uñas polygel,400.0,2h 30min,2026-07-07 05:20:37.047054
4528,1512,2026-07-15 18:00:00,2026-07-13 18:00:00,15:00,TARJETA,CONFIRMADA,2,Laminado de cejas básico,Laminado de cejas,270.0,1h,2026-07-29 22:27:54.616307
4285,1518,2026-07-15 18:00:00,2026-07-01 18:00:00,15:00,TRANSFERENCIA,CONFIRMADA,11,Pedicura spa clásica ,Pedicura spa,280.0,1h 30min,2026-07-29 22:27:56.524304
4105,1507,2026-07-15 18:00:00,2026-06-12 18:00:00,17:00,TARJETA,CONFIRMADA,6,Uñas esculturales forma almendra ,Uñas esculturales,380.0,2 hrs,2026-07-29 22:27:53.285561
3858,1460,2026-07-15 18:00:00,2026-06-14 18:00:00,11:00,TARJETA,CONFIRMADA,2,Laminado de cejas básico,Laminado de cejas,270.0,1h,2026-07-29 22:27:40.267678
4436,1515,2026-07-15 18:00:00,2026-07-01 18:00:00,11:00,TRANSFERENCIA,CONFIRMADA,13,Pedicura en seco básica,Pedicura en seco terminado spa,300.0,1h 15min,2026-07-29 22:27:55.720694
3701,,2026-07-15 18:00:00,2026-07-02 18:00:00,15:00,TARJETA,CANCELADA,8,Uñas esculturales forma cuadrada,Uñas esculturales,350.0,2hrs,
4498,1332,2026-07-15 18:00:00,2026-06-22 18:00:00,11:00,TARJETA,CONFIRMADA,12,Pedicura macro clásica,Pedicura Macro,320.0,1h 30min,2026-07-29 22:27:05.264636
4906,1275,2026-07-15 18:00:00,2026-07-15 18:00:00,09:00,TARJETA,CONFIRMADA,13,Pedicura en seco básica,Pedicura en seco terminado spa,300.0,1h 15min,2026-07-29 22:26:49.982876
3488,1228,2026-07-15 18:00:00,2026-07-05 18:00:00,11:00,TRANSFERENCIA,CANCELADA,4,Polygel forma coffin ,Uñas polygel,400.0,2h 30min,2026-07-29 22:26:37.027464
3373,1243,2026-07-15 18:00:00,2026-06-21 18:00:00,09:00,TARJETA,CONFIRMADA,2,Laminado de cejas básico,Laminado de cejas,270.0,1h,2026-07-29 22:26:41.041652
4777,1210,2026-07-15 18:00:00,2026-06-28 18:00:00,11:00,TARJETA,CONFIRMADA,6,Uñas esculturales forma almendra ,Uñas esculturales,380.0,2 hrs,2026-07-29 22:26:32.217561
4765,1212,2026-07-15 18:00:00,2026-06-23 18:00:00,17:00,TRANSFERENCIA,CONFIRMADA,6,Uñas esculturales forma almendra ,Uñas esculturales,380.0,2 hrs,2026-07-29 22:26:32.753583
3256,1283,2026-07-15 18:00:00,2026-07-02 18:00:00,09:00,TRANSFERENCIA,CONFIRMADA,9,Laminado + depilación,Laminado de cejas,380.0,1h 30min,2026-07-29 22:26:52.128022
250,23,2026-07-16 12:00:00,2026-07-20 02:20:20.361000,17:00,TARJETA,CANCELADA,5,Softgel natural,Uñas Softgel,300.0,1h 30min,2026-04-16 02:10:54.846869
26,5,2026-07-16 15:00:00,2026-07-01 23:18:36.366000,15:00,TRANSFERENCIA,COMPLETADA,3,Baño acrílico clásico,Baño de acrílico,200.0,1h,2026-03-07 23:35:18.791000
46,24,2026-07-16 18:00:00,2026-07-16 16:22:18.408000,13:30,TRANSFERENCIA,CONFIRMADA,10,Lash lifting clásico,Lash lifting,350.0,1h,2026-07-07 05:20:37.047054
4571,1485,2026-07-16 18:00:00,2026-06-28 18:00:00,17:00,TRANSFERENCIA,CONFIRMADA,8,Uñas esculturales forma cuadrada,Uñas esculturales,350.0,2hrs,2026-07-29 22:27:47.402601
4049,1364,2026-07-16 18:00:00,2026-06-14 18:00:00,15:00,TRANSFERENCIA,CANCELADA,5,Softgel natural,Uñas Softgel,300.0,1h 30min,2026-07-29 22:27:13.819812
3753,1354,2026-07-16 18:00:00,2026-06-19 18:00:00,17:00,TARJETA,CANCELADA,10,Lash lifting clásico,Lash lifting,350.0,1h,2026-07-29 22:27:11.150947
3501,,2026-07-16 18:00:00,2026-07-10 18:00:00,11:00,TARJETA,CANCELADA,5,Softgel natural,Uñas Softgel,300.0,1h 30min,
45,5,2026-07-16 19:30:00,2026-07-16 16:18:26.389000,13:30,TRANSFERENCIA,CONFIRMADA,8,Uñas esculturales forma cuadrada,Uñas esculturales,350.0,2hrs,2026-03-07 23:35:18.791000
48,5,2026-07-16 22:00:00,2026-07-16 19:23:23.315000,16:00,TRANSFERENCIA,CONFIRMADA,12,Pedicura macro clásica,Pedicura Macro,320.0,1h 30min,2026-03-07 23:35:18.791000
41,24,2026-07-17 15:00:00,2026-07-13 01:27:51.545000,15:00,TRANSFERENCIA,PENDIENTE,10,Lash lifting clásico,Lash lifting,350.0,1h,2026-07-07 05:20:37.047054
47,7,2026-07-17 18:00:00,2026-07-16 16:32:20.762000,14:00,TRANSFERENCIA,CONFIRMADA,5,Softgel natural,Uñas Softgel,300.0,1h 30min,2026-03-07 23:51:22.616000
4144,1461,2026-07-17 18:00:00,2026-06-20 18:00:00,13:00,TARJETA,CANCELADA,5,Softgel natural,Uñas Softgel,300.0,1h 30min,2026-07-29 22:27:40.533740
4260,,2026-07-17 18:00:00,2026-06-30 18:00:00,17:00,EFECTIVO,CONFIRMADA,2,Laminado de cejas básico,Laminado de cejas,270.0,1h,
5026,1392,2026-07-17 18:00:00,2026-07-17 18:00:00,17:00,TARJETA,CONFIRMADA,12,Pedicura macro clásica,Pedicura Macro,320.0,1h 30min,2026-07-29 22:27:21.369299
4197,1381,2026-07-17 18:00:00,2026-06-13 18:00:00,11:00,TARJETA,CONFIRMADA,5,Softgel natural,Uñas Softgel,300.0,1h 30min,2026-07-29 22:27:18.430437
3272,1225,2026-07-17 18:00:00,2026-06-22 18:00:00,09:00,TARJETA,CONFIRMADA,9,Laminado + depilación,Laminado de cejas,380.0,1h 30min,2026-07-29 22:26:36.226527
4841,1495,2026-07-17 18:00:00,2026-06-30 18:00:00,13:00,TARJETA,CONFIRMADA,9,Laminado + depilación,Laminado de cejas,380.0,1h 30min,2026-07-29 22:27:50.076177
4850,1399,2026-07-17 18:00:00,2026-07-12 18:00:00,13:00,TARJETA,CONFIRMADA,11,Pedicura spa clásica ,Pedicura spa,280.0,1h 30min,2026-07-29 22:27:23.250454
3651,1265,2026-07-17 18:00:00,2026-07-07 18:00:00,13:00,TRANSFERENCIA,CONFIRMADA,9,Laminado + depilación,Laminado de cejas,380.0,1h 30min,2026-07-29 22:26:47.278967
3503,1431,2026-07-17 18:00:00,2026-07-06 18:00:00,15:00,TARJETA,CONFIRMADA,8,Uñas esculturales forma cuadrada,Uñas esculturales,350.0,2hrs,2026-07-29 22:27:32.528066
4203,,2026-07-17 18:00:00,2026-06-16 18:00:00,13:00,EFECTIVO,CONFIRMADA,4,Polygel forma coffin ,Uñas polygel,400.0,2h 30min,
4823,1269,2026-07-18 18:00:00,2026-07-02 18:00:00,15:00,TARJETA,CONFIRMADA,12,Pedicura macro clásica,Pedicura Macro,320.0,1h 30min,2026-07-29 22:26:48.375997
4417,1497,2026-07-18 18:00:00,2026-07-11 18:00:00,13:00,TARJETA,CONFIRMADA,12,Pedicura macro clásica,Pedicura Macro,320.0,1h 30min,2026-07-29 22:27:50.608683
5101,1294,2026-07-18 18:00:00,2026-06-22 18:00:00,11:00,TARJETA,CANCELADA,12,Pedicura macro clásica,Pedicura Macro,320.0,1h 30min,2026-07-29 22:26:55.064639
4321,1222,2026-07-18 18:00:00,2026-06-17 18:00:00,09:00,TARJETA,CONFIRMADA,12,Pedicura macro clásica,Pedicura Macro,320.0,1h 30min,2026-07-29 22:26:35.424769
4727,1508,2026-07-18 18:00:00,2026-06-23 18:00:00,13:00,TARJETA,CANCELADA,6,Uñas esculturales forma almendra ,Uñas esculturales,380.0,2 hrs,2026-07-29 22:27:53.551629
4326,1216,2026-07-18 18:00:00,2026-06-21 18:00:00,17:00,TARJETA,CONFIRMADA,10,Lash lifting clásico,Lash lifting,350.0,1h,2026-07-29 22:26:33.831042
5149,1335,2026-07-18 18:00:00,2026-07-13 18:00:00,17:00,TARJETA,CONFIRMADA,3,Baño acrílico clásico,Baño de acrílico,200.0,1h,2026-07-29 22:27:06.070151
4386,1496,2026-07-18 18:00:00,2026-07-12 18:00:00,09:00,TRANSFERENCIA,CONFIRMADA,11,Pedicura spa clásica ,Pedicura spa,280.0,1h 30min,2026-07-29 22:27:50.342204
3731,1458,2026-07-18 18:00:00,2026-06-25 18:00:00,13:00,TARJETA,CONFIRMADA,13,Pedicura en seco básica,Pedicura en seco terminado spa,300.0,1h 15min,2026-07-29 22:27:39.731458
3804,1506,2026-07-18 18:00:00,2026-06-16 18:00:00,11:00,TARJETA,CONFIRMADA,6,Uñas esculturales forma almendra ,Uñas esculturales,380.0,2 hrs,2026-07-29 22:27:53.018622
3430,1482,2026-07-18 18:00:00,2026-07-15 18:00:00,11:00,TARJETA,CONFIRMADA,5,Softgel natural,Uñas Softgel,300.0,1h 30min,2026-07-29 22:27:46.602817
3217,1344,2026-07-18 18:00:00,2026-06-26 18:00:00,13:00,TARJETA,CONFIRMADA,9,Laminado + depilación,Laminado de cejas,380.0,1h 30min,2026-07-29 22:27:08.477626
4289,1444,2026-07-20 18:00:00,2026-07-16 18:00:00,09:00,TARJETA,CONFIRMADA,9,Laminado + depilación,Laminado de cejas,380.0,1h 30min,2026-07-29 22:27:35.997836
3932,1210,2026-07-20 18:00:00,2026-06-24 18:00:00,09:00,TRANSFERENCIA,CANCELADA,5,Softgel natural,Uñas Softgel,300.0,1h 30min,2026-07-29 22:26:32.217561
5020,1367,2026-07-20 18:00:00,2026-06-16 18:00:00,11:00,TARJETA,CONFIRMADA,3,Baño acrílico clásico,Baño de acrílico,200.0,1h,2026-07-29 22:27:14.675340
3912,1218,2026-07-20 18:00:00,2026-07-10 18:00:00,09:00,TRANSFERENCIA,CANCELADA,4,Polygel forma coffin ,Uñas polygel,400.0,2h 30min,2026-07-29 22:26:34.360426
4463,1456,2026-07-20 18:00:00,2026-07-17 18:00:00,13:00,TARJETA,CONFIRMADA,8,Uñas esculturales forma cuadrada,Uñas esculturales,350.0,2hrs,2026-07-29 22:27:39.197474
4464,1480,2026-07-20 18:00:00,2026-06-24 18:00:00,09:00,TRANSFERENCIA,CANCELADA,9,Laminado + depilación,Laminado de cejas,380.0,1h 30min,2026-07-29 22:27:46.064460
4538,1382,2026-07-20 18:00:00,2026-07-20 18:00:00,13:00,TARJETA,CONFIRMADA,12,Pedicura macro clásica,Pedicura Macro,320.0,1h 30min,2026-07-29 22:27:18.697451
4504,1341,2026-07-20 18:00:00,2026-06-21 18:00:00,11:00,TARJETA,CANCELADA,12,Pedicura macro clásica,Pedicura Macro,320.0,1h 30min,2026-07-29 22:27:07.677763
4935,1472,2026-07-20 18:00:00,2026-06-20 18:00:00,13:00,TARJETA,CONFIRMADA,8,Uñas esculturales forma cuadrada,Uñas esculturales,350.0,2hrs,2026-07-29 22:27:43.836124
4590,1296,2026-07-20 18:00:00,2026-07-08 18:00:00,15:00,TRANSFERENCIA,CANCELADA,10,Lash lifting clásico,Lash lifting,350.0,1h,2026-07-29 22:26:55.600356
3610,,2026-07-20 18:00:00,2026-07-18 18:00:00,11:00,EFECTIVO,CANCELADA,3,Baño acrílico clásico,Baño de acrílico,200.0,1h,
3437,1323,2026-07-20 18:00:00,2026-07-01 18:00:00,11:00,TRANSFERENCIA,CONFIRMADA,8,Uñas esculturales forma cuadrada,Uñas esculturales,350.0,2hrs,2026-07-29 22:27:02.862022
5081,1421,2026-07-20 18:00:00,2026-07-02 18:00:00,13:00,TARJETA,CONFIRMADA,13,Pedicura en seco básica,Pedicura en seco terminado spa,300.0,1h 15min,2026-07-29 22:27:29.857169
3736,1312,2026-07-20 18:00:00,2026-07-17 18:00:00,09:00,TARJETA,CONFIRMADA,9,Laminado + depilación,Laminado de cejas,380.0,1h 30min,2026-07-29 22:26:59.924427
4130,,2026-07-20 18:00:00,2026-06-28 18:00:00,11:00,EFECTIVO,CANCELADA,10,Lash lifting clásico,Lash lifting,350.0,1h,
4912,1263,2026-07-20 18:00:00,2026-07-01 18:00:00,15:00,TARJETA,CONFIRMADA,9,Laminado + depilación,Laminado de cejas,380.0,1h 30min,2026-07-29 22:26:46.743880
4098,1443,2026-07-20 18:00:00,2026-07-07 18:00:00,17:00,TRANSFERENCIA,CONFIRMADA,13,Pedicura en seco básica,Pedicura en seco terminado spa,300.0,1h 15min,2026-07-29 22:27:35.731237
4856,1355,2026-07-20 18:00:00,2026-07-16 18:00:00,09:00,TRANSFERENCIA,CONFIRMADA,2,Laminado de cejas básico,Laminado de cejas,270.0,1h,2026-07-29 22:27:11.416886
3267,1216,2026-07-20 18:00:00,2026-07-06 18:00:00,11:00,TRANSFERENCIA,CONFIRMADA,10,Lash lifting clásico,Lash lifting,350.0,1h,2026-07-29 22:26:33.831042
3826,1364,2026-07-20 18:00:00,2026-07-12 18:00:00,11:00,TRANSFERENCIA,CANCELADA,13,Pedicura en seco básica,Pedicura en seco terminado spa,300.0,1h 15min,2026-07-29 22:27:13.819812
4659,1275,2026-07-20 18:00:00,2026-07-08 18:00:00,15:00,TARJETA,CONFIRMADA,2,Laminado de cejas básico,Laminado de cejas,270.0,1h,2026-07-29 22:26:49.982876
3960,1496,2026-07-20 18:00:00,2026-07-09 18:00:00,09:00,TARJETA,CONFIRMADA,8,Uñas esculturales forma cuadrada,Uñas esculturales,350.0,2hrs,2026-07-29 22:27:50.342204
4706,1415,2026-07-21 18:00:00,2026-07-15 18:00:00,17:00,TARJETA,CONFIRMADA,13,Pedicura en seco básica,Pedicura en seco terminado spa,300.0,1h 15min,2026-07-29 22:27:28.197749
3467,1288,2026-07-21 18:00:00,2026-07-10 18:00:00,17:00,TRANSFERENCIA,CONFIRMADA,12,Pedicura macro clásica,Pedicura Macro,320.0,1h 30min,2026-07-29 22:26:53.465308
3603,1517,2026-07-21 18:00:00,2026-07-08 18:00:00,17:00,TARJETA,CONFIRMADA,2,Laminado de cejas básico,Laminado de cejas,270.0,1h,2026-07-29 22:27:56.255876
3821,1280,2026-07-21 18:00:00,2026-06-30 18:00:00,13:00,TARJETA,CONFIRMADA,11,Pedicura spa clásica ,Pedicura spa,280.0,1h 30min,2026-07-29 22:26:51.319857
4986,1230,2026-07-21 18:00:00,2026-06-30 18:00:00,13:00,TARJETA,CONFIRMADA,6,Uñas esculturales forma almendra ,Uñas esculturales,380.0,2 hrs,2026-07-29 22:26:37.565033
3901,1451,2026-07-21 18:00:00,2026-06-27 18:00:00,17:00,TARJETA,CONFIRMADA,2,Laminado de cejas básico,Laminado de cejas,270.0,1h,2026-07-29 22:27:37.865260
3255,1414,2026-07-21 18:00:00,2026-07-03 18:00:00,17:00,TRANSFERENCIA,CANCELADA,6,Uñas esculturales forma almendra ,Uñas esculturales,380.0,2 hrs,2026-07-29 22:27:27.647727
3767,1395,2026-07-21 18:00:00,2026-07-16 18:00:00,11:00,TARJETA,CONFIRMADA,4,Polygel forma coffin ,Uñas polygel,400.0,2h 30min,2026-07-29 22:27:22.182588
3511,1464,2026-07-22 18:00:00,2026-07-17 18:00:00,11:00,TRANSFERENCIA,CANCELADA,4,Polygel forma coffin ,Uñas polygel,400.0,2h 30min,2026-07-29 22:27:41.333196
4244,1517,2026-07-22 18:00:00,2026-07-22 18:00:00,13:00,TARJETA,CONFIRMADA,12,Pedicura macro clásica,Pedicura Macro,320.0,1h 30min,2026-07-29 22:27:56.255876
4407,1207,2026-07-22 18:00:00,2026-06-24 18:00:00,17:00,TARJETA,CANCELADA,9,Laminado + depilación,Laminado de cejas,380.0,1h 30min,2026-07-29 22:26:31.415038
3450,1519,2026-07-22 18:00:00,2026-07-10 18:00:00,17:00,TARJETA,CONFIRMADA,11,Pedicura spa clásica ,Pedicura spa,280.0,1h 30min,2026-07-29 22:27:56.791372
4698,1336,2026-07-22 18:00:00,2026-06-18 18:00:00,13:00,TARJETA,CANCELADA,9,Laminado + depilación,Laminado de cejas,380.0,1h 30min,2026-07-29 22:27:06.335638
4721,1303,2026-07-22 18:00:00,2026-07-17 18:00:00,15:00,TARJETA,CONFIRMADA,11,Pedicura spa clásica ,Pedicura spa,280.0,1h 30min,2026-07-29 22:26:57.476011
35,5,2026-07-23 13:00:00,2026-07-11 23:00:34.919000,13:00,TRANSFERENCIA,COMPLETADA,9,Laminado + depilación,Laminado de cejas,380.0,1h 30min,2026-03-07 23:35:18.791000
49,5,2026-07-23 17:30:00,2026-07-17 07:42:57.705000,11:30,TRANSFERENCIA,CONFIRMADA,13,Pedicura en seco básica,Pedicura en seco terminado spa,300.0,1h 15min,2026-03-07 23:35:18.791000
4211,1225,2026-07-23 18:00:00,2026-07-09 18:00:00,15:00,TARJETA,CONFIRMADA,8,Uñas esculturales forma cuadrada,Uñas esculturales,350.0,2hrs,2026-07-29 22:26:36.226527
4872,1209,2026-07-23 18:00:00,2026-07-22 18:00:00,09:00,TRANSFERENCIA,CONFIRMADA,13,Pedicura en seco básica,Pedicura en seco terminado spa,300.0,1h 15min,2026-07-29 22:26:31.949502
4581,1285,2026-07-23 18:00:00,2026-07-21 18:00:00,13:00,TARJETA,CONFIRMADA,9,Laminado + depilación,Laminado de cejas,380.0,1h 30min,2026-07-29 22:26:52.662237
4535,,2026-07-23 18:00:00,2026-07-21 18:00:00,13:00,EFECTIVO,CONFIRMADA,11,Pedicura spa clásica ,Pedicura spa,280.0,1h 30min,
4596,1321,2026-07-23 18:00:00,2026-07-03 18:00:00,13:00,TRANSFERENCIA,CANCELADA,6,Uñas esculturales forma almendra ,Uñas esculturales,380.0,2 hrs,2026-07-29 22:27:02.328255
3658,1440,2026-07-23 18:00:00,2026-06-24 18:00:00,17:00,TARJETA,CONFIRMADA,13,Pedicura en seco básica,Pedicura en seco terminado spa,300.0,1h 15min,2026-07-29 22:27:34.930767
3763,1346,2026-07-23 18:00:00,2026-07-22 18:00:00,17:00,TARJETA,CONFIRMADA,5,Softgel natural,Uñas Softgel,300.0,1h 30min,2026-07-29 22:27:09.012255
3786,1427,2026-07-23 18:00:00,2026-07-07 18:00:00,17:00,TARJETA,CONFIRMADA,13,Pedicura en seco básica,Pedicura en seco terminado spa,300.0,1h 15min,2026-07-29 22:27:31.458812
5003,1354,2026-07-23 18:00:00,2026-06-24 18:00:00,13:00,TARJETA,CANCELADA,4,Polygel forma coffin ,Uñas polygel,400.0,2h 30min,2026-07-29 22:27:11.150947
4259,1369,2026-07-23 18:00:00,2026-06-21 18:00:00,15:00,TARJETA,CONFIRMADA,13,Pedicura en seco básica,Pedicura en seco terminado spa,300.0,1h 15min,2026-07-29 22:27:15.210352
489,7,2026-07-24 12:00:00,2026-07-20 02:20:22.263000,11:00,,CONFIRMADA,5,Softgel natural,Uñas Softgel,300.0,1h 30min,2026-03-07 23:51:22.616000
4202,1504,2026-07-24 18:00:00,2026-06-22 18:00:00,15:00,TARJETA,CONFIRMADA,8,Uñas esculturales forma cuadrada,Uñas esculturales,350.0,2hrs,2026-07-29 22:27:52.485584
3225,1356,2026-07-24 18:00:00,2026-07-03 18:00:00,13:00,TARJETA,CONFIRMADA,10,Lash lifting clásico,Lash lifting,350.0,1h,2026-07-29 22:27:11.683633
3854,1505,2026-07-24 18:00:00,2026-07-24 18:00:00,17:00,TARJETA,CANCELADA,11,Pedicura spa clásica ,Pedicura spa,280.0,1h 30min,2026-07-29 22:27:52.752296
4357,1387,2026-07-24 18:00:00,2026-07-22 18:00:00,13:00,TRANSFERENCIA,CANCELADA,8,Uñas esculturales forma cuadrada,Uñas esculturales,350.0,2hrs,2026-07-29 22:27:20.035247
4930,1335,2026-07-24 18:00:00,2026-07-16 18:00:00,11:00,TRANSFERENCIA,CONFIRMADA,3,Baño acrílico clásico,Baño de acrílico,200.0,1h,2026-07-29 22:27:06.070151
5008,1378,2026-07-24 18:00:00,2026-07-04 18:00:00,09:00,TRANSFERENCIA,CANCELADA,6,Uñas esculturales forma almendra ,Uñas esculturales,380.0,2 hrs,2026-07-29 22:27:17.618434
4409,1248,2026-07-24 18:00:00,2026-06-29 18:00:00,13:00,TARJETA,CANCELADA,2,Laminado de cejas básico,Laminado de cejas,270.0,1h,2026-07-29 22:26:42.672551
4817,1251,2026-07-25 18:00:00,2026-07-11 18:00:00,15:00,TARJETA,CONFIRMADA,3,Baño acrílico clásico,Baño de acrílico,200.0,1h,2026-07-29 22:26:43.473866
4437,1513,2026-07-25 18:00:00,2026-06-23 18:00:00,09:00,TRANSFERENCIA,CANCELADA,3,Baño acrílico clásico,Baño de acrílico,200.0,1h,2026-07-29 22:27:54.882069
4956,1360,2026-07-25 18:00:00,2026-06-20 18:00:00,11:00,TARJETA,CONFIRMADA,3,Baño acrílico clásico,Baño de acrílico,200.0,1h,2026-07-29 22:27:12.753768
3966,1418,2026-07-25 18:00:00,2026-07-22 18:00:00,11:00,TRANSFERENCIA,CONFIRMADA,5,Softgel natural,Uñas Softgel,300.0,1h 30min,2026-07-29 22:27:29.002155
3607,1447,2026-07-25 18:00:00,2026-07-23 18:00:00,13:00,TRANSFERENCIA,CONFIRMADA,10,Lash lifting clásico,Lash lifting,350.0,1h,2026-07-29 22:27:36.796818
4290,1415,2026-07-25 18:00:00,2026-06-28 18:00:00,15:00,TARJETA,CONFIRMADA,10,Lash lifting clásico,Lash lifting,350.0,1h,2026-07-29 22:27:28.197749
4923,1234,2026-07-25 18:00:00,2026-07-08 18:00:00,09:00,TARJETA,CANCELADA,2,Laminado de cejas básico,Laminado de cejas,270.0,1h,2026-07-29 22:26:38.633640
4578,1490,2026-07-25 18:00:00,2026-06-22 18:00:00,11:00,TARJETA,CANCELADA,13,Pedicura en seco básica,Pedicura en seco terminado spa,300.0,1h 15min,2026-07-29 22:27:48.740719
3372,1203,2026-07-25 18:00:00,2026-07-22 18:00:00,11:00,TARJETA,CANCELADA,13,Pedicura en seco básica,Pedicura en seco terminado spa,300.0,1h 15min,2026-07-29 22:26:30.343863
44,5,2026-07-25 22:00:00,2026-07-14 02:16:11.397000,16:00,TRANSFERENCIA,CONFIRMADA,6,Uñas esculturales forma almendra ,Uñas esculturales,380.0,2 hrs,2026-03-07 23:35:18.791000
4160,1238,2026-07-27 18:00:00,2026-07-27 18:00:00,17:00,TARJETA,CONFIRMADA,11,Pedicura spa clásica ,Pedicura spa,280.0,1h 30min,2026-07-29 22:26:39.704665
3914,1318,2026-07-27 18:00:00,2026-06-29 18:00:00,17:00,TRANSFERENCIA,CANCELADA,9,Laminado + depilación,Laminado de cejas,380.0,1h 30min,2026-07-29 22:27:01.525108
4779,1325,2026-07-27 18:00:00,2026-07-22 18:00:00,11:00,TRANSFERENCIA,CONFIRMADA,13,Pedicura en seco básica,Pedicura en seco terminado spa,300.0,1h 15min,2026-07-29 22:27:03.395498
4660,1464,2026-07-27 18:00:00,2026-07-05 18:00:00,13:00,TRANSFERENCIA,CANCELADA,11,Pedicura spa clásica ,Pedicura spa,280.0,1h 30min,2026-07-29 22:27:41.333196
4416,1509,2026-07-27 18:00:00,2026-06-26 18:00:00,11:00,TRANSFERENCIA,CONFIRMADA,11,Pedicura spa clásica ,Pedicura spa,280.0,1h 30min,2026-07-29 22:27:53.817578
4360,1475,2026-07-27 18:00:00,2026-07-19 18:00:00,09:00,TRANSFERENCIA,CONFIRMADA,6,Uñas esculturales forma almendra ,Uñas esculturales,380.0,2 hrs,2026-07-29 22:27:44.683786
4854,1517,2026-07-27 18:00:00,2026-07-20 18:00:00,13:00,TARJETA,CONFIRMADA,8,Uñas esculturales forma cuadrada,Uñas esculturales,350.0,2hrs,2026-07-29 22:27:56.255876
4428,1245,2026-07-27 18:00:00,2026-06-25 18:00:00,09:00,TRANSFERENCIA,CONFIRMADA,11,Pedicura spa clásica ,Pedicura spa,280.0,1h 30min,2026-07-29 22:26:41.870244
3750,1285,2026-07-27 18:00:00,2026-07-14 18:00:00,09:00,TRANSFERENCIA,CONFIRMADA,8,Uñas esculturales forma cuadrada,Uñas esculturales,350.0,2hrs,2026-07-29 22:26:52.662237
3424,1425,2026-07-27 18:00:00,2026-07-05 18:00:00,17:00,TARJETA,CANCELADA,2,Laminado de cejas básico,Laminado de cejas,270.0,1h,2026-07-29 22:27:30.925337
4194,1471,2026-07-27 18:00:00,2026-06-24 18:00:00,13:00,TARJETA,CONFIRMADA,11,Pedicura spa clásica ,Pedicura spa,280.0,1h 30min,2026-07-29 22:27:43.196392
3444,1469,2026-07-27 18:00:00,2026-07-12 18:00:00,09:00,TARJETA,CONFIRMADA,6,Uñas esculturales forma almendra ,Uñas esculturales,380.0,2 hrs,2026-07-29 22:27:42.667831
3680,1424,2026-07-27 18:00:00,2026-07-20 18:00:00,17:00,TARJETA,CONFIRMADA,4,Polygel forma coffin ,Uñas polygel,400.0,2h 30min,2026-07-29 22:27:30.658333
4931,1296,2026-07-27 18:00:00,2026-07-15 18:00:00,13:00,TRANSFERENCIA,CONFIRMADA,12,Pedicura macro clásica,Pedicura Macro,320.0,1h 30min,2026-07-29 22:26:55.600356
5135,,2026-07-27 18:00:00,2026-07-06 18:00:00,17:00,EFECTIVO,CANCELADA,10,Lash lifting clásico,Lash lifting,350.0,1h,
4252,1340,2026-07-27 18:00:00,2026-07-08 18:00:00,17:00,TRANSFERENCIA,CANCELADA,11,Pedicura spa clásica ,Pedicura spa,280.0,1h 30min,2026-07-29 22:27:07.411281
4552,1403,2026-07-27 18:00:00,2026-07-21 18:00:00,15:00,TARJETA,CONFIRMADA,6,Uñas esculturales forma almendra ,Uñas esculturales,380.0,2 hrs,2026-07-29 22:27:24.311489
4384,1279,2026-07-27 18:00:00,2026-07-16 18:00:00,17:00,TRANSFERENCIA,CANCELADA,13,Pedicura en seco básica,Pedicura en seco terminado spa,300.0,1h 15min,2026-07-29 22:26:51.052359
5098,1460,2026-07-28 18:00:00,2026-07-19 18:00:00,15:00,TARJETA,CONFIRMADA,5,Softgel natural,Uñas Softgel,300.0,1h 30min,2026-07-29 22:27:40.267678
3838,1375,2026-07-28 18:00:00,2026-07-12 18:00:00,15:00,TRANSFERENCIA,CONFIRMADA,10,Lash lifting clásico,Lash lifting,350.0,1h,2026-07-29 22:27:16.813876
4400,1239,2026-07-28 18:00:00,2026-07-22 18:00:00,13:00,TRANSFERENCIA,CONFIRMADA,3,Baño acrílico clásico,Baño de acrílico,200.0,1h,2026-07-29 22:26:39.972688
3930,1446,2026-07-28 18:00:00,2026-07-06 18:00:00,17:00,TRANSFERENCIA,CONFIRMADA,8,Uñas esculturales forma cuadrada,Uñas esculturales,350.0,2hrs,2026-07-29 22:27:36.531878
4301,,2026-07-28 18:00:00,2026-07-18 18:00:00,11:00,TARJETA,CONFIRMADA,9,Laminado + depilación,Laminado de cejas,380.0,1h 30min,
3978,1315,2026-07-28 18:00:00,2026-07-17 18:00:00,15:00,TARJETA,CANCELADA,11,Pedicura spa clásica ,Pedicura spa,280.0,1h 30min,2026-07-29 22:27:00.724138
4330,1342,2026-07-28 18:00:00,2026-07-18 18:00:00,09:00,TARJETA,CONFIRMADA,2,Laminado de cejas básico,Laminado de cejas,270.0,1h,2026-07-29 22:27:07.945739
4021,1270,2026-07-28 18:00:00,2026-06-25 18:00:00,09:00,TRANSFERENCIA,CANCELADA,12,Pedicura macro clásica,Pedicura Macro,320.0,1h 30min,2026-07-29 22:26:48.646780
919,8,2026-07-29 12:00:00,2026-07-20 02:20:25.656000,09:00,,PENDIENTE,10,Lash lifting clásico,Lash lifting,350.0,1h,2026-03-08 20:36:16.390000
3675,1219,2026-07-29 18:00:00,2026-07-19 18:00:00,13:00,TRANSFERENCIA,CONFIRMADA,3,Baño acrílico clásico,Baño de acrílico,200.0,1h,2026-07-29 22:26:34.625947
3800,1327,2026-07-29 18:00:00,2026-07-05 18:00:00,09:00,TARJETA,CONFIRMADA,11,Pedicura spa clásica ,Pedicura spa,280.0,1h 30min,2026-07-29 22:27:03.927042
3980,1319,2026-07-29 18:00:00,2026-07-14 18:00:00,09:00,TRANSFERENCIA,CONFIRMADA,5,Softgel natural,Uñas Softgel,300.0,1h 30min,2026-07-29 22:27:01.792669
4169,1369,2026-07-29 18:00:00,2026-06-28 18:00:00,13:00,TARJETA,CONFIRMADA,8,Uñas esculturales forma cuadrada,Uñas esculturales,350.0,2hrs,2026-07-29 22:27:15.210352
4855,1304,2026-07-29 18:00:00,2026-06-29 18:00:00,15:00,TARJETA,CONFIRMADA,8,Uñas esculturales forma cuadrada,Uñas esculturales,350.0,2hrs,2026-07-29 22:26:57.741506
4944,1286,2026-07-29 18:00:00,2026-07-07 18:00:00,17:00,TRANSFERENCIA,CONFIRMADA,8,Uñas esculturales forma cuadrada,Uñas esculturales,350.0,2hrs,2026-07-29 22:26:52.931779
4439,1245,2026-07-29 18:00:00,2026-07-17 18:00:00,11:00,TARJETA,CONFIRMADA,5,Softgel natural,Uñas Softgel,300.0,1h 30min,2026-07-29 22:26:41.870244
3775,1264,2026-07-29 18:00:00,2026-07-10 18:00:00,11:00,TARJETA,CONFIRMADA,12,Pedicura macro clásica,Pedicura Macro,320.0,1h 30min,2026-07-29 22:26:47.011754
3588,1411,2026-07-29 18:00:00,2026-07-21 18:00:00,11:00,TARJETA,CONFIRMADA,13,Pedicura en seco básica,Pedicura en seco terminado spa,300.0,1h 15min,2026-07-29 22:27:26.568072
3975,1268,2026-07-29 18:00:00,2026-07-20 18:00:00,13:00,TRANSFERENCIA,CONFIRMADA,13,Pedicura en seco básica,Pedicura en seco terminado spa,300.0,1h 15min,2026-07-29 22:26:48.107787
3436,1306,2026-07-29 18:00:00,2026-07-03 18:00:00,17:00,TARJETA,CONFIRMADA,5,Softgel natural,Uñas Softgel,300.0,1h 30min,2026-07-29 22:26:58.274595
634,23,2026-07-30 12:00:00,2026-07-20 02:20:23.402000,11:00,,CONFIRMADA,13,Pedicura en seco básica,Pedicura en seco terminado spa,300.0,1h 15min,2026-04-16 02:10:54.846869
4688,1363,2026-07-30 18:00:00,2026-07-28 18:00:00,13:00,TARJETA,CONFIRMADA,5,Softgel natural,Uñas Softgel,300.0,1h 30min,2026-07-29 22:27:13.553758
3261,1295,2026-07-30 18:00:00,2026-07-29 18:00:00,13:00,TRANSFERENCIA,CANCELADA,3,Baño acrílico clásico,Baño de acrílico,200.0,1h,2026-07-29 22:26:55.332162
4221,1421,2026-07-30 18:00:00,2026-07-20 18:00:00,13:00,TRANSFERENCIA,CONFIRMADA,6,Uñas esculturales forma almendra ,Uñas esculturales,380.0,2 hrs,2026-07-29 22:27:29.857169
3315,1387,2026-07-30 18:00:00,2026-07-13 18:00:00,15:00,TARJETA,CONFIRMADA,13,Pedicura en seco básica,Pedicura en seco terminado spa,300.0,1h 15min,2026-07-29 22:27:20.035247
